amplitude,K,T,world_count,u_count,mean_blind_coverage,mean_universal_grid_coverage,max_universal_grid_coverage,theorem_uniform_upper_bound,certified_universal_grid_max_upper,upper_numerical_check_holds,oracle_grid_coverage,mean_excess_over_oracle_grid,certified_continuous_excess_lower,target_grid_error,world_mean_quadrature_error,theorem_excess_lower_bound,numerical_check_holds,mean_cumulative_excess,theorem_cumulative_lower_bound
0.125,1,128,1024,101,0.011562491953372958,0.011562491953372958,0.031195092499256144,0.125,0.03142995578050614,True,0.0003125000000000003,0.011249991953372958,0.011070060312747957,0.000125,5.4931640625e-05,0.0015625,True,1.4399989700317386,0.2
0.125,2,128,1024,101,0.0038259747109413156,0.003921636026859284,0.01093185812425614,0.0625,0.01116672140550614,True,0.00039062500000000024,0.0034353497109413152,0.003255418070316315,0.000125,5.4931640625e-05,0.00078125,True,0.43972476300048835,0.1
0.125,4,128,1024,101,0.0015320730776786809,0.0016131407170295719,0.003513489067554473,0.03125,0.003748352348804473,True,0.00017578124999999975,0.0013562918276786812,0.0011763601870536811,0.000125,5.4931640625e-05,0.000390625,True,0.1736053539428712,0.05
0.125,8,128,1024,101,0.0007570070075988773,0.0008161295790672305,0.001269290009021761,0.015625,0.001504153290271761,True,8.30078124999998e-05,0.0006739991950988775,0.0004940675544738775,0.000125,5.4931640625e-05,0.0001953125,True,0.08627189697265632,0.025
0.125,16,128,1024,101,0.0004081362295150759,0.00044539488029480005,0.0005122270016670236,0.0078125,0.0007470902829170236,True,4.028320312500024e-05,0.00036785302639007563,0.00018792138576507564,0.000125,5.4931640625e-05,9.765625e-05,True,0.04708518737792968,0.0125
0.25,1,128,1024,101,0.023124983906745916,0.023124983906745916,0.06239018499851229,0.25,0.06285991156101228,True,0.0006250000000000006,0.022499983906745916,0.022140120625495915,0.00025,0.00010986328125,0.003125,True,2.879997940063477,0.4
0.25,2,128,1024,101,0.007651949421882631,0.007843272053718568,0.02186371624851228,0.125,0.02233344281101228,True,0.0007812500000000005,0.0068706994218826305,0.00651083614063263,0.00025,0.00010986328125,0.0015625,True,0.8794495260009767,0.2
0.25,4,128,1024,101,0.0030641461553573618,0.0032262814340591438,0.007026978135108946,0.0625,0.007496704697608946,True,0.0003515624999999995,0.0027125836553573623,0.0023527203741073623,0.00025,0.00010986328125,0.00078125,True,0.3472107078857424,0.1
0.25,8,128,1024,101,0.0015140140151977547,0.001632259158134461,0.002538580018043522,0.03125,0.003008306580543522,True,0.0001660156249999996,0.001347998390197755,0.000988135108947755,0.00025,0.00010986328125,0.000390625,True,0.17254379394531263,0.05
0.25,16,128,1024,101,0.0008162724590301518,0.0008907897605896001,0.0010244540033340472,0.015625,0.0014941805658340473,True,8.056640625000048e-05,0.0007357060527801513,0.0003758427715301513,0.00025,0.00010986328125,0.0001953125,True,0.09417037475585936,0.025
0.5,1,128,1024,101,0.04624996781349183,0.04624996781349183,0.12478036999702458,0.5,0.12571982312202457,True,0.0012500000000000011,0.04499996781349183,0.04428024125099183,0.0005,0.0002197265625,0.00625,True,5.759995880126954,0.8
0.5,2,128,1024,101,0.015303898843765262,0.015686544107437136,0.04372743249702456,0.25,0.04466688562202456,True,0.001562500000000001,0.013741398843765261,0.01302167228126526,0.0005,0.0002197265625,0.003125,True,1.7588990520019534,0.4
0.5,4,128,1024,101,0.0061282923107147235,0.0064525628681182876,0.014053956270217893,0.125,0.014993409395217892,True,0.000703124999999999,0.005425167310714725,0.0047054407482147245,0.0005,0.0002197265625,0.0015625,True,0.6944214157714848,0.2
0.5,8,128,1024,101,0.0030280280303955093,0.003264518316268922,0.005077160036087044,0.0625,0.006016613161087044,True,0.0003320312499999992,0.00269599678039551,0.00197627021789551,0.0005,0.0002197265625,0.00078125,True,0.34508758789062527,0.1
0.5,16,128,1024,101,0.0016325449180603037,0.0017815795211792002,0.0020489080066680944,0.03125,0.0029883611316680945,True,0.00016113281250000096,0.0014714121055603025,0.0007516855430603025,0.0005,0.0002197265625,0.000390625,True,0.18834074951171872,0.05
1.0,1,128,1024,101,0.09249993562698366,0.09249993562698366,0.24956073999404915,1.0,0.25143964624404913,True,0.0025000000000000022,0.08999993562698366,0.08856048250198366,0.001,0.000439453125,0.0125,True,11.519991760253909,1.6
1.0,2,128,1024,101,0.030607797687530525,0.03137308821487427,0.08745486499404911,0.5,0.08933377124404912,True,0.003125000000000002,0.027482797687530522,0.02604334456253052,0.001,0.000439453125,0.00625,True,3.517798104003907,0.8
1.0,4,128,1024,101,0.012256584621429447,0.012905125736236575,0.028107912540435785,0.25,0.029986818790435785,True,0.001406249999999998,0.01085033462142945,0.009410881496429449,0.001,0.000439453125,0.003125,True,1.3888428315429695,0.4
1.0,8,128,1024,101,0.006056056060791019,0.006529036632537844,0.010154320072174088,0.125,0.012033226322174089,True,0.0006640624999999984,0.00539199356079102,0.00395254043579102,0.001,0.000439453125,0.0015625,True,0.6901751757812505,0.2
1.0,16,128,1024,101,0.0032650898361206073,0.0035631590423584004,0.004097816013336189,0.0625,0.005976722263336189,True,0.0003222656250000019,0.002942824211120605,0.001503371086120605,0.001,0.000439453125,0.00078125,True,0.37668149902343745,0.1
2.0,1,128,1024,101,0.18499987125396733,0.18499987125396733,0.4991214799880983,2.0,0.5028792924880983,True,0.0050000000000000044,0.17999987125396733,0.17712096500396732,0.002,0.00087890625,0.025,True,23.039983520507818,3.2
2.0,2,128,1024,101,0.06121559537506105,0.06274617642974854,0.17490972998809823,1.0,0.17866754248809824,True,0.006250000000000004,0.054965595375061044,0.05208668912506104,0.002,0.00087890625,0.0125,True,7.035596208007814,1.6
2.0,4,128,1024,101,0.024513169242858894,0.02581025147247315,0.05621582508087157,0.5,0.05997363758087157,True,0.002812499999999996,0.0217006692428589,0.018821762992858898,0.002,0.00087890625,0.00625,True,2.777685663085939,0.8
2.0,8,128,1024,101,0.012112112121582037,0.013058073265075689,0.020308640144348175,0.25,0.024066452644348178,True,0.0013281249999999968,0.01078398712158204,0.00790508087158204,0.002,0.00087890625,0.003125,True,1.380350351562501,0.4
2.0,16,128,1024,101,0.006530179672241215,0.007126318084716801,0.008195632026672377,0.125,0.011953444526672378,True,0.0006445312500000038,0.00588564842224121,0.00300674217224121,0.002,0.00087890625,0.0015625,True,0.7533629980468749,0.2
