case_id,experiment_id,horizon,dimension,objectives,drift,radius,width_slope_fraction,seed,algorithm,preference_mode,fixed_weights,eta,regret,midpoint_regret,path_variation,two_location_width,uniform_width,online_term,drift_term,gradient_term,theorem_bound,finite_grid_coverage,bound_respected
1,EXP-01,8,2,2,0.1,0.0,0.25,17,midpoint,fixed,"[0.5, 0.5]",0.08,0.136544413838801,0.136544413838801,0.4128243137240425,0.0,0.0,12.500000000000002,7.2977717918238305,2.5600000000000005,22.357771791823836,,True
2,EXP-02,8,2,2,0.1,0.05,0.25,17,midpoint,fixed,"[0.5, 0.5]",0.08,0.15791039024611703,0.13373191383880095,0.4128243137240425,0.7999999999999999,1.0,12.500000000000002,7.2977717918238305,2.5600000000000005,23.157771791823837,,True
3,EXP-02,8,2,2,0.1,0.1,0.25,17,midpoint,fixed,"[0.5, 0.5]",0.08,0.18490136665343304,0.12529441383880102,0.4128243137240425,1.5999999999999999,2.0,12.500000000000002,7.2977717918238305,2.5600000000000005,23.957771791823838,,True
4,EXP-03,8,2,2,0.0,0.05,0.25,17,midpoint,fixed,"[0.5, 0.5]",0.08,0.09708835223592592,0.07371119575556032,0.0,0.7999999999999999,1.0,12.500000000000002,0.0,2.5600000000000005,15.860000000000003,,True
5,EXP-03,8,2,2,0.1,0.05,0.25,17,midpoint,fixed,"[0.5, 0.5]",0.08,0.15791039024611703,0.13373191383880095,0.4128243137240425,0.7999999999999999,1.0,12.500000000000002,7.2977717918238305,2.5600000000000005,23.157771791823837,,True
6,EXP-03,8,2,2,0.2,0.05,0.25,17,midpoint,fixed,"[0.5, 0.5]",0.08,0.3232035742539545,0.29822377791968807,0.8256486274480854,0.7999999999999999,1.0,12.500000000000002,14.595543583647666,2.5600000000000005,30.45554358364767,,True
7,EXP-04,4,2,2,0.1,0.05,0.25,17,midpoint,fixed,"[0.5, 0.5]",0.08,0.10392654370253862,0.08954107174356905,0.3430717325440487,0.4,0.5,12.500000000000002,6.06470871288286,1.2800000000000002,20.24470871288286,,True
8,EXP-04,8,2,2,0.1,0.05,0.25,17,midpoint,fixed,"[0.5, 0.5]",0.08,0.15791039024611703,0.13373191383880095,0.4128243137240425,0.7999999999999999,1.0,12.500000000000002,7.2977717918238305,2.5600000000000005,23.157771791823837,,True
9,EXP-04,16,2,2,0.1,0.05,0.25,17,midpoint,fixed,"[0.5, 0.5]",0.08,0.22130475094208615,0.18355462164967667,0.44555586134863745,1.6000000000000003,2.0,12.500000000000002,7.876389273925868,5.120000000000001,27.096389273925872,,True
10,EXP-05,8,2,2,0.0,0.0,0.25,17,midpoint,fixed,"[0.5, 0.5]",0.08,0.07652369575556031,0.07652369575556031,0.0,0.0,0.0,12.500000000000002,0.0,2.5600000000000005,15.060000000000002,,True
11,EXP-05,8,2,2,0.1,0.0,0.25,17,midpoint,fixed,"[0.5, 0.5]",0.08,0.136544413838801,0.136544413838801,0.4128243137240425,0.0,0.0,12.500000000000002,7.2977717918238305,2.5600000000000005,22.357771791823836,,True
12,EXP-05,8,2,2,0.0,0.05,0.25,17,midpoint,fixed,"[0.5, 0.5]",0.08,0.09708835223592592,0.07371119575556032,0.0,0.7999999999999999,1.0,12.500000000000002,0.0,2.5600000000000005,15.860000000000003,,True
13,EXP-05,8,2,2,0.1,0.05,0.25,17,midpoint,fixed,"[0.5, 0.5]",0.08,0.15791039024611703,0.13373191383880095,0.4128243137240425,0.7999999999999999,1.0,12.500000000000002,7.2977717918238305,2.5600000000000005,23.157771791823837,,True
14,EXP-06,8,2,1,0.1,0.05,0.25,17,midpoint,fixed,[1.0],0.08,0.2712715707182183,0.25356019082411585,0.5259941788792144,0.7977990049013333,1.0,12.500000000000002,9.29835126875356,2.5600000000000005,25.156150273654898,,True
15,EXP-06,8,2,2,0.1,0.05,0.25,17,midpoint,fixed,"[0.5, 0.5]",0.08,0.15791039024611703,0.13373191383880095,0.4128243137240425,0.7999999999999999,1.0,12.500000000000002,7.2977717918238305,2.5600000000000005,23.157771791823837,,True
16,EXP-06,8,2,3,0.1,0.05,0.25,17,midpoint,fixed,"[0.3333333333333333, 0.3333333333333333, 0.3333333333333333]",0.08,0.05306713356786838,0.04797153740702071,0.21270171063812396,0.7956722917663709,1.0,12.500000000000002,3.760070549054907,2.5600000000000005,19.615742840821284,,True
17,EXP-07,8,1,2,0.1,0.05,0.25,17,midpoint,fixed,"[0.5, 0.5]",0.08,0.04705555105123052,0.018094171157128087,0.27077527740707796,0.7940490049013333,1.0,6.25,3.3846909675884747,1.28,11.708739972489807,0.47226072050593815,True
18,EXP-07,8,2,2,0.1,0.05,0.25,17,midpoint,fixed,"[0.5, 0.5]",0.08,0.15791039024611703,0.13373191383880095,0.4128243137240425,0.7999999999999999,1.0,12.500000000000002,7.2977717918238305,2.5600000000000005,23.157771791823837,,True
19,EXP-07,8,3,2,0.1,0.05,0.25,17,midpoint,fixed,"[0.5, 0.5]",0.08,0.1410160859347174,0.13837417624539333,0.37980942413799335,0.797332922728271,1.0,18.749999999999996,8.22311524750602,3.8399999999999994,31.610448170234285,,True
20,DIAG-single-action-front,8,1,2,0.1,0.05,0.25,17,midpoint,fixed,"[0.5, 0.5]",0.08,0.04705555105123052,0.018094171157128087,0.27077527740707796,0.7940490049013333,1.0,6.25,3.3846909675884747,1.28,11.708739972489807,0.47226072050593815,True
21,EXP-09,8,2,2,0.1,0.05,0.5,17,midpoint,fixed,"[0.5, 0.5]",0.08,0.150163398110345,0.135294413838801,0.4128243137240425,0.7999999999999999,1.2000000000000002,12.500000000000002,7.2977717918238305,2.5600000000000005,23.157771791823837,,True
22,EXP-09,8,2,2,0.1,0.05,0.5,17,upper,fixed,"[0.5, 0.5]",0.08,0.150163398110345,0.135294413838801,0.4128243137240425,0.7999999999999999,1.2000000000000002,12.500000000000002,7.2977717918238305,2.5600000000000005,23.157771791823837,,
23,EXP-09,8,2,2,0.1,0.05,0.5,17,lower,fixed,"[0.5, 0.5]",0.08,0.150163398110345,0.135294413838801,0.4128243137240425,0.7999999999999999,1.2000000000000002,12.500000000000002,7.2977717918238305,2.5600000000000005,23.157771791823837,,
24,EXP-09,8,2,2,0.1,0.05,0.5,17,static,fixed,"[0.5, 0.5]",0.08,0.26106301951433164,0.23842205250615198,0.4128243137240425,0.7999999999999999,1.2000000000000002,12.500000000000002,7.2977717918238305,2.5600000000000005,23.157771791823837,,
25,DIAG-theorem,8,2,2,0.1,0.05,0.25,17,midpoint,fixed,"[0.5, 0.5]",0.08,0.15791039024611703,0.13373191383880095,0.4128243137240425,0.7999999999999999,1.0,12.500000000000002,7.2977717918238305,2.5600000000000005,23.157771791823837,,True
26,DIAG-preference-cycling,8,2,2,0.1,0.05,0.25,17,midpoint,cycling,,0.08,0.2070957447240634,0.17455146734510163,1.0173188115376262,0.8041149553467195,1.0,12.500000000000002,17.98382575667237,2.5600000000000005,33.847940712019096,,True
