batch,n0,n1,observed_logloss_center,observed_gap_center,risk_radius,gap_radius,resource_radius,weighted_half_width
1,132,124,0.6931471805599453,0.0,3.111545377185955,6.03225232233578,0.0,3.394074150099131
2,154,102,0.5408013211571034,0.0009351025128589638,3.111545377185955,6.12624782574149,0.0,3.4081734756099875
3,118,138,0.4419532949657987,0.00010219552264765369,3.111545377185955,6.043905888054216,0.0,3.3958221849568964
4,122,134,0.36850796986681533,0.0026174972984014597,3.111545377185955,6.035019058016614,0.0,3.3944891604512564
5,138,118,0.29548768799701164,0.0007962616088653188,3.111545377185955,6.043905888054216,0.0,3.3958221849568964
6,148,108,0.2873638202548289,0.001681585604698936,3.111545377185955,6.086252178924144,0.0,3.4021741285873857
7,119,137,0.28358978284515957,0.0006786424430741331,3.111545377185955,6.041262300784574,0.0,3.39542564686645
8,123,133,0.28614395745824095,0.00018244193599731978,3.111545377185955,6.033496742929528,0.0,3.3942608131881933
9,136,120,0.21921703733051126,0.0026775835447678253,3.111545377185955,6.038900791796482,0.0,3.3950714205182364
10,140,116,0.21912132544106463,0.0009341120365441019,3.111545377185955,6.05004518830987,0.0,3.3967430799952445
11,144,112,0.2392263364389169,0.0035860217708360564,3.111545377185955,6.065782570720993,0.0,3.399103687356913
12,114,142,0.2108362524243903,0.0005663370339113044,3.111545377185955,6.057332078158741,0.0,3.397836113472575
13,120,136,0.25268351964377855,0.0028174307520253405,3.111545377185955,6.038900791796482,0.0,3.3950714205182364
14,115,141,0.19697505274506127,0.0023947173866478502,3.111545377185955,6.053544246392822,0.0,3.3972679387076874
15,142,114,0.22356186838457798,0.008168162630982745,3.111545377185955,6.057332078158741,0.0,3.397836113472575
16,141,115,0.19156811130792628,0.0021785418930399814,3.111545377185955,6.053544246392822,0.0,3.3972679387076874
17,113,143,0.2628839066694397,0.0009040978262114321,3.111545377185955,6.0614107680064695,0.0,3.398447916949735
18,154,102,0.22921727253352878,0.005001946669479451,3.111545377185955,6.12624782574149,0.0,3.4081734756099875
19,186,70,0.2382904866127261,0.0003841940182173695,3.111545377185955,6.578197955307224,0.0,3.475965995044848
20,162,94,0.25833209245299105,0.00021748004029111673,3.111545377185955,6.198307261440859,0.0,3.418982390964893
21,170,86,0.2242524579801988,0.0019197034106979288,3.111545377185955,6.294491181834042,0.0,3.4334099790238706
22,178,78,0.2793241420198048,0.0013902857808911415,3.111545377185955,6.419051177986525,0.0,3.452093978446743
23,176,80,0.24554280285236796,0.0027713182966807998,3.111545377185955,6.3849524788219725,0.0,3.44697917357206
24,166,90,0.2025504621193257,0.0015961776679443568,3.111545377185955,6.2431552412325795,0.0,3.425709587933651
25,163,93,0.29444431559041906,0.0005530698992993396,3.111545377185955,6.208938649322981,0.0,3.420577099147211
26,161,95,0.3367603183618588,0.001103677231155134,3.111545377185955,6.188051122252272,0.0,3.417443970086605
27,172,84,0.1836564471637726,0.0004412281329734674,3.111545377185955,6.322767834077663,0.0,3.4376514768604136
28,180,76,0.3204327120962304,0.0005662419486451298,3.111545377185955,6.455297393433148,0.0,3.4575309107637366
29,170,86,0.2762381322244445,0.00170503734087106,3.111545377185955,6.294491181834042,0.0,3.4334099790238706
30,160,96,0.2931041420572088,0.004515919021503431,3.111545377185955,6.178163628679769,0.0,3.4159608460507296
31,172,84,0.23236623021231254,0.0003456793367196745,3.111545377185955,6.322767834077663,0.0,3.4376514768604136
32,165,91,0.19476964949878273,0.0019532839624533047,3.111545377185955,6.231355204389332,0.0,3.423939582407164
33,180,76,0.23895969011620458,0.0003851250159361136,3.111545377185955,6.455297393433148,0.0,3.4575309107637366
34,91,165,0.22917776256765293,0.007157044846372071,3.111545377185955,6.231355204389332,0.0,3.423939582407164
35,78,178,0.23779940259599083,0.0016729445344018587,3.111545377185955,6.419051177986525,0.0,3.452093978446743
36,47,209,0.29237293711770784,0.008312379651687504,3.111545377185955,7.335123293556505,0.0,3.58950479578224
37,45,211,0.19288484325702193,0.007664173191294053,3.111545377185955,7.4332813024005375,0.0,3.6042284971088447
38,71,185,0.20000642419216763,0.009935987058203102,3.111545377185955,6.5561352412464995,0.0,3.472656587935739
39,146,110,0.21884134770423253,0.013206137572777776,3.111545377185955,6.075415407643043,0.0,3.4005486128952205
40,157,99,0.23582316504622403,0.003714165006802994,3.111545377185955,6.150651543650131,0.0,3.4118340332962838
41,154,102,0.16077266076915095,0.005205360112918472,3.111545377185955,6.12624782574149,0.0,3.4081734756099875
42,116,140,0.15623196663819516,0.14683910992638147,3.111545377185955,6.05004518830987,0.0,3.3967430799952445
43,85,171,0.3371600701106734,0.0005157688731399282,3.111545377185955,6.308404000115543,0.0,3.4354969017660957
44,120,136,0.2655128691414151,0.0034710970245616507,3.111545377185955,6.038900791796482,0.0,3.3950714205182364
45,121,135,0.239460364031583,0.0010088101706194272,3.111545377185955,6.036820084753119,0.0,3.394759314461732
46,129,127,0.24631937214912825,0.0010743411208960219,3.111545377185955,6.030180503963651,0.0,3.393763377343312
47,153,103,0.24506221512360027,0.0008051264400530736,3.111545377185955,6.118780416286548,0.0,3.4070533641917464
48,157,99,0.28598769283578207,0.002790409682857181,3.111545377185955,6.150651543650131,0.0,3.4118340332962838
49,123,133,0.3705833765575918,0.0016825729453879418,3.111545377185955,6.033496742929528,0.0,3.3942608131881933
50,141,115,0.2106278636408267,0.003782657608065801,3.111545377185955,6.053544246392822,0.0,3.3972679387076874
51,157,99,0.23431287526098754,0.0017428908968858195,3.111545377185955,6.150651543650131,0.0,3.4118340332962838
52,147,109,0.16356229384625037,0.003647713957435031,3.111545377185955,6.080681837163498,0.0,3.4013385773232887
53,151,105,0.15115962491988788,0.0013893717068103328,3.111545377185955,6.104819334981264,0.0,3.404959201995954
54,136,120,0.22886294418845365,0.0010149278256182392,3.111545377185955,6.038900791796482,0.0,3.3950714205182364
55,116,140,0.18273724355551554,0.002365099269434019,3.111545377185955,6.05004518830987,0.0,3.3967430799952445
56,137,119,0.22810093101404316,0.00379738916459655,3.111545377185955,6.041262300784574,0.0,3.39542564686645
57,131,125,0.17133257673328645,0.0027901598620883455,3.111545377185955,6.0312851293365455,0.0,3.393929071149246
58,74,182,0.18841724407019933,0.0009696512104029609,3.111545377185955,6.493812348296622,0.0,3.4633081539932573
59,74,182,0.18761199692134795,0.003744388907302762,3.111545377185955,6.493812348296622,0.0,3.4633081539932573
60,107,149,0.1784633464606785,0.006467049908097308,3.111545377185955,6.092129599724122,0.0,3.4030557417073823
61,131,125,0.10965900791678845,0.00303810559626376,3.111545377185955,6.0312851293365455,0.0,3.393929071149246
62,142,114,0.45311389466882906,0.11728970897812718,3.111545377185955,6.057332078158741,0.0,3.397836113472575
63,82,174,0.33504020725930056,0.00018027258857192252,3.111545377185955,6.3528913263242766,0.0,3.4421700006974056
64,113,143,0.3005994194433411,0.00027347763605330144,3.111545377185955,6.0614107680064695,0.0,3.398447916949735
65,116,140,0.26413369916083085,0.00340276900067972,3.111545377185955,6.05004518830987,0.0,3.3967430799952445
66,128,128,0.24292614672122215,0.0052430902637794555,3.111545377185955,6.030042481101548,0.0,3.393742673913996
67,126,130,0.20918927015013006,0.003033384978624723,3.111545377185955,6.030594646277397,0.0,3.3938254986903735
68,174,82,0.2688445206044218,0.002284803696384813,3.111545377185955,6.3528913263242766,0.0,3.4421700006974056
69,167,89,0.24936507926140244,0.0008999458259907472,3.111545377185955,6.255360296675076,0.0,3.4275403462500256
70,146,110,0.25257723872251153,0.00921447612568331,3.111545377185955,6.075415407643043,0.0,3.4005486128952205
71,161,95,0.2481711509438143,0.00017211941662542002,3.111545377185955,6.188051122252272,0.0,3.417443970086605
72,160,96,0.2750118685954718,0.0046355817285568535,3.111545377185955,6.178163628679769,0.0,3.4159608460507296
73,169,87,0.19500403643402509,0.001226266926295183,3.111545377185955,6.281019297930367,0.0,3.431389196438319
74,119,137,0.3049937823931786,0.0025281565167556558,3.111545377185955,6.041262300784574,0.0,3.39542564686645
75,100,156,0.222397610081072,0.0060067952057327595,3.111545377185955,6.14217858989092,0.0,3.4105630902324022
76,87,169,0.20381189965034163,0.003274024881356377,3.111545377185955,6.281019297930367,0.0,3.431389196438319
77,190,66,1.106704236650046,0.0042065622850562465,3.111545377185955,6.673459860799369,0.0,3.4902552808686695
78,131,125,0.4075656179340561,0.00037806518321305965,3.111545377185955,6.0312851293365455,0.0,3.393929071149246
79,145,111,0.4545553753072043,0.0009338751865183986,3.111545377185955,6.070449915059634,0.0,3.3998037890077093
80,127,129,0.5688551443789962,0.0031331178792959463,3.111545377185955,6.030180503963651,0.0,3.393763377343312
81,145,111,0.29783472473497796,0.00025362839336014187,3.111545377185955,6.070449915059634,0.0,3.3998037890077093
82,133,123,0.32576102359569514,0.0009619254962981924,3.111545377185955,6.033496742929528,0.0,3.3942608131881933
83,145,111,0.3174714517512828,0.001783268678264928,3.111545377185955,6.070449915059634,0.0,3.3998037890077093
84,127,129,0.3081500263851892,0.0016007851394656408,3.111545377185955,6.030180503963651,0.0,3.393763377343312
85,142,114,0.36403112751910205,0.005490658366579804,3.111545377185955,6.057332078158741,0.0,3.397836113472575
86,133,123,0.9950743505786064,0.007295949478758043,3.111545377185955,6.033496742929528,0.0,3.3942608131881933
87,140,116,0.8238911042383099,0.0005028492585507222,3.111545377185955,6.05004518830987,0.0,3.3967430799952445
88,137,119,0.43520300561837655,0.0006944717637919345,3.111545377185955,6.041262300784574,0.0,3.39542564686645
89,156,100,0.30689076685506367,0.00243492206853934,3.111545377185955,6.14217858989092,0.0,3.4105630902324022
90,164,92,0.293222504366087,0.0007040790487890525,3.111545377185955,6.219952210379759,0.0,3.422229133305728
91,165,91,0.28321484733391566,0.0016028868285502818,3.111545377185955,6.231355204389332,0.0,3.423939582407164
92,192,64,0.2542013671423561,0.0006562493449669554,3.111545377185955,6.725638463564038,0.0,3.4980820712833696
93,156,100,0.2957875382935576,0.003372253355162863,3.111545377185955,6.14217858989092,0.0,3.4105630902324022
94,178,78,0.24222809966571412,0.0015367350674561492,3.111545377185955,6.419051177986525,0.0,3.452093978446743
95,178,78,0.22273505039925967,0.001285102835573343,3.111545377185955,6.419051177986525,0.0,3.452093978446743
96,187,69,0.2395569755041324,0.00822522681009176,3.111545377185955,6.600939023932012,0.0,3.479377155338566
97,176,80,0.2125161044896148,0.0030164830909393953,3.111545377185955,6.3849524788219725,0.0,3.44697917357206
98,174,82,0.273519301940426,0.006329899470479183,3.111545377185955,6.3528913263242766,0.0,3.4421700006974056
99,178,78,0.29672225722979084,0.0004967160194560977,3.111545377185955,6.419051177986525,0.0,3.452093978446743
100,183,73,0.2891322701899563,0.003672607982529476,3.111545377185955,6.513961890600119,0.0,3.466330585338782
101,184,72,0.2791952918564211,0.0004371195515514778,3.111545377185955,6.534729870106683,0.0,3.4694457822647666
102,201,55,0.27987424897000224,0.007946386389886706,3.111545377185955,7.005545402643371,0.0,3.5400681121452697
103,212,44,0.32894298732007643,0.006877194721716495,3.111545377185955,7.4851955110255135,0.0,3.6120156284025913
104,204,52,0.2876010571465714,0.002648789071675914,3.111545377185955,7.118607203133873,0.0,3.557027382218845
105,164,92,0.31188179926607523,0.022046903152671216,3.111545377185955,6.219952210379759,0.0,3.422229133305728
106,179,77,0.330179528518175,0.02083912630737268,3.111545377185955,6.4368985483580925,0.0,3.454771084002478
107,151,105,0.3124731467627264,0.009147029436060446,3.111545377185955,6.104819334981264,0.0,3.404959201995954
108,148,108,0.41390715843847514,0.005007393235361236,3.111545377185955,6.086252178924144,0.0,3.4021741285873857
109,165,91,0.5629155600498488,6.032381172688117e-05,3.111545377185955,6.231355204389332,0.0,3.423939582407164
110,163,93,0.6857238132497441,0.008995089779577387,3.111545377185955,6.208938649322981,0.0,3.420577099147211
111,179,77,0.8439362428394542,0.002088250533849048,3.111545377185955,6.4368985483580925,0.0,3.454771084002478
112,165,91,0.7669927908534033,0.0020867854670222133,3.111545377185955,6.231355204389332,0.0,3.423939582407164
113,127,129,0.7001095502230517,0.002958190185200285,3.111545377185955,6.030180503963651,0.0,3.393763377343312
114,122,134,0.6722585823708754,0.003901921077120299,3.111545377185955,6.035019058016614,0.0,3.3944891604512564
115,156,100,0.6209846199912801,0.001139633626775688,3.111545377185955,6.14217858989092,0.0,3.4105630902324022
116,115,141,0.657459720446823,0.0014224705368482832,3.111545377185955,6.053544246392822,0.0,3.3972679387076874
117,91,165,0.6916661199572065,0.0022750756815486453,3.111545377185955,6.231355204389332,0.0,3.423939582407164
118,131,125,0.6868150525093348,0.0010948098957550972,3.111545377185955,6.0312851293365455,0.0,3.393929071149246
119,136,120,0.7152756950514136,0.006633985224590959,3.111545377185955,6.038900791796482,0.0,3.3950714205182364
120,126,130,0.7521446986857623,0.0023944047376231598,3.111545377185955,6.030594646277397,0.0,3.3938254986903735
121,117,139,0.8123184861258235,0.04062799051403547,3.111545377185955,6.046832986604354,0.0,3.396261249739417
122,136,120,0.7850635745220009,0.003528612644131693,3.111545377185955,6.038900791796482,0.0,3.3950714205182364
123,120,136,0.796217990987017,0.009944405963421818,3.111545377185955,6.038900791796482,0.0,3.3950714205182364
124,177,79,0.7279960411856321,0.006838396304820173,3.111545377185955,6.401740511200117,0.0,3.4494973784287817
125,163,93,0.7509761188236715,0.002993626164845241,3.111545377185955,6.208938649322981,0.0,3.420577099147211
126,123,133,0.7466597059777969,0.001630744252400361,3.111545377185955,6.033496742929528,0.0,3.3942608131881933
127,156,100,0.6932601222705992,0.0017385422454274796,3.111545377185955,6.14217858989092,0.0,3.4105630902324022
128,153,103,0.68562521807134,0.09829603450997615,3.111545377185955,6.118780416286548,0.0,3.4070533641917464
