case_id,experiment_id,algorithm,preference_mode,t,action,comparator,weights,latent_weighted_action,latent_weighted_comparator,midpoint_weighted_action,midpoint_weighted_comparator,action_widths,comparator_widths,width_term
1,EXP-01,midpoint,fixed,1,"[0.5, 0.5]","[0.6713059889364359, 0.3829390423053988]","[0.5, 0.5]",0.05299004702054887,0.009941037358681338,0.05299004702054887,0.009941037358681338,"[0.0, 0.0]","[0.0, 0.0]",0.0
1,EXP-01,midpoint,fixed,2,"[0.5274089582298297, 0.4812702467688638]","[0.6265377654924511, 0.32904937300840875]","[0.5, 0.5]",0.05004414175007522,0.017046426912368885,0.05004414175007522,0.017046426912368885,"[0.0, 0.0]","[0.0, 0.0]",0.0
1,EXP-01,midpoint,fixed,3,"[0.5432695673918492, 0.456914906967191]","[0.5666369617457876, 0.3063316759549761]","[0.5, 0.5]",0.042162692414960706,0.01894134783399016,0.042162692414960706,0.01894134783399016,"[0.0, 0.0]","[0.0, 0.0]",0.0
1,EXP-01,midpoint,fixed,4,"[0.5470083504884793, 0.4328215900052366]","[0.5266926561341918, 0.3280936699731185]","[0.5, 0.5]",0.0293807109104217,0.01800004623907115,0.0293807109104217,0.01800004623907115,"[0.0, 0.0]","[0.0, 0.0]",0.0
1,EXP-01,midpoint,fixed,5,"[0.5437578393917933, 0.4160651228000977]","[0.5301036811453609, 0.38158747411129024]","[0.5, 0.5]",0.0170389194227601,0.015663775126232654,0.0170389194227601,0.015663775126232654,"[0.0, 0.0]","[0.0, 0.0]",0.0
1,EXP-01,midpoint,fixed,6,"[0.5415731740723642, 0.4105486990098885]","[0.5748719045893457, 0.43547714340828036]","[0.5, 0.5]",0.011547058130374047,0.009816825336207775,0.011547058130374047,0.009816825336207775,"[0.0, 0.0]","[0.0, 0.0]",0.0
1,EXP-01,midpoint,fixed,7,"[0.5469009709550812, 0.4145372501136312]","[0.6347727083360092, 0.458194840461713]","[0.5, 0.5]",0.012621836892221603,0.002994409466877893,0.012621836892221603,0.002994409466877893,"[0.0, 0.0]","[0.0, 0.0]",0.0
1,EXP-01,midpoint,fixed,8,"[0.5609604489360297, 0.4215224645693243]","[0.6747170139476049, 0.4364328464435706]","[0.5, 0.5]",0.015840146869002824,0.0026772712981342323,0.015840146869002824,0.0026772712981342323,"[0.0, 0.0]","[0.0, 0.0]",0.0
2,EXP-02,midpoint,fixed,1,"[0.5, 0.5]","[0.6900559889364359, 0.3829390423053988]","[0.5, 0.5]",0.05299004702054887,0.003165500273564988,0.05299004702054887,0.010292599858681337,"[0.10000000000000002, 0.1]","[0.10767792366577593, 0.09232207633422408]",0.1
2,EXP-02,midpoint,fixed,2,"[0.5274089582298297, 0.4812702467688638]","[0.6452877654924511, 0.32904937300840875]","[0.5, 0.5]",0.04901630581645661,0.011949698206401967,0.05004414175007522,0.017397989412368885,"[0.10115346778652416, 0.09884653221347586]","[0.10790595981210106, 0.09209404018789895]",0.1
2,EXP-02,midpoint,fixed,3,"[0.5432695673918492, 0.456914906967191]","[0.5853869617457876, 0.3063316759549761]","[0.5, 0.5]",0.04054008363776636,0.016090899268523123,0.042162692414960706,0.01929291033399016,"[0.10215886651061645, 0.09784113348938356]","[0.10697638214477029, 0.09302361785522972]",0.1
2,EXP-02,midpoint,fixed,4,"[0.5470083504884793, 0.4328215900052366]","[0.5454426561341919, 0.3280936699731185]","[0.5, 0.5]",0.02761789776710373,0.016647509134038955,0.0293807109104217,0.01835160873907115,"[0.10285466901208107, 0.09714533098791894]","[0.10543372465402684, 0.09456627534597317]",0.1
2,EXP-02,midpoint,fixed,5,"[0.5437578393917933, 0.4160651228000977]","[0.5488536811453609, 0.38158747411129024]","[0.5, 0.5]",0.015398000445567852,0.014183324583281625,0.0170389194227601,0.01601533762623266,"[0.1031923179147924, 0.09680768208520761]","[0.10418165517585178, 0.09581834482414824]",0.1
2,EXP-02,midpoint,fixed,6,"[0.5415731740723642, 0.4105486990098885]","[0.5936219045893457, 0.43547714340828036]","[0.5, 0.5]",0.009988064102660392,0.006657566414107313,0.011547058130374047,0.010168387836207778,"[0.1032756118765619, 0.09672438812343812]","[0.10395361902952664, 0.09604638097047337]",0.1
2,EXP-02,midpoint,fixed,7,"[0.5469009709550812, 0.4145372501136312]","[0.6535227083360092, 0.458194840461713]","[0.5, 0.5]",0.01086305048140606,-0.0024111295957224524,0.012621836892221603,0.003345971966877895,"[0.10330909302103626, 0.09669090697896375]","[0.10488319669685742, 0.0951168033031426]",0.1
2,EXP-02,midpoint,fixed,8,"[0.5609604489360297, 0.4215224645693243]","[0.6934670139476049, 0.4364328464435706]","[0.5, 0.5]",0.01355413003390171,-0.004226179224900952,0.015840146869002824,0.0030288337981342318,"[0.10348594960916764, 0.09651405039083237]","[0.10642585418760087, 0.09357414581239915]",0.1
3,EXP-02,midpoint,fixed,1,"[0.5, 0.5]","[0.7088059889364359, 0.3829390423053988]","[0.5, 0.5]",0.05299004702054887,-0.00431316181155136,0.05299004702054887,0.011347287358681332,"[0.2, 0.2]","[0.21629334733155187, 0.18370665266844816]",0.2
3,EXP-02,midpoint,fixed,2,"[0.5274089582298297, 0.4812702467688638]","[0.6640377654924511, 0.32904937300840875]","[0.5, 0.5]",0.04798846988283799,0.006149844500435051,0.05004414175007522,0.018452676912368883,"[0.2023069355730483, 0.19769306442695173]","[0.21674941962420213, 0.1832505803757979]",0.2
3,EXP-02,midpoint,fixed,3,"[0.5432695673918492, 0.456914906967191]","[0.6041369617457876, 0.3063316759549761]","[0.5, 0.5]",0.03891747486057202,0.012537325703056088,0.042162692414960706,0.020347597833990157,"[0.2043177330212329, 0.19568226697876712]","[0.21489026428954058, 0.18510973571045944]",0.2
3,EXP-02,midpoint,fixed,4,"[0.5470083504884793, 0.4328215900052366]","[0.5641926561341918, 0.3280936699731185]","[0.5, 0.5]",0.025855084623785756,0.014591847029006759,0.0293807109104217,0.019406296239071145,"[0.20570933802416214, 0.19429066197583789]","[0.21180494930805369, 0.18819505069194634]",0.2
3,EXP-02,midpoint,fixed,5,"[0.5437578393917933, 0.4160651228000977]","[0.5676036811453609, 0.38158747411129024]","[0.5, 0.5]",0.0137570814683756,0.01199974904033059,0.0170389194227601,0.017070025126232655,"[0.2063846358295848, 0.19361536417041522]","[0.20930081035170353, 0.1906991896482965]",0.2
3,EXP-02,midpoint,fixed,6,"[0.5415731740723642, 0.4105486990098885]","[0.6123719045893457, 0.43547714340828036]","[0.5, 0.5]",0.008429070074946737,0.0027951824920068487,0.011547058130374047,0.011223075336207774,"[0.2065512237531238, 0.19344877624687623]","[0.20884473805905326, 0.19115526194094676]",0.2
3,EXP-02,midpoint,fixed,7,"[0.5469009709550812, 0.4145372501136312]","[0.6722727083360092, 0.458194840461713]","[0.5, 0.5]",0.009104264070590517,-0.008519793658322797,0.012621836892221603,0.004400659466877892,"[0.20661818604207252, 0.1933818139579275]","[0.21070389339371481, 0.1892961066062852]",0.2
3,EXP-02,midpoint,fixed,8,"[0.5609604489360297, 0.4215224645693243]","[0.7122170139476048, 0.4364328464435706]","[0.5, 0.5]",0.011268113198800596,-0.011832754747936138,0.015840146869002824,0.004083521298134227,"[0.20697189921833525, 0.19302810078166474]","[0.2137892083752017, 0.1862107916247983]",0.2
4,EXP-03,midpoint,fixed,1,"[0.5, 0.5]","[0.6194548350408984, 0.38226325820834456]","[0.5, 0.5]",0.0318441490097145,0.0037127510273513072,0.0318441490097145,0.008192307341384998,"[0.1, 0.1]","[0.10592978942081385, 0.09407021057918616]",0.1
4,EXP-03,midpoint,fixed,2,"[0.5161127736065437, 0.48116212131333513]","[0.6194548350408984, 0.38226325820834456]","[0.5, 0.5]",0.024173317812312904,0.0037127510273513072,0.024777546822558293,0.008192307341384998,"[0.10087376630733022, 0.09912623369266979]","[0.10592978942081385, 0.09407021057918616]",0.1
4,EXP-03,midpoint,fixed,3,"[0.5296475034360405, 0.46533830321653663]","[0.6194548350408984, 0.38226325820834456]","[0.5, 0.5]",0.018679570940449353,0.0037127510273513072,0.019791352319300872,0.008192307341384998,"[0.1016077300054876, 0.09839226999451241]","[0.10592978942081385, 0.09407021057918616]",0.1
4,EXP-03,midpoint,fixed,4,"[0.5410166764928177, 0.4520462960152259]","[0.6194548350408984, 0.38226325820834456]","[0.5, 0.5]",0.014734968109321782,0.0037127510273513072,0.016273093477802446,0.008192307341384998,"[0.10222425951193981, 0.0977757404880602]","[0.10592978942081385, 0.09407021057918616]",0.1
4,EXP-03,midpoint,fixed,5,"[0.5505667818605106, 0.4408810099661249]","[0.6194548350408984, 0.38226325820834456]","[0.5, 0.5]",0.011894355719472012,0.0037127510273513072,0.013790610039241157,0.008192307341384998,"[0.10274214429735964, 0.09725785570264037]","[0.10592978942081385, 0.09407021057918616]",0.1
4,EXP-03,midpoint,fixed,6,"[0.5585888703693725, 0.43150216968488003]","[0.6194548350408984, 0.38226325820834456]","[0.5, 0.5]",0.009841887086140838,0.0037127510273513072,0.01203896972499231,0.008192307341384998,"[0.10317716751711231, 0.0968228324828877]","[0.10592978942081385, 0.09407021057918616]",0.1
4,EXP-03,midpoint,fixed,7,"[0.5653274247168166, 0.42362394384863433]","[0.6194548350408984, 0.38226325820834456]","[0.5, 0.5]",0.008353233892377692,0.0037127510273513072,0.010803012319258317,0.008192307341384998,"[0.10354258702170456, 0.09645741297829545]","[0.10592978942081385, 0.09407021057918616]",0.1
4,EXP-03,midpoint,fixed,8,"[0.5709878103686697, 0.417006234146188]","[0.6194548350408984, 0.38226325820834456]","[0.5, 0.5]",0.007268877884947296,0.0037127510273513072,0.009930920773772412,0.008192307341384998,"[0.10384953940556205, 0.09615046059443796]","[0.10592978942081385, 0.09407021057918616]",0.1
5,EXP-03,midpoint,fixed,1,"[0.5, 0.5]","[0.6900559889364359, 0.3829390423053988]","[0.5, 0.5]",0.05299004702054887,0.003165500273564988,0.05299004702054887,0.010292599858681337,"[0.10000000000000002, 0.1]","[0.10767792366577593, 0.09232207633422408]",0.1
5,EXP-03,midpoint,fixed,2,"[0.5274089582298297, 0.4812702467688638]","[0.6452877654924511, 0.32904937300840875]","[0.5, 0.5]",0.04901630581645661,0.011949698206401967,0.05004414175007522,0.017397989412368885,"[0.10115346778652416, 0.09884653221347586]","[0.10790595981210106, 0.09209404018789895]",0.1
5,EXP-03,midpoint,fixed,3,"[0.5432695673918492, 0.456914906967191]","[0.5853869617457876, 0.3063316759549761]","[0.5, 0.5]",0.04054008363776636,0.016090899268523123,0.042162692414960706,0.01929291033399016,"[0.10215886651061645, 0.09784113348938356]","[0.10697638214477029, 0.09302361785522972]",0.1
5,EXP-03,midpoint,fixed,4,"[0.5470083504884793, 0.4328215900052366]","[0.5454426561341919, 0.3280936699731185]","[0.5, 0.5]",0.02761789776710373,0.016647509134038955,0.0293807109104217,0.01835160873907115,"[0.10285466901208107, 0.09714533098791894]","[0.10543372465402684, 0.09456627534597317]",0.1
5,EXP-03,midpoint,fixed,5,"[0.5437578393917933, 0.4160651228000977]","[0.5488536811453609, 0.38158747411129024]","[0.5, 0.5]",0.015398000445567852,0.014183324583281625,0.0170389194227601,0.01601533762623266,"[0.1031923179147924, 0.09680768208520761]","[0.10418165517585178, 0.09581834482414824]",0.1
5,EXP-03,midpoint,fixed,6,"[0.5415731740723642, 0.4105486990098885]","[0.5936219045893457, 0.43547714340828036]","[0.5, 0.5]",0.009988064102660392,0.006657566414107313,0.011547058130374047,0.010168387836207778,"[0.1032756118765619, 0.09672438812343812]","[0.10395361902952664, 0.09604638097047337]",0.1
5,EXP-03,midpoint,fixed,7,"[0.5469009709550812, 0.4145372501136312]","[0.6535227083360092, 0.458194840461713]","[0.5, 0.5]",0.01086305048140606,-0.0024111295957224524,0.012621836892221603,0.003345971966877895,"[0.10330909302103626, 0.09669090697896375]","[0.10488319669685742, 0.0951168033031426]",0.1
5,EXP-03,midpoint,fixed,8,"[0.5609604489360297, 0.4215224645693243]","[0.6934670139476049, 0.4364328464435706]","[0.5, 0.5]",0.01355413003390171,-0.004226179224900952,0.015840146869002824,0.0030288337981342318,"[0.10348594960916764, 0.09651405039083237]","[0.10642585418760087, 0.09357414581239915]",0.1
6,EXP-03,midpoint,fixed,1,"[0.5, 0.5]","[0.7606571428319735, 0.38361482640245315]","[0.5, 0.5]",0.09402922706458161,0.01254157232192268,0.09402922706458161,0.022316215178121688,"[0.09999999999999999, 0.1]","[0.109426057910738, 0.09057394208926199]",0.09999999999999999
6,EXP-03,midpoint,fixed,2,"[0.5387051428531158, 0.4813783722243925]","[0.6711206959440038, 0.27583548780847295]","[0.5, 0.5]",0.09115016398564113,0.03136840795125928,0.09260160684263297,0.037785434049159426,"[0.10143316926571808, 0.09856683073428193]","[0.10988213020338827, 0.09011786979661174]",0.1
6,EXP-03,midpoint,fixed,3,"[0.5568916313476578, 0.4484915107178454]","[0.5513190884506769, 0.23040009370160772]","[0.5, 0.5]",0.08231823453828215,0.034723315127792975,0.08445167071381932,0.03664778094469336,"[0.10271000301574533, 0.0972899969842547]","[0.10802297486872674, 0.09197702513127326]",0.1
6,EXP-03,midpoint,fixed,4,"[0.5530000244841409, 0.41359688399524736]","[0.4714304772274852, 0.27392408173789246]","[0.5, 0.5]",0.06074017782523991,0.03457809509516197,0.06272767874339519,0.033506737991192664,"[0.10348507851222233, 0.09651492148777766]","[0.10493765988723983, 0.09506234011276019]",0.1
6,EXP-03,midpoint,fixed,5,"[0.536948896923076, 0.39124923563407055]","[0.4782525272498233, 0.38091169001423597]","[0.5, 0.5]",0.03812934960361723,0.03457722094135594,0.03951493323823259,0.03376169071322431,"[0.10364249153222514, 0.09635750846777486]","[0.10243352093088967, 0.09756647906911033]",0.09999999999999999
6,EXP-03,midpoint,fixed,6,"[0.5245574777753556, 0.389595228334897]","[0.5677889741377931, 0.4886910286082161]","[0.5, 0.5]",0.03247308427621495,0.020784144366669963,0.03339398969279079,0.023326230896837205,"[0.10337405623601147, 0.09662594376398856]","[0.10197744863823943, 0.09802255136176058]",0.1
6,EXP-03,midpoint,fixed,7,"[0.5284745171933456, 0.4054505563786281]","[0.6875905816311201, 0.5341264227150815]","[0.5, 0.5]",0.03959465793890463,-0.0022807426006981753,0.04066245233365509,0.00475390421046883,"[0.10307559902036795, 0.09692440097963206]","[0.10383660397290097, 0.09616339602709904]",0.1
6,EXP-03,midpoint,fixed,8,"[0.5509330875033895, 0.4260386949924606]","[0.7674791928543115, 0.49060243467879666]","[0.5, 0.5]",0.04389141060221971,-0.007169281622717842,0.045801401383596826,0.002861188109318843,"[0.10312235981277323, 0.09687764018722678]","[0.10692191895438788, 0.09307808104561213]",0.1
7,EXP-04,midpoint,fixed,1,"[0.5, 0.5]","[0.6900559889364359, 0.3829390423053988]","[0.5, 0.5]",0.05299004702054887,0.003165500273564988,0.05299004702054887,0.010292599858681337,"[0.10000000000000002, 0.1]","[0.10767792366577593, 0.09232207633422408]",0.1
7,EXP-04,midpoint,fixed,2,"[0.5274089582298297, 0.4812702467688638]","[0.5853869617457876, 0.3063316759549761]","[0.5, 0.5]",0.05005585171862515,0.016090899268523123,0.05108368765224376,0.01929291033399016,"[0.10115346778652416, 0.09884653221347586]","[0.10697638214477029, 0.09302361785522972]",0.1
7,EXP-04,midpoint,fixed,3,"[0.533685438792383, 0.4532800754386418]","[0.5488536811453609, 0.38158747411129024]","[0.5, 0.5]",0.01955322924444286,0.014183324583281625,0.02081643319915722,0.01601533762623266,"[0.10201013408384353, 0.09798986591615648]","[0.10418165517585178, 0.09581834482414824]",0.1
7,EXP-04,midpoint,fixed,4,"[0.5331123575688594, 0.44180925922626557]","[0.6535227083360092, 0.458194840461713]","[0.5, 0.5]",0.012356010248569034,-0.0024111295957224524,0.013597723657401264,0.003345971966877895,"[0.10228257745856487, 0.09771742254143516]","[0.10488319669685742, 0.0951168033031426]",0.1
8,EXP-04,midpoint,fixed,1,"[0.5, 0.5]","[0.6900559889364359, 0.3829390423053988]","[0.5, 0.5]",0.05299004702054887,0.003165500273564988,0.05299004702054887,0.010292599858681337,"[0.10000000000000002, 0.1]","[0.10767792366577593, 0.09232207633422408]",0.1
8,EXP-04,midpoint,fixed,2,"[0.5274089582298297, 0.4812702467688638]","[0.6452877654924511, 0.32904937300840875]","[0.5, 0.5]",0.04901630581645661,0.011949698206401967,0.05004414175007522,0.017397989412368885,"[0.10115346778652416, 0.09884653221347586]","[0.10790595981210106, 0.09209404018789895]",0.1
8,EXP-04,midpoint,fixed,3,"[0.5432695673918492, 0.456914906967191]","[0.5853869617457876, 0.3063316759549761]","[0.5, 0.5]",0.04054008363776636,0.016090899268523123,0.042162692414960706,0.01929291033399016,"[0.10215886651061645, 0.09784113348938356]","[0.10697638214477029, 0.09302361785522972]",0.1
8,EXP-04,midpoint,fixed,4,"[0.5470083504884793, 0.4328215900052366]","[0.5454426561341919, 0.3280936699731185]","[0.5, 0.5]",0.02761789776710373,0.016647509134038955,0.0293807109104217,0.01835160873907115,"[0.10285466901208107, 0.09714533098791894]","[0.10543372465402684, 0.09456627534597317]",0.1
8,EXP-04,midpoint,fixed,5,"[0.5437578393917933, 0.4160651228000977]","[0.5488536811453609, 0.38158747411129024]","[0.5, 0.5]",0.015398000445567852,0.014183324583281625,0.0170389194227601,0.01601533762623266,"[0.1031923179147924, 0.09680768208520761]","[0.10418165517585178, 0.09581834482414824]",0.1
8,EXP-04,midpoint,fixed,6,"[0.5415731740723642, 0.4105486990098885]","[0.5936219045893457, 0.43547714340828036]","[0.5, 0.5]",0.009988064102660392,0.006657566414107313,0.011547058130374047,0.010168387836207778,"[0.1032756118765619, 0.09672438812343812]","[0.10395361902952664, 0.09604638097047337]",0.1
8,EXP-04,midpoint,fixed,7,"[0.5469009709550812, 0.4145372501136312]","[0.6535227083360092, 0.458194840461713]","[0.5, 0.5]",0.01086305048140606,-0.0024111295957224524,0.012621836892221603,0.003345971966877895,"[0.10330909302103626, 0.09669090697896375]","[0.10488319669685742, 0.0951168033031426]",0.1
8,EXP-04,midpoint,fixed,8,"[0.5609604489360297, 0.4215224645693243]","[0.6934670139476049, 0.4364328464435706]","[0.5, 0.5]",0.01355413003390171,-0.004226179224900952,0.015840146869002824,0.0030288337981342318,"[0.10348594960916764, 0.09651405039083237]","[0.10642585418760087, 0.09357414581239915]",0.1
9,EXP-04,midpoint,fixed,1,"[0.5, 0.5]","[0.6900559889364359, 0.3829390423053988]","[0.5, 0.5]",0.05299004702054887,0.003165500273564988,0.05299004702054887,0.010292599858681337,"[0.10000000000000002, 0.1]","[0.10767792366577593, 0.09232207633422408]",0.1
9,EXP-04,midpoint,fixed,2,"[0.5274089582298297, 0.4812702467688638]","[0.671644585410713, 0.3538298427823785]","[0.5, 0.5]",0.04499489266427426,0.007949919947772909,0.04602272859789287,0.014386591900674647,"[0.10115346778652415, 0.09884653221347586]","[0.10794536856570837, 0.09205463143429164]",0.1
9,EXP-04,midpoint,fixed,3,"[0.547486658578771, 0.46087978213102615]","[0.6452877654924511, 0.32904937300840875]","[0.5, 0.5]",0.03889401148937974,0.011949698206401967,0.040674761186083645,0.017397989412368885,"[0.10216517191119362, 0.09783482808880639]","[0.10790595981210106, 0.09209404018789895]",0.1
9,EXP-04,midpoint,fixed,4,"[0.5601348356849598, 0.43978691667140735]","[0.6149981160890379, 0.31237023487105875]","[0.5, 0.5]",0.03388571809220575,0.01464072775449797,0.03614077443039175,0.01895315710783689,"[0.10300869797533882, 0.09699130202466119]","[0.10756569703044948, 0.09243430296955053]",0.1
9,EXP-04,midpoint,fixed,5,"[0.5659129605496123, 0.4194002475833516]","[0.5853869617457876, 0.3063316759549761]","[0.5, 0.5]",0.029254637881192837,0.016090899268523123,0.031726373901803294,0.01929291033399016,"[0.10366281782415651, 0.09633718217584349]","[0.10697638214477029, 0.09302361785522972]",0.1
9,EXP-04,midpoint,fixed,6,"[0.5660288007410004, 0.40130927612281153]","[0.5609623322856775, 0.3118530121154617]","[0.5, 0.5]",0.02469810066010337,0.016670008387341916,0.027174180687890882,0.01895609584805482,"[0.10411798811545472, 0.09588201188454529]","[0.10622773300425542, 0.0937722669957446]",0.1
9,EXP-04,midpoint,fixed,7,"[0.5622181657881486, 0.38699627388163554]","[0.5454426561341919, 0.3280936699731185]","[0.5, 0.5]",0.0203984436053926,0.016647509134038955,0.022731624822448174,0.01835160873907115,"[0.10438054729766283, 0.09561945270233718]","[0.10543372465402684, 0.09456627534597317]",0.1
9,EXP-04,midpoint,fixed,8,"[0.5565340842435156, 0.3775718572562728]","[0.5411906632991799, 0.35258115659104833]","[0.5, 0.5]",0.016801959815145404,0.01594200412913147,0.018921987974277236,0.017486654002850714,"[0.10447405567468107, 0.09552594432531894]","[0.1047152376677033, 0.09528476233229671]",0.1
9,EXP-04,midpoint,fixed,9,"[0.5510791368924218, 0.37357334514983687]","[0.5488536811453609, 0.38158747411129024]","[0.5, 0.5]",0.014252503499574555,0.014183324583281625,0.016167971133040374,0.01601533762623266,"[0.10443764479356463, 0.09556235520643538]","[0.10418165517585178, 0.09581834482414824]",0.1
9,EXP-04,midpoint,fixed,10,"[0.547723063972892, 0.3748556057836694]","[0.5672650846710838, 0.4106966736343106]","[0.5, 0.5]",0.012715115126480757,0.011048642408837935,0.014504730025464211,0.01357108308400358,"[0.10432168645473057, 0.09567831354526944]","[0.10391421027591934, 0.09608578972408069]",0.1
9,EXP-04,midpoint,fixed,11,"[0.5478497872846028, 0.38059017663977196]","[0.5936219045893457, 0.43547714340828036]","[0.5, 0.5]",0.011765232257713809,0.006657566414107313,0.013559599280886412,0.010168387836207778,"[0.10418149026612078, 0.09581850973387923]","[0.10395361902952664, 0.09604638097047337]",0.1
9,EXP-04,midpoint,fixed,12,"[0.5521733260533617, 0.3893720913227333]","[0.6239115539927589, 0.4521562815456304]","[0.5, 0.5]",0.010851648690756171,0.001763420800926329,0.012808148417757233,0.006410104075654788,"[0.10407003086826572, 0.0959299691317343]","[0.10429388181117821, 0.0957061181888218]",0.1
9,EXP-04,midpoint,fixed,13,"[0.5606514425236652, 0.3994175617583969]","[0.6535227083360092, 0.458194840461713]","[0.5, 0.5]",0.00966871090963191,-0.0024111295957224524,0.011943140004269354,0.003345971966877895,"[0.1040308470191317, 0.0959691529808683]","[0.10488319669685742, 0.0951168033031426]",0.1
9,EXP-04,midpoint,fixed,14,"[0.5725108450536402, 0.40882192635092746]","[0.6779473377961194, 0.4526735043012273]","[0.5, 0.5]",0.00839983867626057,-0.004639976214305501,0.011118995365772079,0.002033048953048977,"[0.10409222296756783, 0.09590777703243218]","[0.10563184583737231, 0.0943681541626277]",0.1
9,EXP-04,midpoint,fixed,15,"[0.5863806838924369, 0.4158381788229754]","[0.6934670139476049, 0.4364328464435706]","[0.5, 0.5]",0.007665443194186217,-0.004226179224900952,0.010904718840152601,0.0030288337981342318,"[0.10426356262673654, 0.09573643737326347]","[0.10642585418760087, 0.09357414581239915]",0.1
9,EXP-04,midpoint,fixed,16,"[0.6005144967012638, 0.4191333256422706]","[0.697719006782617, 0.4119453598256409]","[0.5, 0.5]",0.008182825477828441,-0.0013175581549084896,0.011952119104125834,0.006096904599439649,"[0.10453452927647483, 0.09546547072352518]","[0.1071443411739244, 0.0928556588260756]",0.1
10,EXP-05,midpoint,fixed,1,"[0.5, 0.5]","[0.6557962194225344, 0.4229539268421452]",[1.0],0.027958553890474497,-0.0022500054849254854,0.027958553890474497,0.0007031250000000013,[0.1],[0.09803124634338302],0.09901562317169152
10,EXP-05,midpoint,fixed,2,"[0.5219273951076056, 0.4846726282947432]","[0.6000839456691474, 0.3535831766093271]",[1.0],0.025733498653419094,0.00244060791455721,0.025980999531007173,0.0007031250000000013,[0.09983499941494128],[0.10115832194303814],0.10049666067898971
10,EXP-05,midpoint,fixed,3,"[0.5314324431974522, 0.46069831602507666]","[0.5977974164180528, 0.2816662288728282]",[1.0],0.04168003620225327,0.005223238301591962,0.04138493967309811,0.0007031250000000013,[0.10019673101943678],[0.10301340886772797],0.10160506994358237
10,EXP-05,midpoint,fixed,4,"[0.5390508389127483, 0.4290531820807169]","[0.650276049493779, 0.24933105625221258]",[1.0],0.04913894851563668,0.004467858534525316,0.047942849302891624,0.0007031250000000013,[0.10079739947516339],[0.10250982235635021],0.10165361091575681
10,EXP-05,midpoint,fixed,5,"[0.5538468726057132, 0.3972976419481562]","[0.7267785733753671, 0.2755191643269617]",[1.0],0.04535233057898354,0.0006169598361626702,0.04352024987475364,0.0007031250000000013,[0.10122138713615325],[0.09994255655744179],0.10058197184679751
10,EXP-05,midpoint,fixed,6,"[0.5785159447288578, 0.3748130855287651]","[0.7824908471287542, 0.3448899145597798]",[1.0],0.038427503406566324,-0.004073653563320023,0.03667734204122718,0.0007031250000000013,[0.10116677424355944],[0.09681548095778665],0.09899112760067305
10,EXP-05,midpoint,fixed,7,"[0.6081519291128412, 0.36702537817372743]","[0.7847773763798487, 0.4168068622962788]",[1.0],0.02681846083335947,-0.00685628395035478,0.025887609856605796,0.0007031250000000013,[0.1006205673178358],[0.09496039403309682],0.09779048067546631
10,EXP-05,midpoint,fixed,8,"[0.6334120006755624, 0.3719904156333356]","[0.7322987433041225, 0.44914203491689436]",[1.0],0.009630056042474144,-0.006100904183288131,0.009832646654057819,0.0007031250000000013,[0.09986493959227756],[0.09546398054447458],0.09766446006837606
11,EXP-05,midpoint,fixed,1,"[0.5, 0.5]","[0.6900559889364359, 0.3829390423053988]","[0.5, 0.5]",0.05299004702054887,0.003165500273564988,0.05299004702054887,0.010292599858681337,"[0.10000000000000002, 0.1]","[0.10767792366577593, 0.09232207633422408]",0.1
11,EXP-05,midpoint,fixed,2,"[0.5274089582298297, 0.4812702467688638]","[0.6452877654924511, 0.32904937300840875]","[0.5, 0.5]",0.04901630581645661,0.011949698206401967,0.05004414175007522,0.017397989412368885,"[0.10115346778652416, 0.09884653221347586]","[0.10790595981210106, 0.09209404018789895]",0.1
11,EXP-05,midpoint,fixed,3,"[0.5432695673918492, 0.456914906967191]","[0.5853869617457876, 0.3063316759549761]","[0.5, 0.5]",0.04054008363776636,0.016090899268523123,0.042162692414960706,0.01929291033399016,"[0.10215886651061645, 0.09784113348938356]","[0.10697638214477029, 0.09302361785522972]",0.1
11,EXP-05,midpoint,fixed,4,"[0.5470083504884793, 0.4328215900052366]","[0.5454426561341919, 0.3280936699731185]","[0.5, 0.5]",0.02761789776710373,0.016647509134038955,0.0293807109104217,0.01835160873907115,"[0.10285466901208107, 0.09714533098791894]","[0.10543372465402684, 0.09456627534597317]",0.1
11,EXP-05,midpoint,fixed,5,"[0.5437578393917933, 0.4160651228000977]","[0.5488536811453609, 0.38158747411129024]","[0.5, 0.5]",0.015398000445567852,0.014183324583281625,0.0170389194227601,0.01601533762623266,"[0.1031923179147924, 0.09680768208520761]","[0.10418165517585178, 0.09581834482414824]",0.1
11,EXP-05,midpoint,fixed,6,"[0.5415731740723642, 0.4105486990098885]","[0.5936219045893457, 0.43547714340828036]","[0.5, 0.5]",0.009988064102660392,0.006657566414107313,0.011547058130374047,0.010168387836207778,"[0.1032756118765619, 0.09672438812343812]","[0.10395361902952664, 0.09604638097047337]",0.1
11,EXP-05,midpoint,fixed,7,"[0.5469009709550812, 0.4145372501136312]","[0.6535227083360092, 0.458194840461713]","[0.5, 0.5]",0.01086305048140606,-0.0024111295957224524,0.012621836892221603,0.003345971966877895,"[0.10330909302103626, 0.09669090697896375]","[0.10488319669685742, 0.0951168033031426]",0.1
11,EXP-05,midpoint,fixed,8,"[0.5609604489360297, 0.4215224645693243]","[0.6934670139476049, 0.4364328464435706]","[0.5, 0.5]",0.01355413003390171,-0.004226179224900952,0.015840146869002824,0.0030288337981342318,"[0.10348594960916764, 0.09651405039083237]","[0.10642585418760087, 0.09357414581239915]",0.1
12,EXP-05,midpoint,fixed,1,"[0.5, 0.5]","[0.5280275488742384, 0.3576748047209411]","[0.3333333333333333, 0.3333333333333333, 0.3333333333333333]",0.04178119329830452,0.02073918859118444,0.04178119329830452,0.0221679091712447,"[0.10000000000000002, 0.1, 0.1]","[0.10285744116012052, 0.09714255883987949, 0.09714255883987949]",0.0995237598066466
12,EXP-05,midpoint,fixed,2,"[0.5054844078198781, 0.47822796875535056]","[0.49991452500960054, 0.35569363128862846]","[0.3333333333333333, 0.3333333333333333, 0.3333333333333333]",0.03561913688918102,0.020573449436252268,0.03582273218199067,0.022378347482524402,"[0.1004071905856193, 0.09959280941438073, 0.09959280941438073]","[0.10360979609254428, 0.09639020390745573, 0.09639020390745573]",0.0993305022203061
12,EXP-05,midpoint,fixed,3,"[0.5055932265702338, 0.459622474760675]","[0.4796875684331901, 0.3774578268602938]","[0.3333333333333333, 0.3333333333333333, 0.3333333333333333]",0.028173483985107533,0.02075135149700054,0.028608287718471175,0.02253703405583199,"[0.1008696074667273, 0.09913039253327273, 0.09913039253327272]","[0.1035713651176629, 0.0964286348823371, 0.0964286348823371]",0.09925983790260164
12,EXP-05,midpoint,fixed,4,"[0.5024483212683067, 0.447476131096614]","[0.4791953559819366, 0.410218220844196]","[0.3333333333333333, 0.3333333333333333, 0.3333333333333333]",0.025990914203010432,0.024062061932024065,0.02661685854844892,0.025444392221697407,"[0.101251888690877, 0.09874811130912302, 0.09874811130912303]","[0.10276466057934669, 0.09723533942065332, 0.09723533942065332]",0.0993305751216294
12,EXP-05,midpoint,fixed,5,"[0.4997278468224875, 0.4425148654562271]","[0.49872621903421555, 0.43478421875325113]","[0.3333333333333333, 0.3333333333333333, 0.3333333333333333]",0.0320433634648696,0.03198259730819713,0.03276532956138567,0.032813716835853796,"[0.10144393219303215, 0.09855606780696785, 0.09855606780696788]","[0.10166223905531334, 0.09833776094468667, 0.09833776094468669]",0.09948230479194241
12,EXP-05,midpoint,fixed,6,"[0.500567586376364, 0.4422779619837509]","[0.5268392428988534, 0.43676539218556376]","[0.3333333333333333, 0.3333333333333333, 0.3333333333333333]",0.03770042401262197,0.03697983565040642,0.03841485465812053,0.037434777711851205,"[0.10142886129099712, 0.09857113870900289, 0.09857113870900287]","[0.10090988412288956, 0.09909011587711043, 0.09909011587711042]",0.09961020909768555
12,EXP-05,midpoint,fixed,7,"[0.5057710514199623, 0.44239595081604094]","[0.5470661994752639, 0.41500119661389845]","[0.3333333333333333, 0.3333333333333333, 0.3333333333333333]",0.035165838484280745,0.03271007667357566,0.0358137509563307,0.03318423422246113,"[0.10129582494409994, 0.09870417505590008, 0.0987041750559001]","[0.10094831509777094, 0.09905168490222907, 0.09905168490222907]",0.0996259766596882
12,EXP-05,midpoint,fixed,8,"[0.5133782751088105, 0.43901279014369815]","[0.5475584119265174, 0.3822408026299962]","[0.3333333333333333, 0.3333333333333333, 0.3333333333333333]",0.028959207370408115,0.024567867051275026,0.02955431905475176,0.025445376869318602,"[0.10119022336868727, 0.09880977663131273, 0.09880977663131273]","[0.10175501963608716, 0.09824498036391284, 0.09824498036391284]",0.0995091261658709
13,EXP-06,midpoint,fixed,1,[0.5],[0.5581250731323398],"[0.5, 0.5]",0.013979276945237248,0.010600752818597398,0.013979276945237248,0.014960133303522886,"[0.1, 0.1]","[0.09709374634338301, 0.09709374634338303]",0.0985468731716915
13,EXP-06,midpoint,fixed,2,[0.5033000117011743],[0.4955835611392372],"[0.5, 0.5]",0.016987683810602734,0.016928140201327914,0.01723518468819081,0.016596907286770702,"[0.09983499941494128, 0.09983499941494128]","[0.10022082194303815, 0.10022082194303814]",0.10002791067898972
13,EXP-06,midpoint,fixed,3,[0.4960653796112644],[0.45848182264544046],"[0.5, 0.5]",0.03091736899048378,0.02950484523628045,0.030622272461328606,0.026390981934688484,"[0.10019673101943678, 0.1001967310194368]","[0.10207590886772798, 0.10207590886772797]",0.10113631994358238
13,EXP-06,midpoint,fixed,4,[0.4840520104967326],[0.4685535528729958],"[0.5, 0.5]",0.044194157624610014,0.04395395543589525,0.04299805841186495,0.04159547190136993,"[0.10079739947516338, 0.10079739947516339]","[0.10157232235635022, 0.10157232235635022]",0.10118486091575679
13,EXP-06,midpoint,fixed,5,[0.4755722572769347],[0.5198988688511644],"[0.5, 0.5]",0.05278744689349431,0.05082259839984168,0.05095536618926441,0.05231501356367901,"[0.10122138713615325, 0.10122138713615327]","[0.09900505655744177, 0.0990050565574418]",0.10011322184679752
13,EXP-06,midpoint,fixed,6,[0.4766645151288115],[0.582440380844267],"[0.5, 0.5]",0.05428539925084305,0.04309686548298898,0.05253523788550391,0.049279894046309,"[0.10116677424355944, 0.10116677424355944]","[0.09587798095778666, 0.09587798095778666]",0.09852237760067305
13,EXP-06,midpoint,fixed,7,[0.48758865364328435],[0.6195421193380637],"[0.5, 0.5]",0.0437028829672402,0.026291165858376885,0.04277203199048653,0.035256824808731664,"[0.10062056731783578, 0.1006205673178358]","[0.09402289403309683, 0.09402289403309683]",0.09732173067546632
13,EXP-06,midpoint,fixed,8,[0.5027012081544491],[0.6094703891105083],"[0.5, 0.5]",0.02464005919491204,0.013240401192884298,0.02484264980649572,0.021450680376172423,"[0.09986493959227755, 0.09986493959227755]","[0.09452648054447459, 0.0945264805444746]",0.09719571006837607
14,EXP-06,midpoint,fixed,1,"[0.5, 0.5]","[0.6900559889364359, 0.3829390423053988]","[0.5, 0.5]",0.05299004702054887,0.003165500273564988,0.05299004702054887,0.010292599858681337,"[0.10000000000000002, 0.1]","[0.10767792366577593, 0.09232207633422408]",0.1
14,EXP-06,midpoint,fixed,2,"[0.5274089582298297, 0.4812702467688638]","[0.6452877654924511, 0.32904937300840875]","[0.5, 0.5]",0.04901630581645661,0.011949698206401967,0.05004414175007522,0.017397989412368885,"[0.10115346778652416, 0.09884653221347586]","[0.10790595981210106, 0.09209404018789895]",0.1
14,EXP-06,midpoint,fixed,3,"[0.5432695673918492, 0.456914906967191]","[0.5853869617457876, 0.3063316759549761]","[0.5, 0.5]",0.04054008363776636,0.016090899268523123,0.042162692414960706,0.01929291033399016,"[0.10215886651061645, 0.09784113348938356]","[0.10697638214477029, 0.09302361785522972]",0.1
14,EXP-06,midpoint,fixed,4,"[0.5470083504884793, 0.4328215900052366]","[0.5454426561341919, 0.3280936699731185]","[0.5, 0.5]",0.02761789776710373,0.016647509134038955,0.0293807109104217,0.01835160873907115,"[0.10285466901208107, 0.09714533098791894]","[0.10543372465402684, 0.09456627534597317]",0.1
14,EXP-06,midpoint,fixed,5,"[0.5437578393917933, 0.4160651228000977]","[0.5488536811453609, 0.38158747411129024]","[0.5, 0.5]",0.015398000445567852,0.014183324583281625,0.0170389194227601,0.01601533762623266,"[0.1031923179147924, 0.09680768208520761]","[0.10418165517585178, 0.09581834482414824]",0.1
14,EXP-06,midpoint,fixed,6,"[0.5415731740723642, 0.4105486990098885]","[0.5936219045893457, 0.43547714340828036]","[0.5, 0.5]",0.009988064102660392,0.006657566414107313,0.011547058130374047,0.010168387836207778,"[0.1032756118765619, 0.09672438812343812]","[0.10395361902952664, 0.09604638097047337]",0.1
14,EXP-06,midpoint,fixed,7,"[0.5469009709550812, 0.4145372501136312]","[0.6535227083360092, 0.458194840461713]","[0.5, 0.5]",0.01086305048140606,-0.0024111295957224524,0.012621836892221603,0.003345971966877895,"[0.10330909302103626, 0.09669090697896375]","[0.10488319669685742, 0.0951168033031426]",0.1
14,EXP-06,midpoint,fixed,8,"[0.5609604489360297, 0.4215224645693243]","[0.6934670139476049, 0.4364328464435706]","[0.5, 0.5]",0.01355413003390171,-0.004226179224900952,0.015840146869002824,0.0030288337981342318,"[0.10348594960916764, 0.09651405039083237]","[0.10642585418760087, 0.09357414581239915]",0.1
15,EXP-06,midpoint,fixed,1,"[0.5, 0.5, 0.5]","[0.5798939822682978, 0.36176746968591855, 0.3931420784385529]","[0.5, 0.5]",0.06267178994745679,0.025761893707303883,0.06267178994745679,0.02843334174634006,"[0.09999999999999999, 0.1]","[0.09919134377473895, 0.09724672550654614]",0.09910951732032128
15,EXP-06,midpoint,fixed,2,"[0.5127830371629276, 0.47788279514974696, 0.48490273255016847]","[0.5754790538426808, 0.32860910441914815, 0.3855740761855145]","[0.5, 0.5]",0.05001106571859149,0.013931458491541624,0.050388497404837286,0.016792106586903763,"[0.09990394833729158, 0.09959280941438073]","[0.09969143196539476, 0.09649437057412238]",0.09892064007279736
15,EXP-06,midpoint,fixed,3,"[0.5228143998316881, 0.45399900463285114, 0.47101014753182385]","[0.5580653074920867, 0.3044540770999242, 0.42944870834821486]","[0.5, 0.5]",0.03301718827443284,0.007683523205709681,0.03374193458613724,0.009447305497004309,"[0.09990327905112142, 0.09913039253327273]","[0.10111548872927006, 0.09653280154900377]",0.099170490465667
15,EXP-06,midpoint,fixed,4,"[0.5284545450573519, 0.43007181622758284, 0.4663603172624464]","[0.5378534796569686, 0.3034520751323554, 0.4990648104498749]","[0.5, 0.5]",0.025959129929550337,0.008768647248273476,0.026800121997989174,0.008792026987026604,"[0.10013056593295852, 0.098748111309123]","[0.10262932092767585, 0.09733950608731999]",0.09971187606426934
15,EXP-06,midpoint,fixed,5,"[0.5299583745932905, 0.4098126576523464, 0.473593036172435]","[0.5266833849627885, 0.32619005767951914, 0.5536422140388924]","[0.5, 0.5]",0.03396792637553011,0.020556590715138982,0.03462810047121924,0.01921553536416667,"[0.10056370006544665, 0.09855606780696786]","[0.10334614618994309, 0.09844192761135334]",0.10022696041842774
15,EXP-06,midpoint,fixed,6,"[0.5294343762524102, 0.3964330416566941, 0.48840090463106817]","[0.5310983133884055, 0.35934842294628955, 0.5612102162919308]","[0.5, 0.5]",0.04473076604726643,0.03805153255104917,0.04502074343148972,0.036521277143750905,"[0.10104222477869941, 0.09857113870900289]","[0.10284605799928725, 0.0991942825437771]",0.10041342600769165
15,EXP-06,midpoint,fixed,7,"[0.5297006061941695, 0.39049950266302935, 0.5020503944968062]","[0.5485120597389995, 0.3835034502655136, 0.5173355841292304]","[0.5, 0.5]",0.0476362146139909,0.04699976205827365,0.04758495475157075,0.04656637245504289,"[0.10136417142732679, 0.0987041750559001]","[0.10142200123541195, 0.09915585156889573]",0.10016154982188363
15,EXP-06,midpoint,fixed,8,"[0.5327104387613423, 0.3893801342794268, 0.506496024837994]","[0.5687238875741177, 0.3845054522330823, 0.44771948202757034]","[0.5, 0.5]",0.04502554440075083,0.0402501313955619,0.04486314377980098,0.04155714434487264,"[0.10140675752995376, 0.09880977663131273]","[0.09990816903700618, 0.09834914703057951]",0.09961846255721304
16,EXP-07,midpoint,fixed,1,[0.5],[0.5581250731323398],"[0.5, 0.5]",0.013979276945237248,0.010600752818597398,0.013979276945237248,0.014960133303522886,"[0.1, 0.1]","[0.09709374634338301, 0.09709374634338303]",0.0985468731716915
16,EXP-07,midpoint,fixed,2,[0.5033000117011743],[0.4955835611392372],"[0.5, 0.5]",0.016987683810602734,0.016928140201327914,0.01723518468819081,0.016596907286770702,"[0.09983499941494128, 0.09983499941494128]","[0.10022082194303815, 0.10022082194303814]",0.10002791067898972
16,EXP-07,midpoint,fixed,3,[0.4960653796112644],[0.45848182264544046],"[0.5, 0.5]",0.03091736899048378,0.02950484523628045,0.030622272461328606,0.026390981934688484,"[0.10019673101943678, 0.1001967310194368]","[0.10207590886772798, 0.10207590886772797]",0.10113631994358238
16,EXP-07,midpoint,fixed,4,[0.4840520104967326],[0.4685535528729958],"[0.5, 0.5]",0.044194157624610014,0.04395395543589525,0.04299805841186495,0.04159547190136993,"[0.10079739947516338, 0.10079739947516339]","[0.10157232235635022, 0.10157232235635022]",0.10118486091575679
16,EXP-07,midpoint,fixed,5,[0.4755722572769347],[0.5198988688511644],"[0.5, 0.5]",0.05278744689349431,0.05082259839984168,0.05095536618926441,0.05231501356367901,"[0.10122138713615325, 0.10122138713615327]","[0.09900505655744177, 0.0990050565574418]",0.10011322184679752
16,EXP-07,midpoint,fixed,6,[0.4766645151288115],[0.582440380844267],"[0.5, 0.5]",0.05428539925084305,0.04309686548298898,0.05253523788550391,0.049279894046309,"[0.10116677424355944, 0.10116677424355944]","[0.09587798095778666, 0.09587798095778666]",0.09852237760067305
16,EXP-07,midpoint,fixed,7,[0.48758865364328435],[0.6195421193380637],"[0.5, 0.5]",0.0437028829672402,0.026291165858376885,0.04277203199048653,0.035256824808731664,"[0.10062056731783578, 0.1006205673178358]","[0.09402289403309683, 0.09402289403309683]",0.09732173067546632
16,EXP-07,midpoint,fixed,8,[0.5027012081544491],[0.6094703891105083],"[0.5, 0.5]",0.02464005919491204,0.013240401192884298,0.02484264980649572,0.021450680376172423,"[0.09986493959227755, 0.09986493959227755]","[0.09452648054447459, 0.0945264805444746]",0.09719571006837607
17,EXP-09,midpoint,fixed,1,"[0.5, 0.5]","[0.6838059889364358, 0.3829390423053988]","[0.5, 0.5]",0.05299004702054887,0.005502137635270439,0.05299004702054887,0.010097287358681335,"[0.10000000000000002, 0.1]","[0.11504334733155186, 0.08495665266844815]",0.1
17,EXP-09,midpoint,fixed,2,"[0.5274089582298297, 0.4812702467688638]","[0.6390377654924511, 0.32904937300840875]","[0.5, 0.5]",0.04935891779432948,0.013726732775057607,0.05004414175007522,0.017202676912368885,"[0.10230693557304832, 0.0976930644269517]","[0.11549941962420213, 0.08450058037579788]",0.1
17,EXP-09,midpoint,fixed,3,"[0.5432695673918492, 0.456914906967191]","[0.5791369617457875, 0.3063316759549761]","[0.5, 0.5]",0.041080953230164474,0.01711917379034547,0.042162692414960706,0.019097597833990156,"[0.1043177330212329, 0.0956822669787671]","[0.11364026428954058, 0.08635973571045943]",0.1
17,EXP-09,midpoint,fixed,4,"[0.5470083504884793, 0.4328215900052366]","[0.5391926561341918, 0.3280936699731185]","[0.5, 0.5]",0.02820550214820972,0.01717647983571635,0.0293807109104217,0.018156296239071147,"[0.10570933802416214, 0.09429066197583787]","[0.11055494930805367, 0.08944505069194635]",0.1
17,EXP-09,midpoint,fixed,5,"[0.5437578393917933, 0.4160651228000977]","[0.5426036811453608, 0.38158747411129024]","[0.5, 0.5]",0.01594497343796527,0.014754933097598634,0.0170389194227601,0.015820025126232658,"[0.10638463582958478, 0.09361536417041523]","[0.10805081035170354, 0.09194918964829646]",0.1
17,EXP-09,midpoint,fixed,6,"[0.5415731740723642, 0.4105486990098885]","[0.5873719045893456, 0.43547714340828036]","[0.5, 0.5]",0.010507728778564944,0.007788777721474134,0.011547058130374047,0.009973075336207775,"[0.10655122375312379, 0.09344877624687623]","[0.10759473805905327, 0.09240526194094674]",0.1
17,EXP-09,midpoint,fixed,7,"[0.5469009709550812, 0.4145372501136312]","[0.6472727083360091, 0.458194840461713]","[0.5, 0.5]",0.011449312618344575,-0.0005311582415223367,0.012621836892221603,0.0031506594668778923,"[0.1066181860420725, 0.09338181395792751]","[0.10945389339371481, 0.0905461066062852]",0.1
17,EXP-09,midpoint,fixed,8,"[0.5609604489360297, 0.4215224645693243]","[0.6872170139476048, 0.4364328464435706]","[0.5, 0.5]",0.014316135645602083,-0.0018469040505558905,0.015840146869002824,0.0028335212981342303,"[0.10697189921833528, 0.09302810078166474]","[0.11253920837520172, 0.08746079162479829]",0.1
18,EXP-09,upper,fixed,1,"[0.5, 0.5]","[0.6838059889364358, 0.3829390423053988]","[0.5, 0.5]",0.05299004702054887,0.005502137635270439,0.05299004702054887,0.010097287358681335,"[0.10000000000000002, 0.1]","[0.11504334733155186, 0.08495665266844815]",0.1
18,EXP-09,upper,fixed,2,"[0.5274089582298297, 0.4812702467688638]","[0.6390377654924511, 0.32904937300840875]","[0.5, 0.5]",0.04935891779432948,0.013726732775057607,0.05004414175007522,0.017202676912368885,"[0.10230693557304832, 0.0976930644269517]","[0.11549941962420213, 0.08450058037579788]",0.1
18,EXP-09,upper,fixed,3,"[0.5432695673918492, 0.456914906967191]","[0.5791369617457875, 0.3063316759549761]","[0.5, 0.5]",0.041080953230164474,0.01711917379034547,0.042162692414960706,0.019097597833990156,"[0.1043177330212329, 0.0956822669787671]","[0.11364026428954058, 0.08635973571045943]",0.1
18,EXP-09,upper,fixed,4,"[0.5470083504884793, 0.4328215900052366]","[0.5391926561341918, 0.3280936699731185]","[0.5, 0.5]",0.02820550214820972,0.01717647983571635,0.0293807109104217,0.018156296239071147,"[0.10570933802416214, 0.09429066197583787]","[0.11055494930805367, 0.08944505069194635]",0.1
18,EXP-09,upper,fixed,5,"[0.5437578393917933, 0.4160651228000977]","[0.5426036811453608, 0.38158747411129024]","[0.5, 0.5]",0.01594497343796527,0.014754933097598634,0.0170389194227601,0.015820025126232658,"[0.10638463582958478, 0.09361536417041523]","[0.10805081035170354, 0.09194918964829646]",0.1
18,EXP-09,upper,fixed,6,"[0.5415731740723642, 0.4105486990098885]","[0.5873719045893456, 0.43547714340828036]","[0.5, 0.5]",0.010507728778564944,0.007788777721474134,0.011547058130374047,0.009973075336207775,"[0.10655122375312379, 0.09344877624687623]","[0.10759473805905327, 0.09240526194094674]",0.1
18,EXP-09,upper,fixed,7,"[0.5469009709550812, 0.4145372501136312]","[0.6472727083360091, 0.458194840461713]","[0.5, 0.5]",0.011449312618344575,-0.0005311582415223367,0.012621836892221603,0.0031506594668778923,"[0.1066181860420725, 0.09338181395792751]","[0.10945389339371481, 0.0905461066062852]",0.1
18,EXP-09,upper,fixed,8,"[0.5609604489360297, 0.4215224645693243]","[0.6872170139476048, 0.4364328464435706]","[0.5, 0.5]",0.014316135645602083,-0.0018469040505558905,0.015840146869002824,0.0028335212981342303,"[0.10697189921833528, 0.09302810078166474]","[0.11253920837520172, 0.08746079162479829]",0.1
19,EXP-09,lower,fixed,1,"[0.5, 0.5]","[0.6838059889364358, 0.3829390423053988]","[0.5, 0.5]",0.05299004702054887,0.005502137635270439,0.05299004702054887,0.010097287358681335,"[0.10000000000000002, 0.1]","[0.11504334733155186, 0.08495665266844815]",0.1
19,EXP-09,lower,fixed,2,"[0.5274089582298297, 0.4812702467688638]","[0.6390377654924511, 0.32904937300840875]","[0.5, 0.5]",0.04935891779432948,0.013726732775057607,0.05004414175007522,0.017202676912368885,"[0.10230693557304832, 0.0976930644269517]","[0.11549941962420213, 0.08450058037579788]",0.1
19,EXP-09,lower,fixed,3,"[0.5432695673918492, 0.456914906967191]","[0.5791369617457875, 0.3063316759549761]","[0.5, 0.5]",0.041080953230164474,0.01711917379034547,0.042162692414960706,0.019097597833990156,"[0.1043177330212329, 0.0956822669787671]","[0.11364026428954058, 0.08635973571045943]",0.1
19,EXP-09,lower,fixed,4,"[0.5470083504884793, 0.4328215900052366]","[0.5391926561341918, 0.3280936699731185]","[0.5, 0.5]",0.02820550214820972,0.01717647983571635,0.0293807109104217,0.018156296239071147,"[0.10570933802416214, 0.09429066197583787]","[0.11055494930805367, 0.08944505069194635]",0.1
19,EXP-09,lower,fixed,5,"[0.5437578393917933, 0.4160651228000977]","[0.5426036811453608, 0.38158747411129024]","[0.5, 0.5]",0.01594497343796527,0.014754933097598634,0.0170389194227601,0.015820025126232658,"[0.10638463582958478, 0.09361536417041523]","[0.10805081035170354, 0.09194918964829646]",0.1
19,EXP-09,lower,fixed,6,"[0.5415731740723642, 0.4105486990098885]","[0.5873719045893456, 0.43547714340828036]","[0.5, 0.5]",0.010507728778564944,0.007788777721474134,0.011547058130374047,0.009973075336207775,"[0.10655122375312379, 0.09344877624687623]","[0.10759473805905327, 0.09240526194094674]",0.1
19,EXP-09,lower,fixed,7,"[0.5469009709550812, 0.4145372501136312]","[0.6472727083360091, 0.458194840461713]","[0.5, 0.5]",0.011449312618344575,-0.0005311582415223367,0.012621836892221603,0.0031506594668778923,"[0.1066181860420725, 0.09338181395792751]","[0.10945389339371481, 0.0905461066062852]",0.1
19,EXP-09,lower,fixed,8,"[0.5609604489360297, 0.4215224645693243]","[0.6872170139476048, 0.4364328464435706]","[0.5, 0.5]",0.014316135645602083,-0.0018469040505558905,0.015840146869002824,0.0028335212981342303,"[0.10697189921833528, 0.09302810078166474]","[0.11253920837520172, 0.08746079162479829]",0.1
20,EXP-09,static,fixed,1,"[0.5, 0.5]","[0.6838059889364358, 0.3829390423053988]","[0.5, 0.5]",0.05299004702054887,0.005502137635270439,0.05299004702054887,0.010097287358681335,"[0.10000000000000002, 0.1]","[0.11504334733155186, 0.08495665266844815]",0.1
20,EXP-09,static,fixed,2,"[0.5, 0.5]","[0.6390377654924511, 0.32904937300840875]","[0.5, 0.5]",0.06228234987700959,0.013726732775057607,0.06228234987700959,0.017202676912368885,"[0.10000000000000002, 0.1]","[0.11549941962420213, 0.08450058037579788]",0.1
20,EXP-09,static,fixed,3,"[0.5, 0.5]","[0.5791369617457875, 0.3063316759549761]","[0.5, 0.5]",0.06088925224310809,0.01711917379034547,0.06088925224310809,0.019097597833990156,"[0.09999999999999999, 0.1]","[0.11364026428954058, 0.08635973571045943]",0.1
20,EXP-09,static,fixed,4,"[0.5, 0.5]","[0.5391926561341918, 0.3280936699731185]","[0.5, 0.5]",0.048264330433880454,0.01717647983571635,0.048264330433880454,0.018156296239071147,"[0.1, 0.1]","[0.11055494930805367, 0.08944505069194635]",0.1
20,EXP-09,static,fixed,5,"[0.5, 0.5]","[0.5426036811453608, 0.38158747411129024]","[0.5, 0.5]",0.030591533032078563,0.014754933097598634,0.030591533032078563,0.015820025126232658,"[0.1, 0.1]","[0.10805081035170354, 0.09194918964829646]",0.1
20,EXP-09,static,fixed,6,"[0.5, 0.5]","[0.5873719045893456, 0.43547714340828036]","[0.5, 0.5]",0.01958582645579947,0.007788777721474134,0.01958582645579947,0.009973075336207775,"[0.1, 0.1]","[0.10759473805905327, 0.09240526194094674]",0.1
20,EXP-09,static,fixed,7,"[0.5, 0.5]","[0.6472727083360091, 0.458194840461713]","[0.5, 0.5]",0.02290576374312252,-0.0005311582415223367,0.02290576374312252,0.0031506594668778923,"[0.1, 0.1]","[0.10945389339371481, 0.0905461066062852]",0.1
20,EXP-09,static,fixed,8,"[0.5, 0.5]","[0.6872170139476048, 0.4364328464435706]","[0.5, 0.5]",0.037244089272168476,-0.0018469040505558905,0.037244089272168476,0.0028335212981342303,"[0.1, 0.1]","[0.11253920837520172, 0.08746079162479829]",0.1
21,EXP-10,midpoint,fixed,1,"[0.5, 0.5]","[0.6900559889364359, 0.3829390423053988]","[0.5, 0.5]",0.05299004702054887,0.003165500273564988,0.05299004702054887,0.010292599858681337,"[0.10000000000000002, 0.1]","[0.10767792366577593, 0.09232207633422408]",0.1
21,EXP-10,midpoint,fixed,2,"[0.5274089582298297, 0.4812702467688638]","[0.6452877654924511, 0.32904937300840875]","[0.5, 0.5]",0.04901630581645661,0.011949698206401967,0.05004414175007522,0.017397989412368885,"[0.10115346778652416, 0.09884653221347586]","[0.10790595981210106, 0.09209404018789895]",0.1
21,EXP-10,midpoint,fixed,3,"[0.5432695673918492, 0.456914906967191]","[0.5853869617457876, 0.3063316759549761]","[0.5, 0.5]",0.04054008363776636,0.016090899268523123,0.042162692414960706,0.01929291033399016,"[0.10215886651061645, 0.09784113348938356]","[0.10697638214477029, 0.09302361785522972]",0.1
21,EXP-10,midpoint,fixed,4,"[0.5470083504884793, 0.4328215900052366]","[0.5454426561341919, 0.3280936699731185]","[0.5, 0.5]",0.02761789776710373,0.016647509134038955,0.0293807109104217,0.01835160873907115,"[0.10285466901208107, 0.09714533098791894]","[0.10543372465402684, 0.09456627534597317]",0.1
21,EXP-10,midpoint,fixed,5,"[0.5437578393917933, 0.4160651228000977]","[0.5488536811453609, 0.38158747411129024]","[0.5, 0.5]",0.015398000445567852,0.014183324583281625,0.0170389194227601,0.01601533762623266,"[0.1031923179147924, 0.09680768208520761]","[0.10418165517585178, 0.09581834482414824]",0.1
21,EXP-10,midpoint,fixed,6,"[0.5415731740723642, 0.4105486990098885]","[0.5936219045893457, 0.43547714340828036]","[0.5, 0.5]",0.009988064102660392,0.006657566414107313,0.011547058130374047,0.010168387836207778,"[0.1032756118765619, 0.09672438812343812]","[0.10395361902952664, 0.09604638097047337]",0.1
21,EXP-10,midpoint,fixed,7,"[0.5469009709550812, 0.4145372501136312]","[0.6535227083360092, 0.458194840461713]","[0.5, 0.5]",0.01086305048140606,-0.0024111295957224524,0.012621836892221603,0.003345971966877895,"[0.10330909302103626, 0.09669090697896375]","[0.10488319669685742, 0.0951168033031426]",0.1
21,EXP-10,midpoint,fixed,8,"[0.5609604489360297, 0.4215224645693243]","[0.6934670139476049, 0.4364328464435706]","[0.5, 0.5]",0.01355413003390171,-0.004226179224900952,0.015840146869002824,0.0030288337981342318,"[0.10348594960916764, 0.09651405039083237]","[0.10642585418760087, 0.09357414581239915]",0.1
22,EXP-10,midpoint,cycling,1,"[0.5, 0.5]","[0.7493450624329244, 0.3796626997505913]","[0.8, 0.2]",0.07143638580370502,-0.005217640187290309,0.07143638580370502,0.006840388909556056,"[0.10000000000000002, 0.1]","[0.10924205906705833, 0.09075794093294168]",0.10277261772011752
22,EXP-10,midpoint,cycling,2,"[0.5368952099892679, 0.4825460319600946]","[0.5670165913135858, 0.3435144905979433]","[0.2, 0.8]",0.03263270711762345,0.012395640011202894,0.03362356321132313,0.011387838223916088,"[0.10135872945072935, 0.09864127054927066]","[0.10558755251789106, 0.09441244748210895]",0.09791611540941389
22,EXP-10,midpoint,cycling,3,"[0.5387146310011588, 0.4585009853421504]","[0.662037168450047, 0.26436309798608615]","[0.8, 0.2]",0.054120331051472195,0.0012223635015638761,0.056505857543817276,0.012600587613753704,"[0.10200534114147522, 0.09799465885852479]","[0.10994185176159903, 0.090058148238401]",0.10358415787092227
22,EXP-10,midpoint,cycling,4,"[0.5554462369929809, 0.4292389233651801]","[0.49006694429906267, 0.3977692395879571]","[0.2, 0.8]",0.01993562920125709,0.014670836291061652,0.020422738864210428,0.011998154593005537,"[0.10315518284069503, 0.09684481715930499]","[0.10230744261777763, 0.09769255738222236]",0.09836121236245822
22,EXP-10,midpoint,cycling,5,"[0.5419855501619539, 0.4224037739608244]","[0.5757636812785353, 0.3002317615175486]","[0.8, 0.2]",0.019233980433157577,0.003167017666988673,0.0225543536501123,0.010502941080788903,"[0.10298954440502825, 0.09701045559497176]","[0.10688829799402468, 0.09311170200597534]",0.10296335271971589
22,EXP-10,midpoint,cycling,6,"[0.5443900511406069, 0.4046562519699003]","[0.5856940051385482, 0.5056440809672952]","[0.2, 0.8]",0.015324934422184393,0.003420376200713281,0.01484432700927991,0.006760893215172981,"[0.10349334497926767, 0.09650665502073234]","[0.10200124810428132, 0.09799875189571867]",0.09835162207493532
22,EXP-10,midpoint,cycling,7,"[0.5479986837802775, 0.41901430460948347]","[0.6630715752614128, 0.41553136328205376]","[0.8, 0.2]",0.007632719894464511,-0.005621181339654917,0.011254848682511538,0.0023945470588018565,"[0.10322460947926985, 0.09677539052073016]","[0.10618850529948398, 0.09381149470051603]",0.10282393443362617
22,EXP-10,midpoint,cycling,8,"[0.5634103464172592, 0.4202570339970947]","[0.6626436521530714, 0.45138933197728137]","[0.2, 0.8]",0.008002650650361195,-0.0028138182944230945,0.008586321905943044,0.0021915786308059158,"[0.10357883281050412, 0.0964211671894959]","[0.10528135800439475, 0.09471864199560526]",0.09734194275553036
