t,action,comparator,weights,latent_weighted_action,latent_weighted_comparator,midpoint_weighted_action,midpoint_weighted_comparator,action_widths,comparator_widths,width_term
1,"[0.5, 0.5]","[0.6900559889364359, 0.3829390423053988]","[0.5, 0.5]",0.05299004702054887,0.003165500273564988,0.05299004702054887,0.010292599858681337,"[0.10000000000000002, 0.1]","[0.10767792366577593, 0.09232207633422408]",0.1
2,"[0.5274089582298297, 0.4812702467688638]","[0.686376789565674, 0.37549319166708695]","[0.5, 0.5]",0.04084242098880588,0.004382864203180075,0.04187025692242449,0.011371993811892854,"[0.10115346778652415, 0.09884653221347586]","[0.10777208994746468, 0.09222791005253533]",0.1
3,"[0.5498438112435647, 0.4643459179525795]","[0.682053095189577, 0.36811254047046216]","[0.5, 0.5]",0.0323382846965461,0.005598126993413122,0.03420742761817978,0.01242511806302226,"[0.10213744733227462, 0.09786255266772538]","[0.10784851386797788, 0.09215148613202213]",0.1
4,"[0.5679972966749267, 0.4489485775554407]","[0.6771265453485583, 0.3608681684212225]","[0.5, 0.5]",0.026460084783559164,0.006792733394236568,0.029009983408868914,0.013434978844807505,"[0.10297621797798714, 0.09702378202201285]","[0.1079064594231834, 0.09209354057681661]",0.1
5,"[0.5824579764627078, 0.4348557120939658]","[0.671644585410713, 0.3538298427823785]","[0.5, 0.5]",0.02246936266111573,0.007949919947772909,0.025561536778467276,0.014386591900674647,"[0.10369005660921855, 0.09630994339078146]","[0.10794536856570837, 0.09205463143429164]",0.1
6,"[0.5937278338943887, 0.42189157300411184]","[0.6656600096469869, 0.3470653464773725]","[0.5, 0.5]",0.019828280604920354,0.009055078520186763,0.023343074375959928,0.015267328881948773,"[0.10429590652225693, 0.09570409347774309]","[0.10796486657924037, 0.09203513342075964]",0.1
7,"[0.6022369820148044, 0.40991937675983353]","[0.6592304527934862, 0.34063982530347153]","[0.5, 0.5]",0.018143942059084005,0.010096030097688828,0.02197782888463917,0.016067172077444562,"[0.10480794013137427, 0.09519205986862574]","[0.10796476568725037, 0.09203523431274964]",0.1
8,"[0.6083559373393934, 0.3988346485268156]","[0.652417834997464, 0.3346151605421275]","[0.5, 0.5]",0.01712879455668445,0.011063201094438669,0.021192142206911707,0.016778869906843567,"[0.10523803222031446, 0.09476196777968555]","[0.10794506686138342, 0.0920549331386166]",0.1
9,"[0.6124058409646846, 0.3885595304492655]","[0.6452877654924511, 0.32904937300840875]","[0.5, 0.5]",0.016572378005687255,0.011949698206401967,0.020787597041862928,0.017397989412368885,"[0.10559615776288549, 0.09440384223711451]","[0.10790595981210106, 0.09209404018789895]",0.1
10,"[0.6146669488891273, 0.37903790525872844]","[0.6379089107454735, 0.3239960642788341]","[0.5, 0.5]",0.01632107480622498,0.012751281756837152,0.020621085389567254,0.01792286590979241,"[0.10589072609075997, 0.09410927390924004]","[0.107847821161666, 0.09215217883833401]",0.1
11,"[0.6153856627861427, 0.37023121070194537]","[0.630352333161437, 0.3195039004788889]","[0.5, 0.5]",0.016263502590203812,0.013466241365614893,0.020590464944684164,0.01835445385916878,"[0.10612886130210494, 0.09387113869789507]","[0.10777121081706371, 0.09222878918293628]",0.1
12,"[0.6147803300461898, 0.36211484106625635]","[0.6226908067133212, 0.31561614360163304]","[0.5, 0.5]",0.016319885993798567,0.014095181486790771,0.020624148370530684,0.018696086738540316,"[0.10631663722449833, 0.09368336277550168]","[0.10767686657779221, 0.0923231334222078]",0.1
13,"[0.6130460063129308, 0.35467504947191664]","[0.6149981160890379, 0.31237023487105875]","[0.5, 0.5]",0.0164342358254889,0.01464072775449797,0.020673461062223807,0.01895315710783689,"[0.10645927392102536, 0.09354072607897465]","[0.10756569703044948, 0.09243430296955053]",0.1
14,"[0.610358343877108, 0.3479062791357794]","[0.6073483461045515, 0.30979743416263544]","[0.5, 0.5]",0.016568512178243906,0.015107168026465997,0.020706950073635457,0.019132731005386677,"[0.10656130161853322, 0.09343869838146679]","[0.10743877279854791, 0.0925612272014521]",0.1
15,"[0.6068767442334989, 0.34180886394007637]","[0.5998151682266021, 0.3079225189536213]","[0.5, 0.5]",0.0166981946371129,0.015500044404870673,0.020706072545869113,0.019243113213368253,"[0.10662669700733557, 0.09337330299266444]","[0.10729731623182452, 0.09270268376817549]",0.1
16,"[0.6027468920723954, 0.33638704874224357]","[0.5924711310762083, 0.3067635457024121]","[0.5, 0.5]",0.01680885745146835,0.015825714255066688,0.020661865904183174,0.0192933816704245,"[0.1066589960832538, 0.09334100391674621]","[0.10714268963434491, 0.0928573103656551]",0.1
17,"[0.5981027703130054, 0.33164728825587053]","[0.5853869617457876, 0.3063316759549761]","[0.5, 0.5]",0.01689347128221045,0.016090899268523123,0.02057232516894815,0.01929291033399016,"[0.10666138705142837, 0.09333861294857164]","[0.10697638214477029, 0.09302361785522972]",0.1
18,"[0.5930682409422505, 0.3275967902877274]","[0.5786308846585927, 0.30663106885306524]","[0.5, 0.5]",0.01695024062088967,0.016302241889152542,0.02044029965622407,0.01925090006384977,"[0.10663678626636308, 0.09336321373363693]","[0.10679999539513818, 0.09320000460486182]",0.1
19,"[0.5877582639368653, 0.32424227485818147]","[0.5722679645302209, 0.30765884107940594]","[0.5, 0.5]",0.016980847585106,0.016465887933503474,0.020271782482738445,0.01917593660338676,"[0.1065878997269671, 0.09341210027303291]","[0.10661522808627039, 0.09338477191372963]",0.1
20,"[0.5822798160318021, 0.32158892545357737]","[0.566359479759834, 0.30940509462562127]","[0.5, 0.5]",0.016989015846394954,0.016587113005738154,0.020074508947587534,0.01907559349673193,"[0.10651727226445562, 0.09348272773554439]","[0.10642385962835532, 0.09357614037164469]",0.1
21,"[0.5767325622282872, 0.3196395125211044]","[0.5609623322856775, 0.3118530121154617]","[0.5, 0.5]",0.016979338128351774,0.016670008387341916,0.019856809211912543,0.01895609584805482,"[0.10642732624267957, 0.09357267375732044]","[0.10622773300425542, 0.0937722669957446]",0.1
22,"[0.5712093254374696, 0.31839367245620154]","[0.5561284995883082, 0.31497901876533246]","[0.5, 0.5]",0.016956330713338286,0.01671723954521699,0.0196266804172434,0.01882205827977855,"[0.10632039132453171, 0.0936796086754683]","[0.1060287370205744, 0.09397126297942561]",0.1
23,"[0.5657963933016038, 0.3178473278656625]","[0.5519045341190438, 0.3187530094223461]","[0.5, 0.5]",0.01692369136071988,0.016729887350089682,0.01939105610953002,0.01867630737955383,"[0.10619872663589854, 0.09380127336410148]","[0.10582878811741744, 0.09417121188258257]",0.1
24,"[0.5605736958323942, 0.3179922369147319]","[0.5483311149744075, 0.32313863849340246]","[0.5, 0.5]",0.016883744885065454,0.016707378649792166,0.01915525847878024,0.018519795461332443,"[0.10606453647294156, 0.09393546352705845]","[0.10562981191202513, 0.0943701880879749]",0.1
25,"[0.5556148828951164, 0.3188156611673192]","[0.5454426561341919, 0.3280936699731185]","[0.5, 0.5]",0.016837064778715116,0.016647509134038955,0.01892262288728198,0.01835160873907115,"[0.10591998054319493, 0.09408001945680508]","[0.10543372465402684, 0.09456627534597317]",0.1
26,"[0.5509873266133685, 0.32030014257624706]","[0.5432669750360203, 0.3335703841996489]","[0.5, 0.5]",0.016782260745160846,0.016546557603939516,0.018694285493162165,0.018169069167790278,"[0.10576717960092805, 0.09423282039907196]","[0.10524241477090929, 0.09475758522909072]",0.1
27,"[0.5467520703609927, 0.32242338123599135]","[0.5418250246782166, 0.3395160374211156]","[0.5, 0.5]",0.016715921644885973,0.016399486970262944,0.018469124283423198,0.017967925395696065,"[0.10560821722812504, 0.09439178277187496]","[0.10505772468142753, 0.09494227531857247]",0.1
28,"[0.5429637430517485, 0.3251582062256112]","[0.5411306918309764, 0.3458733697467712]","[0.5, 0.5]",0.01663270177417011,0.016200223697683737,0.018243842138610678,0.01774262464134535,"[0.10544513842065344, 0.09455486157934659]","[0.10488143305210512, 0.09511856694789488]",0.1
29,"[0.539670454856425, 0.3284726323889968]","[0.5411906632991799, 0.35258115659104833]","[0.5, 0.5]",0.016525536102041796,0.01594200412913147,0.018013178159157733,0.017486654002850714,"[0.10527994556168571, 0.0947200544383143]","[0.1047152376677033, 0.09528476233229671]",0.1
30,"[0.5369136882072657, 0.3323299962613251]","[0.5420043615248042, 0.3595747982997872]","[0.5, 0.5]",0.016385967486635896,0.01561777329369501,0.017770230794408363,0.017192936850875168,"[0.10511459229864852, 0.09488540770135148]","[0.10456073908062544, 0.09543926091937457]",0.1
31,"[0.5347281959380719, 0.33668916458747905]","[0.5435639501491242, 0.36678694228021935]","[0.5, 0.5]",0.016204566309104877,0.015220619534585136,0.017506873656782572,0.016854267665177294,"[0.10495097578376483, 0.09504902421623518]","[0.10441942519672262, 0.09558057480327739]",0.1
32,"[0.5331419166118402, 0.3415048090183175]","[0.5458544094811296, 0.3741481316432541]","[0.5, 0.5]",0.015971420666909045,0.01474422667996161,0.017214242539853052,0.016463767035503972,"[0.10479092768983807, 0.09520907231016194]","[0.10429265694594689, 0.09570734305405312]",0.1
33,"[0.5321759154709265, 0.34672774063830736]","[0.5488536811453609, 0.38158747411129024]","[0.5, 0.5]",0.01567667346898037,0.014183324583281625,0.01688327029914011,0.01601533762623266,"[0.10463620437081549, 0.09536379562918451]","[0.10418165517585178, 0.09581834482414824]",0.1
34,"[0.531844357978836, 0.35230529799398463]","[0.5525328805161227, 0.38903332474960217]","[0.5, 0.5]",0.01531108163193655,0.013534118717799375,0.0165052450561429,0.015504101737153976,"[0.10448847649962129, 0.09551152350037873]","[0.104087488894163, 0.095912511105837]",0.1
35,"[0.5321545215848019, 0.35818178227488345]","[0.5568565748922198, 0.3964139759462269]","[0.5, 0.5]",0.014866572199900332,0.012794680129374705,0.016072366759330402,0.014926801687832947,"[0.10434931848274796, 0.09565068151725206]","[0.10401106497364984, 0.0959889350263502]",0.1
36,"[0.5331068501139887, 0.3642989332622984]","[0.5617831247332385, 0.4036583479954666]","[0.5, 0.5]",0.014336770664981197,0.011965278410805025,0.015578277544255776,0.01428214558830147,"[0.10422019792129227, 0.09577980207870776]","[0.1039531194184443, 0.09604688058155572]",0.1
37,"[0.5346950540530687, 0.3705964396196053]","[0.5672650846710838, 0.4106966736343106]","[0.5, 0.5]",0.013717478071330504,0.011048642408837935,0.01501854259832058,0.01357108308400358,"[0.10410246536083659, 0.09589753463916342]","[0.10391421027591934, 0.09608578972408069]",0.1
38,"[0.5369062589519511, 0.3770124770619582]","[0.5732496604348101, 0.4174611699393166]","[0.5, 0.5]",0.013007075621345454,0.010050136034514318,0.014391060332043619,0.012796998300819696,"[0.10399734454724983, 0.09600265545275016]","[0.10389471226238735, 0.09610528773761266]",0.1
39,"[0.5397212031892086, 0.38348426792233553]","[0.5796792172883105, 0.42388669111321753]","[0.5, 0.5]",0.0122068384079013,0.008977839717462152,0.013696383527496622,0.011965810365773797,"[0.10390592338167183, 0.09609407661832817]","[0.10389481315437733, 0.09610518684562268]",0.1
40,"[0.5431144854450649, 0.3899486556328767]","[0.5864918350843329, 0.42991135587456164]","[0.5, 0.5]",0.011321143476618454,0.007842531604284386,0.01293793668080839,0.01108597541994687,"[0.10382914574530472, 0.09617085425469529]","[0.10391451198024429, 0.09608548801975572]",0.1
41,"[0.5470548613873478, 0.3963426876715463]","[0.5936219045893457, 0.43547714340828036]","[0.5, 0.5]",0.010357561552494447,0.006657566414107313,0.01212211885451999,0.010168387836207778,"[0.10376780434289504, 0.09623219565710497]","[0.10395361902952664, 0.09604638097047337]",0.1
42,"[0.5515055882996674, 0.40260420058942376]","[0.6010007593363232, 0.440530452137855]","[0.5, 0.5]",0.009326826296998117,0.005438653784535426,0.011258285858235646,0.00922618225964755,"[0.1037225346927561, 0.09627746530724392]","[0.10401175767996171, 0.0959882423200383]",0.1
43,"[0.5564248156655324, 0.40867240083717277]","[0.6085573369203598, 0.44502261593780024]","[0.5, 0.5]",0.008242679728415369,0.004203541818168441,0.010358610315872832,0.008274441952681937,"[0.103693810370709, 0.09630618962929101]","[0.10408836802456399, 0.09591163197543602]",0.1
44,"[0.5617660190663047, 0.41448843525327317]","[0.6162188633684756, 0.4489103728150561]","[0.5, 0.5]",0.007121597262451875,0.0029716152243481325,0.009437822977438302,0.00732982260066597,"[0.10368193959532579, 0.09631806040467422]","[0.10418271226383549, 0.09581728773616452]",0.1
45,"[0.5674784741546521, 0.4199959452631584]","[0.6239115539927589, 0.4521562815456304]","[0.5, 0.5]",0.005982400530742146,0.001763420800926329,0.0085128433115416,0.006410104075654788,"[0.10368706322228735, 0.09631293677771266]","[0.10429388181117821, 0.0957061181888218]",0.1
46,"[0.5735077669287492, 0.4251415990683539]","[0.6315613239772453, 0.4547290822540537]","[0.5, 0.5]",0.0048457705344273315,0.0006001358871802703,0.007602311794255426,0.00553368553632697,"[0.10370915419650989, 0.09629084580349012]","[0.1044208060430798, 0.09557919395692022]",0.1
47,"[0.5797963360565085, 0.4298755963780659]","[0.6390945018551948, 0.4566039974630678]","[0.5, 0.5]",0.0037336776213718788,-0.0004970022702773301,0.006726040223490947,0.0047190415492924746,"[0.10374801849196107, 0.09625198150803894]","[0.10456226260980318, 0.09543773739019683]",0.1
48,"[0.5862840425842983, 0.4341521405516662]","[0.6464385390055886, 0.457762970714277]","[0.5, 0.5]",0.0026687480890799737,-0.001507286651586694,0.005904399685991162,0.003984158561122878,"[0.10380329755081581, 0.0961967024491842]","[0.1047168892072828, 0.09528311079271722]",0.1
49,"[0.5929087620117047, 0.4379298733776839]","[0.6535227083360092, 0.458194840461713]","[0.5, 0.5]",0.0016735897841999932,-0.0024111295957224524,0.005157668359638922,0.003345971966877895,"[0.10387447221585053, 0.09612552778414948]","[0.10488319669685742, 0.0951168033031426]",0.1
50,"[0.5996069934235935, 0.4411722681111286]","[0.6602787854232042, 0.45789544756362394]","[0.5, 0.5]",0.0007701007949596687,-0.003190630280484714,0.004505363048344424,0.0028198241728854432,"[0.10396086813281163, 0.09603913186718838]","[0.10505958344648951, 0.0949404165535105]",0.1
51,"[0.6063144801435312, 0.44384797682352783]","[0.6666417055515761, 0.4568676753372832]","[0.5, 0.5]",-2.1213851821902906e-05,-0.0038301005266440343,0.003965579153560517,0.00241896343154007,"[0.10406166258300009, 0.09593833741699992]","[0.10524435075535733, 0.09475564924464268]",0.1
52,"[0.6129668362088183, 0.4459311285857287]","[0.6725501903219628, 0.45512142179106785]","[0.5, 0.5]",-0.0006818927045600096,-0.004316530281132484,0.0035543636532706776,0.002154101855941123,"[0.10417589269057724, 0.09582410730942277]","[0.10543571921327238, 0.09456428078672763]",0.1
53,"[0.6195001728669214, 0.44740157549858295]","[0.6779473377961194, 0.4526735043012273]","[0.5, 0.5]",-0.0011961118927444824,-0.004639976214305501,0.0032851445897650704,0.002033048953048977,"[0.10430246493420847, 0.09569753506579154]","[0.10563184583737231, 0.0943681541626277]",0.1
54,"[0.625851719255593, 0.44824508410700603]","[0.6827811704934886, 0.4495474976513566]","[0.5, 0.5]",-0.0015512008709823706,-0.004793859570270807,0.0031682386011023687,0.002060434323235017,"[0.10444016587871469, 0.09555983412128533]","[0.1058308418210533, 0.09416915817894671]",0.1
55,"[0.6319604314536563, 0.4484534702741021]","[0.687005135962753, 0.445773506994343]","[0.5, 0.5]",-0.0017380609379187618,-0.004775162635593386,0.003210455241593351,0.0022375299630098535,"[0.10458767402948886, 0.09541232597051115]","[0.10603079072421026, 0.09396920927578975]",0.1
56,"[0.6377675841751118, 0.44802467614934066]","[0.6905785551073893, 0.44138787792328665]","[0.5, 0.5]",-0.001751471077364728,-0.004584516818867941,0.0034148133292019657,0.002562178997659159,"[0.10474357270064429, 0.09525642729935573]","[0.10622976692960256, 0.09377023307039745]",0.1
57,"[0.6432173395242762, 0.446962788433172]","[0.6934670139476049, 0.4364328464435706]","[0.5, 0.5]",-0.0015902697669460434,-0.004226179224900952,0.003780380465214314,0.0030288337981342318,"[0.1049063637772776, 0.0950936362227224]","[0.10642585418760087, 0.09357414581239915]",0.1
58,"[0.6482572874320087, 0.4452779977148358]","[0.6956426950457766, 0.4309561322170402]","[0.5, 0.5]",-0.001257405929604969,-0.0037078986156648393,0.004302242349095359,0.0036287024485517827,"[0.10507448224292933, 0.09492551775707068]","[0.10661716407071842, 0.0933828359292816]",0.1
59,"[0.6528389526502115, 0.4429864992351885]","[0.6970846454035804, 0.42501047899557354]","[0.5, 0.5]",-0.0007598569935184564,-0.003040675624399014,0.004971603730864476,0.004349998578235252,"[0.10524631133537558, 0.09475368866462443]","[0.10680185416020017, 0.09319814583979984]",0.1
60,"[0.6569182634907506, 0.4401103359968501]","[0.6977789782508205, 0.41865314666991793]","[0.5, 0.5]",-0.00010841689465977298,-0.002238425879175377,0.005776017986243373,0.005178285805230392,"[0.10542019818734752, 0.09457980181265249]","[0.10697814578952257, 0.09302185421047744]",0.1
61,"[0.6604559778523618, 0.43667718570454095]","[0.697719006782617, 0.4119453598256409]","[0.5, 0.5]",0.0006826383814527762,-0.0013175581549084896,0.006699737550916343,0.006096904599439649,"[0.10559446980369552, 0.09440553019630449]","[0.1071443411739244, 0.0928556588260756]",0.1
62,"[0.6634180624812026, 0.43272009356391694]","[0.6969053085569926, 0.4049517181169019]","[0.5, 0.5]",0.0015959956470129027,-0.00029648267769399623,0.007724172990058001,0.007087466393193229,"[0.10576744922293214, 0.09423255077706787]","[0.10729883976100227, 0.09270116023899774]",0.1
63,"[0.665776021853329, 0.42827715349239454]","[0.6953457199326727, 0.39773957413646976]","[0.5, 0.5]",0.00261184365789173,0.0008049328604687891,0.008828444477391567,0.008130397357944016,"[0.10593747170902337, 0.09406252829097664]","[0.10744015364490508, 0.09255984635509493]",0.1
64,"[0.667507173546024, 0.4233911407954466]","[0.6930552606006672, 0.3903783847734349]","[0.5, 0.5]",0.0037084870585261612,0.0019659402462056637,0.00999000606650206,0.009205512518730686,"[0.10610290081876445, 0.09389709918123557]","[0.10756692189568082, 0.0924330781043192]",0.1
