accuracy,all_covered,batch,brier,covered_0,covered_1,covered_2,error_0,error_1,error_2,fixed_covered_0,fixed_covered_1,fixed_covered_2,forecast_0,forecast_1,forecast_2,logloss,method,radius_0,radius_1,radius_2,resource,score_gap
0.04296875,,1,0.25,,,,,,,,,,,,,0.6931471805599453,jcam_80_15_05,,,,3.0,0.0
0.04296875,,1,0.25,,,,,,,,,,,,,0.6931471805599453,logistic_only,,,,3.0,0.0
0.04296875,,1,0.25,,,,,,,,,,,,,0.6931471805599453,gap_heavy_65_30_05,,,,3.0,0.0
0.04296875,,1,0.25,,,,,,,,,,,,,0.6931471805599453,resource_heavy_70_10_20,,,,3.0,0.0
0.9453125,,2,0.17469083606244615,,,,0.0038483223666510025,5.743979456002482e-05,0.0,,,,0.5369529987904524,0.000877662718298939,2.9885041708546654,0.5408013211571034,jcam_80_15_05,,,,2.9885041708546654,0.0009351025128589638
0.9453125,,2,0.15917987208684925,,,,,,,,,,,,,0.5083148254020351,logistic_only,,,,3.0054459700854137,0.0011688781410737065
0.9453125,,2,0.1872153946244727,,,,,,,,,,,,,0.566614071685869,gap_heavy_65_30_05,,,,2.987319672361088,0.0007597707916979085
0.9453125,,2,0.18295595740609094,,,,,,,,,,,,,0.5578706952092745,resource_heavy_70_10_20,,,,2.9429685253418514,0.0008182146987515959
0.94921875,,3,0.12861230269884402,,,,0.005940608626558319,0.0015731205859939048,0.0,,,,0.44789390359235703,0.0016753161086415606,2.9809992929434785,0.4419532949657987,jcam_80_15_05,,,,2.9809992929434785,0.00010219552264765586
0.94921875,,3,0.11129566082765832,,,,,,,,,,,,,0.4020359094954217,logistic_only,,,,3.016123535347669,0.00012538180292350615
0.94921875,,3,0.14442233076377098,,,,,,,,,,,,,0.4768130098568969,gap_heavy_65_30_05,,,,2.977601960396159,8.373728882770173e-05
0.94921875,,3,0.1391452572491238,,,,,,,,,,,,,0.4653134952275908,resource_heavy_70_10_20,,,,2.890296126383737,9.058579462192383e-05
0.9609375,,4,0.09684836871461695,,,,0.010215107691285918,0.0024772065455904023,0.0,,,,0.37872307755810125,0.00014029075281105747,2.9753076931204747,0.36850796986681533,jcam_80_15_05,,,,2.9753076931204747,0.0026174972984014597
0.9609375,,4,0.08124135158714282,,,,,,,,,,,,,0.32847405378307587,logistic_only,,,,3.028369517867773,0.0031323391961682844
0.9609375,,4,0.1124343575860553,,,,,,,,,,,,,0.4057892924752573,gap_heavy_65_30_05,,,,2.9695842432312034,0.0021935607878964484
0.9609375,,4,0.10748498557547939,,,,,,,,,,,,,0.3941804659168981,resource_heavy_70_10_20,,,,2.8403561538933677,0.0023393721378515385
0.984375,,5,0.06684119316928336,,,,0.02648013890799672,0.0023889814718947387,0.0,,,,0.32196782690500836,0.003185243080760059,2.9705081898947783,0.29548768799701164,jcam_80_15_05,,,,2.9705081898947783,0.0007962616088653205
0.984375,,5,0.052560995800586735,,,,,,,,,,,,,0.254594560051543,logistic_only,,,,3.041144024933614,0.0009390586961812147
0.984375,,5,0.08191690788187532,,,,,,,,,,,,,0.33486710428057487,gap_heavy_65_30_05,,,,2.962558349572468,0.0006757029535724951
0.984375,,5,0.07740475549803993,,,,,,,,,,,,,0.32339622954109004,resource_heavy_70_10_20,,,,2.7923594419282467,0.000716510556467956
0.9609375,,6,0.0667207058494404,,,,0.0324599790397343,0.0007475254386687317,0.0,,,,0.2549038412150946,0.0009340601660302044,2.966870183165227,0.2873638202548289,jcam_80_15_05,,,,2.966870183165227,0.001681585604698936
0.9609375,,6,0.05662837878517863,,,,,,,,,,,,,0.2550459646682457,logistic_only,,,,3.055015776209722,0.0019642292106715285
0.9609375,,6,0.07817946902122827,,,,,,,,,,,,,0.3201896467583142,gap_heavy_65_30_05,,,,2.95667975079971,0.0014403956616255119
0.9609375,,6,0.07499006358569163,,,,,,,,,,,,,0.31136086927013196,resource_heavy_70_10_20,,,,2.746428176781421,0.0015190687611930532
0.94921875,,7,0.06735471724044431,,,,0.019021575878871988,0.0011885908063590193,0.0,,,,0.2645682069662876,0.0018672332494331532,2.9615849294739585,0.28358978284515957,jcam_80_15_05,,,,2.9615849294739585,0.0006786424430741339
0.94921875,,7,0.05986949207723027,,,,,,,,,,,,,0.25756269383168884,logistic_only,,,,3.0661500627595233,0.0007843474388913294
0.94921875,,7,0.07628582245799151,,,,,,,,,,,,,0.31110810277301104,gap_heavy_65_30_05,,,,2.9498651489533962,0.0005876152612052576
0.94921875,,7,0.07406331551785,,,,,,,,,,,,,0.30452226781715835,resource_heavy_70_10_20,,,,2.7002681749336324,0.0006152711732204481
0.9375,,8,0.07035236440095999,,,,0.017121793834019794,0.0005466321284783471,0.0,,,,0.26902216362422116,0.0007290740644756684,2.9551252533420005,0.28614395745824095,jcam_80_15_05,,,,2.9551252533420005,0.0001824419359973213
0.9375,,8,0.06496172450965873,,,,,,,,,,,,,0.26577033649560255,logistic_only,,,,3.0754175914977786,0.00020067487054682167
0.9375,,8,0.07713537226932171,,,,,,,,,,,,,0.3086408943496989,gap_heavy_65_30_05,,,,2.9423515110804024,0.00016676191321985648
0.9375,,8,0.07567916344642317,,,,,,,,,,,,,0.30401945505613565,resource_heavy_70_10_20,,,,2.6541763637874958,0.00016540727743745627
0.97265625,,9,0.04407445597464747,,,,0.05772067775581133,0.0024875750576030782,0.0,,,,0.2769377150863226,0.00019000848716475068,2.947453955700676,0.21921703733051126,jcam_80_15_05,,,,2.947453955700676,0.002677583544767829
0.97265625,,9,0.03782041617991064,,,,,,,,,,,,,0.19420189693029438,logistic_only,,,,3.082859056864058,0.003044301373432966
0.97265625,,9,0.05152187441031242,,,,,,,,,,,,,0.2453181308689214,gap_heavy_65_30_05,,,,2.9340515927488613,0.0023597279585752685
0.97265625,,9,0.050276696572796514,,,,,,,,,,,,,0.2411563128457923,resource_heavy_70_10_20,,,,2.6080898028802735,0.0024373114881949577
0.96484375,,10,0.04601202232106279,,,,0.013318742609891021,0.001907911165575254,0.0,,,,0.2058025828311736,0.0028420232021193594,2.9417600229442287,0.21912132544106463,jcam_80_15_05,,,,2.9417600229442287,0.0009341120365441054
0.96484375,,10,0.041180038996163335,,,,,,,,,,,,,0.19814924404314466,logistic_only,,,,3.0930484405291536,0.0010578513813495425
0.96484375,,10,0.05195069396412155,,,,,,,,,,,,,0.24151836208459343,gap_heavy_65_30_05,,,,2.9272136960262585,0.0008271093333960238
0.96484375,,10,0.05116669807514445,,,,,,,,,,,,,0.2387125566203893,resource_heavy_70_10_20,,,,2.564513935185067,0.0008510883947818243
0.94921875,,11,0.055274476318635635,,,,0.02938197995951622,0.0026055604325110897,0.0,,,,0.20984435647940067,0.0009804613383249633,2.9350349646271536,0.2392263364389169,jcam_80_15_05,,,,2.9350349646271536,0.003586021770836053
0.94921875,,11,0.05191805230438186,,,,,,,,,,,,,0.22372556786660275,logistic_only,,,,3.1016908753375967,0.0040438765910341175
0.94921875,,11,0.05962505259228219,,,,,,,,,,,,,0.2566359565598083,gap_heavy_65_30_05,,,,2.9196969675140054,0.0031916776874830848
0.94921875,,11,0.05923648811578626,,,,,,,,,,,,,0.25516477341880694,resource_heavy_70_10_20,,,,2.521020640602046,0.003269092355818992
0.9609375,,12,0.045211025664485184,,,,0.023149724617279405,0.0031338248333711714,0.0,,,,0.2339859770416697,0.0037001618672824754,2.926656162266881,0.2108362524243903,jcam_80_15_05,,,,2.926656162266881,0.000566337033911304
0.9609375,,12,0.041847755984345154,,,,,,,,,,,,,0.19441820421071232,logistic_only,,,,3.1080153913108113,0.0006359079040451545
0.9609375,,12,0.049435617294548435,,,,,,,,,,,,,0.22864914682820997,gap_heavy_65_30_05,,,,2.9109718053186104,0.0005065521394862296
0.9609375,,12,0.04927015992617016,,,,,,,,,,,,,0.22799141875666934,resource_heavy_70_10_20,,,,2.4770957765898367,0.0005166031601060899
0.9375,,13,0.061974166231793026,,,,0.04767618568213805,0.002230402955737868,0.0,,,,0.2050073339616405,0.0005870277962874734,2.9189015094553565,0.25268351964377855,jcam_80_15_05,,,,2.9189015094553565,0.0028174307520253414
0.9375,,13,0.0600072854159551,,,,,,,,,,,,,0.24269928507077299,logistic_only,,,,3.1151486855924064,0.003158055873555371
0.9375,,13,0.06472040620725489,,,,,,,,,,,,,0.2647527351587501,gap_heavy_65_30_05,,,,2.9027380524571806,0.0025262197707807818
0.9375,,13,0.06475671877114379,,,,,,,,,,,,,0.26490186081948375,resource_heavy_70_10_20,,,,2.434530324122317,0.002570811813134655
0.96484375,,14,0.04094252182148814,,,,0.053331729713919585,0.00047728595710900754,0.0,,,,0.25030678245898086,0.0028720033437568586,2.9089084748238836,0.19697505274506127,jcam_80_15_05,,,,2.9089084748238836,0.002394717386647851
0.96484375,,14,0.03802918759415932,,,,,,,,,,,,,0.1820016573504458,logistic_only,,,,3.1191918518960953,0.002673301821667225
0.96484375,,14,0.04448426905665599,,,,,,,,,,,,,0.21279120535085289,gap_heavy_65_30_05,,,,2.892827979981586,0.0021573573907532166
0.96484375,,14,0.04475974027159207,,,,,,,,,,,,,0.21394274223336002,resource_heavy_70_10_20,,,,2.39102796036417,0.0021856443570806164
0.94921875,,15,0.05188564049931703,,,,0.03159699130263749,0.005716140418172512,0.0,,,,0.1919648770819405,0.002452022212810233,2.901098284438212,0.22356186838457798,jcam_80_15_05,,,,2.901098284438212,0.008168162630982745
0.94921875,,15,0.049955489144447376,,,,,,,,,,,,,0.2130557610085186,logistic_only,,,,3.126236507489479,0.009034937020635354
0.94921875,,15,0.05440564902645369,,,,,,,,,,,,,0.23543965455622612,gap_heavy_65_30_05,,,,2.884522253327918,0.007441233047070464
0.94921875,,15,0.054734393964864354,,,,,,,,,,,,,0.23688647727796053,resource_heavy_70_10_20,,,,2.35009155390925,0.00743659834473516
0.9765625,,16,0.036249706833680256,,,,0.029446988183704198,0.006134750714855804,0.0,,,,0.22101509949163048,0.00831329260789579,2.891582559004715,0.19156811130792628,jcam_80_15_05,,,,2.891582559004715,0.002178541893039985
0.9765625,,16,0.032027450370582924,,,,,,,,,,,,,0.172767051152101,logistic_only,,,,3.1309566308864625,0.0023882619225322295
0.9765625,,16,0.040829178489273976,,,,,,,,,,,,,0.2097449585523492,gap_heavy_65_30_05,,,,2.8749043785246315,0.0020049813301422454
0.9765625,,16,0.04159567075043322,,,,,,,,,,,,,0.21262623047968765,resource_heavy_70_10_20,,,,2.3086200955736547,0.0019800808958224687
0.9375,,17,0.06426876303872855,,,,0.08098560131602608,0.0013820621340366018,0.0,,,,0.18189830535341364,0.0022861599602480333,2.8857074895024537,0.2628839066694397,jcam_80_15_05,,,,2.8857074895024537,0.0009040978262114315
0.9375,,17,0.06167044870373253,,,,,,,,,,,,,0.25125447222071084,logistic_only,,,,3.140699996808808,0.0010098095681754338
0.9375,,17,0.06733560044276053,,,,,,,,,,,,,0.2751107441980102,gap_heavy_65_30_05,,,,2.867959493415656,0.0008157238798940968
0.9375,,17,0.0679163784763396,,,,,,,,,,,,,0.2772986110444677,resource_heavy_70_10_20,,,,2.2707154052839296,0.0008239188630448078
0.953125,,18,0.051791343983038154,,,,0.029433883332444816,0.004073738394706471,0.0,,,,0.2586511558659736,0.0009282082747729835,2.8768751026837567,0.22921727253352878,jcam_80_15_05,,,,2.8768751026837567,0.005001946669479455
0.953125,,18,0.04896766088828129,,,,,,,,,,,,,0.21602617069144905,logistic_only,,,,3.146321102230467,0.005556490130666921
0.953125,,18,0.05499394658293192,,,,,,,,,,,,,0.24252944081118738,gap_heavy_65_30_05,,,,2.8588270777857203,0.0045422590660569445
0.953125,,18,0.055735479675740475,,,,,,,,,,,,,0.2454327799078492,resource_heavy_70_10_20,,,,2.231202577635862,0.004553136732587275
0.9453125,,19,0.05628481882355901,,,,0.014343320371793783,0.004750476262458629,0.0,,,,0.2239471662409323,0.0051346702806759955,2.8688991461002167,0.2382904866127261,jcam_80_15_05,,,,2.8688991461002167,0.00038419401821736677
0.9453125,,19,0.05414576165961681,,,,,,,,,,,,,0.22766101277435621,logistic_only,,,,3.153112918027806,0.00042675828082042763
0.9453125,,19,0.05881608666068251,,,,,,,,,,,,,0.24941977540196797,gap_heavy_65_30_05,,,,2.850314974807712,0.00034908644294217575
0.9453125,,19,0.05949850007790952,,,,,,,,,,,,,0.2522358388179962,resource_heavy_70_10_20,,,,2.1931499207552965,0.0003495255292669402
0.93359375,,20,0.06449212949993016,,,,0.023481138251690736,0.00017551975650797102,0.0,,,,0.2348509542013003,0.00039299979679908504,2.8599619640426557,0.25833209245299105,jcam_80_15_05,,,,2.8599619640426557,0.00021748004029111402
0.93359375,,20,0.0630565752973227,,,,,,,,,,,,,0.2508835669445706,logistic_only,,,,3.1584849588601616,0.00024110575516933167
0.93359375,,20,0.06632444590226719,,,,,,,,,,,,,0.2667394146738641,gap_heavy_65_30_05,,,,2.8411374096715893,0.00019814677713575165
0.93359375,,20,0.06693192277366261,,,,,,,,,,,,,0.26934955995828647,resource_heavy_70_10_20,,,,2.1550806407493512,0.00019768262351507168
0.94921875,1,21,0.05202210539363094,1,1,1,0.032274813640812944,0.00169869291611468,0.0,1,1,1,0.25652727162101174,0.00022101049458324892,2.849742960072609,0.2242524579801988,jcam_80_15_05,0.05772067775581133,0.005716140418172512,0.0,2.849742960072609,0.0019197034106979288
0.94921875,,21,0.050234924660161925,,,,,,,,,,,,,0.2146950740849056,logistic_only,,,,3.162070248075329,0.0021285807412183815
0.94921875,,21,0.05410790247175533,,,,,,,,,,,,,0.23411608363549447,gap_heavy_65_30_05,,,,2.8309975616450727,0.0017492700796199506
0.94921875,,21,0.05492259838085539,,,,,,,,,,,,,0.23771258165370113,resource_heavy_70_10_20,,,,2.1167343390889606,0.001745265897476267
0.921875,0,22,0.07293452248629514,0,1,1,0.05791759164102184,0.0005665430275897778,0.0,0,1,1,0.22140655037878298,0.0019568288084809166,2.840651555387935,0.2793241420198048,jcam_80_15_05,0.05772067775581133,0.005716140418172512,0.0,2.840651555387935,0.0013902857808911389
0.921875,,22,0.07223571791627753,,,,,,,,,,,,,0.2754844178261541,logistic_only,,,,3.1671781647737633,0.00153630250992161
0.921875,,22,0.07399882093468062,,,,,,,,,,,,,0.2845236671363611,gap_heavy_65_30_05,,,,2.821687400813203,0.0012726485653780425
0.921875,,22,0.07452437256043247,,,,,,,,,,,,,0.2869191136897252,resource_heavy_70_10_20,,,,2.0800202632739175,0.0012616891458479642
0.9375,1,23,0.06053006069682357,1,1,1,0.03320468653105074,0.0013707598255341628,0.0,1,1,1,0.2787474893834187,0.0014005584711466344,2.8289656156442518,0.24554280285236796,jcam_80_15_05,0.05791759164102184,0.005716140418172512,0.0,2.8289656156442518,0.002771318296680797
0.9375,,23,0.059422416230649866,,,,,,,,,,,,,0.23934670763996835,logistic_only,,,,3.1687237587020896,0.003056736436943889
0.9375,,23,0.06190211628702074,,,,,,,,,,,,,0.25236523232852814,gap_heavy_65_30_05,,,,2.8104123922839186,0.002542976183843821
0.9375,,23,0.06266553511188891,,,,,,,,,,,,,0.2558989838366733,resource_heavy_70_10_20,,,,2.0419546790445953,0.002513278963487092
0.95703125,1,24,0.04488599440532175,1,1,1,0.041654763707414055,0.0012074949871230412,0.0,1,1,1,0.24420522582673976,0.002803672655067399,2.8185445024506772,0.2025504621193257,jcam_80_15_05,0.05791759164102184,0.005716140418172512,0.0,2.8185445024506772,0.0015961776679443576
0.95703125,,24,0.043281960092103944,,,,,,,,,,,,,0.19339608515254286,logistic_only,,,,3.171973024476931,0.0017585517596405533
0.95703125,,24,0.04664873713227238,,,,,,,,,,,,,0.2114903634118121,gap_heavy_65_30_05,,,,2.800067495000515,0.0014674114170107936
0.95703125,,24,0.04771406190241216,,,,,,,,,,,,,0.21650735106292576,resource_heavy_70_10_20,,,,2.0056133729044876,0.0014460120148745994
0.9140625,0,25,0.07879810349639836,0,1,1,0.09463488024511418,0.0010707589225814405,0.0,0,1,1,0.19980943534530488,0.0016238288218807804,2.8097599584864366,0.29444431559041906,jcam_80_15_05,0.05791759164102184,0.005716140418172512,0.0,2.8097599584864366,0.0005530698992993399
0.9140625,,25,0.07859241553903981,,,,,,,,,,,,,0.29328660841708704,logistic_only,,,,3.177380399924186,0.0006094612824606315
0.9140625,,25,0.0793193984658721,,,,,,,,,,,,,0.2971475890025982,gap_heavy_65_30_05,,,,2.790972451849601,0.0005088025374409916
0.9140625,,25,0.07975985146550466,,,,,,,,,,,,,0.29927472406995714,resource_heavy_70_10_20,,,,1.9712607598970937,0.0005003007123044862
0.89453125,1,26,0.09431270415213783,1,1,1,0.04240714701346715,0.0005497097290057461,0.0,1,1,1,0.2943531713483917,0.0005539675021493862,2.7969693165365173,0.3367603183618588,jcam_80_15_05,0.08098560131602608,0.005716140418172512,0.0,2.7969693165365173,0.0011036772311551323
0.89453125,,26,0.09465820805365466,,,,,,,,,,,,,0.3387902427788228,logistic_only,,,,3.1773273831941884,0.0011838819325212906
0.89453125,,26,0.09432953835379367,,,,,,,,,,,,,0.336865804703593,gap_heavy_65_30_05,,,,2.7788275751163654,0.001046476617902574
0.89453125,,26,0.09449814112101278,,,,,,,,,,,,,0.337700916182181,resource_heavy_70_10_20,,,,1.9343919035280839,0.0009895816772803293
0.96484375,0,27,0.03831857045088763,0,1,1,0.1530583330194153,0.0006572922945592462,0.0,0,1,1,0.3367147801831879,0.0010985204275327167,2.782551355454253,0.1836564471637726,jcam_80_15_05,0.08098560131602608,0.005716140418172512,0.0,2.782551355454253,0.00044122813297347045
0.96484375,,27,0.03673730966173913,,,,,,,,,,,,,0.174454324333008,logistic_only,,,,3.175083529106033,0.000482770984522634
0.96484375,,27,0.03990588222654268,,,,,,,,,,,,,0.19196074633512838,gap_heavy_65_30_05,,,,2.7653962189238994,0.00040947178648058813
0.96484375,,27,0.041347876385888514,,,,,,,,,,,,,0.1989419601703425,resource_heavy_70_10_20,,,,1.8969178701824958,0.00039798337498313
0.90234375,0,28,0.0882144073042581,0,1,1,0.13996870922099083,0.00011648638607817958,0.0,0,1,1,0.1804640028752396,0.00044975556256694846,2.774463490620983,0.3204327120962304,jcam_80_15_05,0.09463488024511418,0.005716140418172512,0.0,2.774463490620983,0.000566241948645128
0.90234375,,28,0.08840474177850957,,,,,,,,,,,,,0.32169101655223237,logistic_only,,,,3.1812997881937095,0.0006236585487646493
0.90234375,,28,0.0883191081051049,,,,,,,,,,,,,0.3209438786061225,gap_heavy_65_30_05,,,,2.7568037718551635,0.0005220991786273686
0.90234375,,28,0.08858559146653032,,,,,,,,,,,,,0.3222416942028804,resource_heavy_70_10_20,,,,1.8651531717826062,0.0005111413962741469
0.921875,1,29,0.07236321774310889,1,1,1,0.04418950174902003,0.001141228287468987,0.0,1,1,1,0.3204276339734645,0.000563809053402074,2.760517474802387,0.2762381322244445,jcam_80_15_05,0.13996870922099083,0.005716140418172512,0.0,2.760517474802387,0.001705037340871061
0.921875,,29,0.07203265179814373,,,,,,,,,,,,,0.2742362952467058,logistic_only,,,,3.179607203550656,0.0018468536524655558
0.921875,,29,0.07286401157546249,,,,,,,,,,,,,0.2789668343968717,gap_heavy_65_30_05,,,,2.7437116127844416,0.0016027029729319387
0.921875,,29,0.07353644154360285,,,,,,,,,,,,,0.28233938885194493,resource_heavy_70_10_20,,,,1.8293626843363353,0.0015284915804149863
0.9140625,1,30,0.0785609083277403,1,1,1,0.017072212591051128,0.0028048923244944858,0.0,1,1,1,0.2760319294661577,0.0017110266970089454,2.7484617385945516,0.2931041420572088,jcam_80_15_05,0.13996870922099083,0.005716140418172512,0.0,2.7484617385945516,0.004515919021503431
0.9140625,,30,0.07848313955677232,,,,,,,,,,,,,0.29258678760290113,logistic_only,,,,3.180433128217286,0.004933398223083788
0.9140625,,30,0.07883611660291631,,,,,,,,,,,,,0.29466114940876603,gap_heavy_65_30_05,,,,2.7320355756822976,0.004206631625582328
0.9140625,,30,0.0793261597922318,,,,,,,,,,,,,0.29718879425063377,resource_heavy_70_10_20,,,,1.7957307976597325,0.0040599627459829675
0.94140625,1,31,0.056573511472777116,1,1,1,0.060717019252807786,0.004170378366074558,0.0,0,1,1,0.2930832494651203,0.004516057702794234,2.7355650693810034,0.23236623021231254,jcam_80_15_05,0.09463488024511418,0.004750476262458629,0.0,2.7355650693810034,0.00034567933671967644
0.94140625,,31,0.05584152542437944,,,,,,,,,,,,,0.22792616896455917,logistic_only,,,,3.180122100227097,0.00037387239764344077
0.94140625,,31,0.05733717503374685,,,,,,,,,,,,,0.2365799718527696,gap_heavy_65_30_05,,,,2.7196729656322085,0.000325862594166472
0.94140625,,31,0.05844963466902592,,,,,,,,,,,,,0.24222966755698325,resource_heavy_70_10_20,,,,1.7620697218776034,0.0003091427423525124
0.95703125,1,32,0.04350709297761353,1,1,1,0.036682283086481055,0.001604423183253202,0.0,1,1,1,0.23145193258526378,0.0003488607792001007,2.725222138376483,0.19476964949878273,jcam_80_15_05,0.09463488024511418,0.004750476262458629,0.0,2.725222138376483,0.0019532839624533025
0.95703125,,32,0.042486513527080536,,,,,,,,,,,,,0.1882827192842724,logistic_only,,,,3.183126431524981,0.0021493186638752797
0.95703125,,32,0.04447833334050369,,,,,,,,,,,,,0.20034148714185684,gap_heavy_65_30_05,,,,2.709307965809164,0.0018066839830021796
0.95703125,,32,0.0458894700400575,,,,,,,,,,,,,0.2077523209449028,resource_heavy_70_10_20,,,,1.7310473302013312,0.0017588012259327863
0.9375,1,33,0.05936105494398232,1,1,1,0.045990304895599604,0.0015948602725297726,0.0,1,1,1,0.19296938522060497,0.0019799852884658867,2.716208216419704,0.23895969011620458,jcam_80_15_05,0.09463488024511418,0.004750476262458629,0.0,2.716208216419704,0.0003851250159361139
0.9375,,33,0.05887798783407347,,,,,,,,,,,,,0.2358586026120719,logistic_only,,,,3.1878515824755556,0.00042115004310021753
0.9375,,33,0.0599085960355966,,,,,,,,,,,,,0.24215638491052682,gap_heavy_65_30_05,,,,2.699965392110473,0.00035919372484705635
0.9375,,33,0.060815480417019285,,,,,,,,,,,,,0.24700786652685652,resource_heavy_70_10_20,,,,1.7016677804619689,0.0003450333298772386
0.94140625,0,34,0.05603762135511016,1,0,1,0.009344025984447502,0.006769794874469928,0.0,1,1,1,0.23852178855210043,0.00038724997190214144,2.705110973936071,0.22917776256765293,jcam_80_15_05,0.09463488024511418,0.004750476262458629,0.0,2.705110973936071,0.007157044846372069
0.94140625,,34,0.055500505594409624,,,,,,,,,,,,,0.2256454843591165,logistic_only,,,,3.1897123923823596,0.00783775377972166
0.94140625,,34,0.0566102756250445,,,,,,,,,,,,,0.2325882758827118,gap_heavy_65_30_05,,,,2.6890326359036494,0.006669078387839995
0.94140625,,34,0.05760196774357497,,,,,,,,,,,,,0.237979040338467,resource_heavy_70_10_20,,,,1.6712044933222037,0.0064088662150559115
0.9375,1,35,0.05917221973820513,1,1,1,0.009161776273487687,0.0055158017535530185,0.0,1,1,1,0.22863762632250315,0.007188746287954876,2.694302205551841,0.23779940259599083,jcam_80_15_05,0.09463488024511418,0.005716140418172512,0.0,2.694302205551841,0.0016729445344018578
0.9375,,35,0.05875780423342973,,,,,,,,,,,,,0.23502857833411778,logistic_only,,,,3.191967252603278,0.0018319906187686595
0.9375,,35,0.05964142524342292,,,,,,,,,,,,,0.2406394732715108,gap_heavy_65_30_05,,,,2.6782656344856104,0.0015601821036441842
0.9375,,35,0.06052987433897688,,,,,,,,,,,,,0.24553651789783768,resource_heavy_70_10_20,,,,1.6415512490280346,0.001495544989902738
0.9140625,0,36,0.07844865216232946,1,0,1,0.054919485860878275,0.006631383388681733,0.0,0,1,1,0.23745345125682957,0.0016809962630057731,2.6831147582646913,0.29237293711770784,jcam_80_15_05,0.09463488024511418,0.005716140418172512,0.0,2.6831147582646913,0.008312379651687506
0.9140625,,36,0.07856770590898024,,,,,,,,,,,,,0.29311381834566863,logistic_only,,,,3.193598890576586,0.009102383003461209
0.9140625,,36,0.07851562555446574,,,,,,,,,,,,,0.2928242669805087,gap_heavy_65_30_05,,,,2.667251130999853,0.0077581572984206214
0.9140625,,36,0.07885083047636476,,,,,,,,,,,,,0.29473103357172975,resource_heavy_70_10_20,,,,1.6121488092641814,0.007421440423674416
0.95703125,0,37,0.04320344494100514,0,1,1,0.09949324466478665,0.0006163710305454283,0.0,0,1,1,0.2923780879218086,0.008280544221839482,2.669700080421653,0.19288484325702193,jcam_80_15_05,0.09463488024511418,0.006134750714855804,0.0,2.669700080421653,0.007664173191294053
0.95703125,,37,0.04235807166132869,,,,,,,,,,,,,0.18736122690963655,logistic_only,,,,3.192284753818399,0.008406750537914374
0.95703125,,37,0.04394369776550831,,,,,,,,,,,,,0.1972997683829748,gap_heavy_65_30_05,,,,2.654440821689075,0.00714390819621853
0.95703125,,37,0.045426405003201,,,,,,,,,,,,,0.2053613877530271,resource_heavy_70_10_20,,,,1.581548498378015,0.006838020034555659
0.953125,1,38,0.046103563109655965,1,1,1,0.008475010090956303,0.0022154677189321435,0.0,1,1,1,0.19153141410121133,0.007720519339270962,2.660500291978788,0.20000642419216763,jcam_80_15_05,0.09949324466478665,0.006134750714855804,0.0,2.660500291978788,0.009935987058203106
0.953125,,38,0.04541276576703647,,,,,,,,,,,,,0.1952851310563466,logistic_only,,,,3.196507756401232,0.01092304687794068
0.953125,,38,0.04673240396482798,,,,,,,,,,,,,0.2039063919505757,gap_heavy_65_30_05,,,,2.644909175619146,0.009248038813910541
0.953125,,38,0.04802050417518833,,,,,,,,,,,,,0.21115314173663263,resource_heavy_70_10_20,,,,1.554830629506545,0.00885034315123315
0.9453125,1,39,0.05262907242963233,1,1,1,0.019759387280469637,0.003209170475770148,0.0,1,1,1,0.1990819604237629,0.009996967097007625,2.6507302542542903,0.21884134770423253,jcam_80_15_05,0.09949324466478665,0.006134750714855804,0.0,2.6507302542542903,0.013206137572777773
0.9453125,,39,0.052154581954565765,,,,,,,,,,,,,0.21566499709962925,logistic_only,,,,3.199916102364297,0.014556786176551876
0.9453125,,39,0.05309666816526391,,,,,,,,,,,,,0.22172903513534087,gap_heavy_65_30_05,,,,2.634931946936336,0.012265651970587016
0.9453125,,39,0.05414372940568677,,,,,,,,,,,,,0.22762999177527118,resource_heavy_70_10_20,,,,1.5281760529418533,0.01175090499669773
0.9375,0,40,0.05887563126403318,1,0,1,0.017411173670736108,0.009499807521654965,0.0,1,1,1,0.21841199137548792,0.013213972528457962,2.6399887937639885,0.23582316504622403,jcam_80_15_05,0.09949324466478665,0.006134750714855804,0.0,2.6399887937639885,0.0037141650068029967
0.9375,,40,0.058607926955439364,,,,,,,,,,,,,0.23387388161789902,logistic_only,,,,3.2019895789799233,0.0041260578465476695
0.9375,,40,0.05919371347954152,,,,,,,,,,,,,0.2379065765376442,gap_heavy_65_30_05,,,,2.624184109493467,0.0034216309936074872
0.9375,,40,0.0600026819459707,,,,,,,,,,,,,0.24266040391697255,resource_heavy_70_10_20,,,,1.5012667685443448,0.003307354613758341
0.96875,1,41,0.032833158090772314,1,1,1,0.07488547982882257,0.0014862274003761503,0.0,0,1,1,0.23565814059797352,0.0037191327125423255,2.6285495657139153,0.16077266076915095,jcam_80_15_05,0.09463488024511418,0.006134750714855804,0.0,2.6285495657139153,0.005205360112918476
0.96875,,41,0.031915534149639345,,,,,,,,,,,,,0.15429552905089916,logistic_only,,,,3.2029754221237536,0.005763034402127857
0.96875,,41,0.03357978045526585,,,,,,,,,,,,,0.1655690129377735,gap_heavy_65_30_05,,,,2.612972284267855,0.004818311312709576
0.96875,,41,0.03524366510951902,,,,,,,,,,,,,0.17521090098706693,resource_heavy_70_10_20,,,,1.4742987486684687,0.0046221249787514445
0.98046875,0,42,0.02737841153619034,1,0,1,0.0028610933436289676,0.14159185235578747,0.0,1,0,1,0.15909305998182413,0.005247257570593998,2.620166324099457,0.15623196663819516,jcam_80_15_05,0.09463488024511418,0.006134750714855804,0.0,2.620166324099457,0.14683910992638147
0.98046875,,42,0.025434379873336563,,,,,,,,,,,,,0.14588052445463262,logistic_only,,,,3.2079744930260623,0.15716705880498474
0.98046875,,42,0.028860727576582763,,,,,,,,,,,,,0.1635397945008092,gap_heavy_65_30_05,,,,2.604133245657562,0.14142593118792904
0.98046875,,42,0.03162563223824827,,,,,,,,,,,,,0.17628518157345388,resource_heavy_70_10_20,,,,1.4502348524172304,0.12853879251453737
0.89453125,0,43,0.09438870429704826,0,0,1,0.18698010312654895,0.1371705689106252,0.0,0,0,1,0.15017996698412445,0.13768633778376513,2.613416585884375,0.3371600701106734,jcam_80_15_05,0.09463488024511418,0.006631383388681733,0.0,2.613416585884375,0.0005157688731399262
0.89453125,,43,0.09430824594805029,,,,,,,,,,,,,0.33673594128009576,logistic_only,,,,3.216468425045955,0.0005535779402998262
0.89453125,,43,0.09458992253378423,,,,,,,,,,,,,0.3381315721964039,gap_heavy_65_30_05,,,,2.5954382735288024,0.0004946753715365339
0.89453125,,43,0.09527452253871155,,,,,,,,,,,,,0.3411735729429754,resource_heavy_70_10_20,,,,1.428023893055918,0.00045299282448305853
0.9296875,1,44,0.06733803716574069,1,1,1,0.0716199247016926,0.002955244075143185,0.0,0,1,1,0.3371327938431077,0.0005158529494184627,2.601126246406948,0.2655128691414151,jcam_80_15_05,0.09949324466478665,0.006769794874469928,0.0,2.601126246406948,0.003471097024561648
0.9296875,,44,0.06647303969820399,,,,,,,,,,,,,0.26107018261816706,logistic_only,,,,3.216224582392947,0.003818393809057215
0.9296875,,44,0.06803234589431034,,,,,,,,,,,,,0.268839635962578,gap_heavy_65_30_05,,,,2.583559564776982,0.003244335403084238
0.9296875,,44,0.06973059483254401,,,,,,,,,,,,,0.27638168123363327,resource_heavy_70_10_20,,,,1.401615188274243,0.0030633305939552916
0.94140625,1,45,0.05788621103763084,1,1,1,0.024622183516140872,0.0025003518213925387,0.0,1,1,1,0.26408254754772387,0.0035091619920119676,2.5917776787117797,0.239460364031583,jcam_80_15_05,0.09949324466478665,0.006769794874469928,0.0,2.5917776787117797,0.0010088101706194291
0.94140625,,45,0.05683652238156271,,,,,,,,,,,,,0.2338903586393773,logistic_only,,,,3.2198663617061043,0.0011253744348163433
0.94140625,,45,0.058707501418931746,,,,,,,,,,,,,0.24350956371525828,gap_heavy_65_30_05,,,,2.5739520602727386,0.000929018022581716
0.94140625,,45,0.06059100031055177,,,,,,,,,,,,,0.2520995285369571,resource_heavy_70_10_20,,,,1.3779974280989915,0.0008922088512021831
0.9375,1,46,0.060678399853464404,1,1,1,0.008943727709981697,5.149172091183985e-05,0.0,1,1,1,0.23737564443914655,0.0010228493999841807,2.583277219455086,0.24631937214912825,jcam_80_15_05,0.09949324466478665,0.006769794874469928,0.0,2.583277219455086,0.0010743411208960205
0.9375,,46,0.05978497919836232,,,,,,,,,,,,,0.24147392809332735,logistic_only,,,,3.2245286241952784,0.0011892109418648953
0.9375,,46,0.06140696659566694,,,,,,,,,,,,,0.2499849826472435,gap_heavy_65_30_05,,,,2.5650495434267757,0.0009986445751878777
0.9375,,46,0.06303647164898238,,,,,,,,,,,,,0.25756542866507687,resource_heavy_70_10_20,,,,1.3554827564453684,0.0009473109046233923
0.9375,1,47,0.06043896568207956,1,1,1,0.00024356697806499072,0.0002813067438906646,0.0,1,1,1,0.24481864814553528,0.0010864331839437371,2.574248361262058,0.24506221512360027,jcam_80_15_05,0.09949324466478665,0.006769794874469928,0.0,2.574248361262058,0.0008051264400530725
0.9375,,47,0.059612495331806965,,,,,,,,,,,,,0.24047458114109976,logistic_only,,,,3.2284109651176998,0.0008946772862036445
0.9375,,47,0.061125934378749275,,,,,,,,,,,,,0.24859385182080007,gap_heavy_65_30_05,,,,2.5557571424196044,0.0007457153990063803
0.9375,,47,0.0626461483381903,,,,,,,,,,,,,0.2558114048768436,resource_heavy_70_10_20,,,,1.332970323846611,0.0007096337635507512
0.91796875,1,48,0.07569575287261474,1,1,1,0.042218806609161746,0.0019770708718286397,0.0,1,1,1,0.24376888622662032,0.0008133388110285397,2.5650630896889126,0.28598769283578207,jcam_80_15_05,0.09949324466478665,0.006769794874469928,0.0,2.5650630896889126,0.0027904096828571794
0.91796875,,48,0.07537171515043166,,,,,,,,,,,,,0.28413490488449195,logistic_only,,,,3.2320100055444154,0.00307957114762512
0.91796875,,48,0.07604765829770985,,,,,,,,,,,,,0.2878481866749935,gap_heavy_65_30_05,,,,2.5463627773449122,0.0026058958659860437
0.91796875,,48,0.0769505250312453,,,,,,,,,,,,,0.29224065695049584,resource_heavy_70_10_20,,,,1.3107518647728376,0.002452176048984193
0.87890625,1,49,0.10671942516127199,1,1,1,0.08482826583475878,0.0011165168919638926,0.0,0,1,1,0.28575511072283305,0.002799089837351835,2.5539924590750527,0.3705833765575918,jcam_80_15_05,0.09949324466478665,0.006769794874469928,0.0,2.5539924590750527,0.0016825729453879422
0.87890625,,49,0.1072577077126243,,,,,,,,,,,,,0.3736446531419063,logistic_only,,,,3.2330656640207325,0.0018651595201121963
0.87890625,,49,0.10649307795575456,,,,,,,,,,,,,0.36940436318542524,gap_heavy_65_30_05,,,,2.5354896609917494,0.001564699172964127
0.87890625,,49,0.10633435700919684,,,,,,,,,,,,,0.3686555982201447,resource_heavy_70_10_20,,,,1.2874575521257663,0.0014782799202232688
0.953125,0,50,0.04791661187640398,0,1,1,0.1595471340613041,0.0021135521799447985,0.0,0,1,1,0.3701749977021308,0.0016691054281210058,2.539549091068684,0.2106278636408267,jcam_80_15_05,0.09949324466478665,0.006769794874469928,0.0,2.539549091068684,0.0037826576080658043
0.953125,,50,0.04686687371602784,,,,,,,,,,,,,0.20473349716769204,logistic_only,,,,3.2296180877102527,0.004191386465557746
0.953125,,50,0.04869090275735573,,,,,,,,,,,,,0.21467855120855506,gap_heavy_65_30_05,,,,2.5219710356705645,0.0035211680952078024
0.953125,,50,0.05066922399124818,,,,,,,,,,,,,0.22422829018046173,resource_heavy_70_10_20,,,,1.2619083018140052,0.003319679941884893
0.94140625,1,51,0.05691230644440347,1,1,1,0.02605475836123078,0.0020915368249368313,0.0,1,1,1,0.20825811689975676,0.00383442772182265,2.5317844343900204,0.23431287526098754,jcam_80_15_05,0.09949324466478665,0.006631383388681733,0.0,2.5317844343900204,0.0017428908968858186
0.94140625,,51,0.05614472097276541,,,,,,,,,,,,,0.22986635756526258,logistic_only,,,,3.234978481816497,0.0019211301583780794
0.94140625,,51,0.05752060457723947,,,,,,,,,,,,,0.23757968813064065,gap_heavy_65_30_05,,,,2.513654537470138,0.0016331423335401306
0.94140625,,51,0.05904499473487006,,,,,,,,,,,,,0.24511345988576275,resource_heavy_70_10_20,,,,1.242091946494681,0.0015248212197585913
0.97265625,1,52,0.03154152710947911,1,1,1,0.06950565616024862,0.001888389697809347,0.0,0,1,1,0.233067950006499,0.001759324259625683,2.522850141665831,0.16356229384625037,jcam_80_15_05,0.09949324466478665,0.006631383388681733,0.0,2.522850141665831,0.00364771395743503
0.97265625,,52,0.030171553979805747,,,,,,,,,,,,,0.15540021949454377,logistic_only,,,,3.2386899543269405,0.004050085426246858
0.97265625,,52,0.03254084119871477,,,,,,,,,,,,,0.16906102366948222,gap_heavy_65_30_05,,,,2.50446319265966,0.003393683755783199
0.97265625,,52,0.034831499188029705,,,,,,,,,,,,,0.18063718930115003,resource_heavy_70_10_20,,,,1.2217182564304023,0.003191755551038387
0.9765625,1,53,0.02775720948935794,1,1,1,0.00862354643114116,0.0023222258382805234,0.0,1,1,1,0.15978317135102904,0.003711597545090855,2.5166166815034448,0.15115962491988788,jcam_80_15_05,0.09949324466478665,0.006631383388681733,0.0,2.5166166815034448,0.0013893717068103315
0.9765625,,53,0.026379241418993088,,,,,,,,,,,,,0.14256620166440753,logistic_only,,,,3.2459175992435725,0.001538322312017692
0.9765625,,53,0.028787685425767977,,,,,,,,,,,,,0.1570564213156097,gap_heavy_65_30_05,,,,2.4973919134918097,0.0012979015110175154
0.9765625,,53,0.030967803644118237,,,,,,,,,,,,,0.16848114809259038,resource_heavy_70_10_20,,,,1.203863649318116,0.0012119507203025351
0.94140625,1,54,0.05598347788999432,1,1,1,0.0813396084026311,0.0003978201922983525,0.0,0,1,1,0.14752333578582255,0.0014127480179165915,2.5104608940832196,0.22886294418845365,jcam_80_15_05,0.09949324466478665,0.006631383388681733,0.0,2.5104608940832196,0.001014927825618239
0.94140625,,54,0.055459832252473945,,,,,,,,,,,,,0.22538474784366697,logistic_only,,,,3.2531343341566683,0.0011317479286845724
0.94140625,,54,0.05646481104755415,,,,,,,,,,,,,0.23176896362996866,gap_heavy_65_30_05,,,,2.4904352193478245,0.0009415446911924404
0.94140625,,54,0.057556169348335504,,,,,,,,,,,,,0.23776113043301855,resource_heavy_70_10_20,,,,1.1864166980967865,0.0008851926224005246
0.9609375,1,55,0.039818714927837555,1,1,1,0.045562741782707,0.0013441042767903385,0.0,1,1,1,0.22829998533822254,0.0010209949926436816,2.500697952245693,0.18273724355551554,jcam_80_15_05,0.09949324466478665,0.006631383388681733,0.0,2.500697952245693,0.00236509926943402
0.9609375,,55,0.03890255859444933,,,,,,,,,,,,,0.17661972247294927,logistic_only,,,,3.2554759849118975,0.002635170847534752
0.9609375,,55,0.04055147434533714,,,,,,,,,,,,,0.18719196683188197,gap_heavy_65_30_05,,,,2.48069222093056,0.002197914439624506
0.9609375,,55,0.04213389940990766,,,,,,,,,,,,,0.19594395001678558,resource_heavy_70_10_20,,,,1.166462030513495,0.0020584336319763074
0.94140625,1,56,0.05586532731264124,1,1,1,0.0469983492218948,0.0014074031152676598,0.0,1,1,1,0.18110258179214836,0.0023899860493288893,2.492738384626486,0.22810093101404316,jcam_80_15_05,0.09949324466478665,0.006631383388681733,0.0,2.492738384626486,0.003797389164596549
0.94140625,,56,0.05542845240550716,,,,,,,,,,,,,0.22514614014803983,logistic_only,,,,3.260165662712612,0.004247783879173497
0.94140625,,56,0.05628119666014019,,,,,,,,,,,,,0.23067361418903684,gap_heavy_65_30_05,,,,2.4723539999823716,0.003516402977980759
0.94140625,,56,0.057286893025075045,,,,,,,,,,,,,0.23633123026383013,resource_heavy_70_10_20,,,,1.1483002997141227,0.0033022762927457493
0.96484375,1,57,0.036246649276362244,1,1,1,0.05637675434245673,0.0010199673139880835,0.0,0,1,1,0.22770933107574318,0.0038101271760764277,2.4827030393039946,0.17133257673328645,jcam_80_15_05,0.09949324466478665,0.006631383388681733,0.0,2.4827030393039946,0.0027901598620883442
0.96484375,,57,0.035335898918103514,,,,,,,,,,,,,0.16501304172354447,logistic_only,,,,3.262042224299202,0.003107606917780548
0.96484375,,57,0.036964520219140554,,,,,,,,,,,,,0.1758574850752915,gap_heavy_65_30_05,,,,2.462398230050392,0.0025985687484903395
0.96484375,,57,0.03857282240227357,,,,,,,,,,,,,0.18504406869662884,resource_heavy_70_10_20,,,,1.1288485316668915,0.0024179765980745825
0.95703125,1,58,0.04251017196857136,1,1,1,0.018719298039265697,0.001848013355353944,0.0,1,1,1,0.16969794603093363,0.002817664565756904,2.474930297712773,0.18841724407019933,jcam_80_15_05,0.09949324466478665,0.006631383388681733,0.0,2.474930297712773,0.00096965121040296
0.95703125,,58,0.04181569215993103,,,,,,,,,,,,,0.18340814670167163,logistic_only,,,,3.2668565787581403,0.0010852102038092777
0.95703125,,58,0.043088082558610775,,,,,,,,,,,,,0.1921810402351474,gap_heavy_65_30_05,,,,2.4542230517912844,0.0008990267587175957
0.95703125,,58,0.04442362456578475,,,,,,,,,,,,,0.20002208874454103,resource_heavy_70_10_20,,,,1.1115350490689404,0.0008396978796326505
0.95703125,1,59,0.04239592066171,1,1,1,0.00017084096498287682,0.0027675199861817218,0.0,1,1,1,0.18744115595636507,0.0009768689211210404,2.4662864199681986,0.18761199692134795,jcam_80_15_05,0.09949324466478665,0.006631383388681733,0.0,2.4662864199681986,0.0037443889073027624
0.95703125,,59,0.04173632062982194,,,,,,,,,,,,,0.1827595347797536,logistic_only,,,,3.270428656728415,0.004162850482018709
0.95703125,,59,0.04294676469544561,,,,,,,,,,,,,0.19126469280958014,gap_heavy_65_30_05,,,,2.445397462431083,0.0035011562367613363
0.95703125,,59,0.04425282540145535,,,,,,,,,,,,,0.1990490036513453,resource_heavy_70_10_20,,,,1.0938588887347287,0.0032277432190376716
0.9609375,1,60,0.039170548231643204,1,1,1,0.008266508036980064,0.0026981549012789962,0.0,1,1,1,0.18672985449765855,0.0037688950068183154,2.457546841054516,0.1784633464606785,jcam_80_15_05,0.09949324466478665,0.006631383388681733,0.0,2.457546841054516,0.006467049908097312
0.9609375,,60,0.03843701385346722,,,,,,,,,,,,,0.17313772322571613,logistic_only,,,,3.273839140937982,0.007328555605667839
0.9609375,,60,0.03976438281495403,,,,,,,,,,,,,0.18236958402320347,gap_heavy_65_30_05,,,,2.436484090098463,0.005923732294029083
0.9609375,,60,0.04118139547953525,,,,,,,,,,,,,0.190771303776651,resource_heavy_70_10_20,,,,1.0764409064245724,0.005594810695386155
0.98828125,1,61,0.015915852327028607,1,1,1,0.06775721887137609,0.003453895512031982,0.0,0,1,1,0.17741622678816454,0.0064920011082957385,2.449149442219446,0.10965900791678845,jcam_80_15_05,0.09463488024511418,0.006134750714855804,0.0,2.449149442219446,0.0030381055962637564
0.98828125,,61,0.014634678771600965,,,,,,,,,,,,,0.10009775979828567,logistic_only,,,,3.2776693306386875,0.00340753867742354
0.98828125,,61,0.01686162752939037,,,,,,,,,,,,,0.11602005287048661,gap_heavy_65_30_05,,,,2.427827740593178,0.0028187024187477407
0.98828125,,61,0.018971971211184636,,,,,,,,,,,,,0.12877098107368676,resource_heavy_70_10_20,,,,1.059617558228755,0.002612406978737019
0.76953125,0,62,0.15603632156345207,0,0,1,0.3465658241638855,0.11421389294091824,0.0,0,0,1,0.10654807050494355,0.0030758160372089424,2.4434642372887607,0.45311389466882906,jcam_80_15_05,0.09463488024511418,0.006134750714855804,0.0,2.4434642372887607,0.11728970897812718
0.76953125,,62,0.16068709473878862,,,,,,,,,,,,,0.4645723986745665,logistic_only,,,,3.2850136725609316,0.123206496936623
0.76953125,,62,0.15372330319259211,,,,,,,,,,,,,0.44840495969698785,gap_heavy_65_30_05,,,,2.421329944029738,0.1137031015229788
0.76953125,,62,0.1495829037697598,,,,,,,,,,,,,0.44055538968858776,resource_heavy_70_10_20,,,,1.0452292219155526,0.10708359425836732
0.9609375,0,63,0.08370650337009822,0,0,1,0.10951259531910695,0.12097864905746057,0.0,0,0,1,0.4445528025784075,0.1211589216460325,2.4272475813231815,0.33504020725930056,jcam_80_15_05,0.09949324466478665,0.006631383388681733,0.0,2.4272475813231815,0.00018027258857191948
0.9609375,,63,0.07927678324951934,,,,,,,,,,,,,0.3231847379505107,logistic_only,,,,3.2793056288425477,0.00020173183852880035
0.9609375,,63,0.08591079698829986,,,,,,,,,,,,,0.34081997882336906,gap_heavy_65_30_05,,,,2.405596114947041,0.00016787664843874667
0.9609375,,63,0.09464629163177733,,,,,,,,,,,,,0.3630573456364712,resource_heavy_70_10_20,,,,1.0230796832441331,0.00015450150422704123
0.9609375,1,64,0.07120671195764619,1,1,1,0.0009000349988045331,7.069258088064113e-07,0.0,1,1,1,0.2996993844445366,0.0002741845618621061,2.425141925347406,0.3005994194433411,jcam_80_15_05,0.10951259531910695,0.006769794874469928,0.0,2.425141925347406,0.0002734776360532997
0.9609375,,64,0.0657166816234118,,,,,,,,,,,,,0.2843198456625904,logistic_only,,,,3.291990872953977,0.0003317752146956045
0.9609375,,64,0.07495363187085691,,,,,,,,,,,,,0.3112599699397275,gap_heavy_65_30_05,,,,2.401612372692077,0.00021730193064687167
0.9609375,,64,0.0806474227867909,,,,,,,,,,,,,0.3268849030065846,resource_heavy_70_10_20,,,,1.0113574886377736,0.00027828368394139207
0.96875,1,65,0.058012048640083864,1,1,1,0.010950651072224704,0.0028975826988509503,0.0,1,1,1,0.27508435023305555,0.0005051863018287698,2.4227440729925265,0.26413369916083085,jcam_80_15_05,0.10951259531910695,0.006769794874469928,0.0,2.4227440729925265,0.00340276900067972
0.96875,,65,0.05231638279651184,,,,,,,,,,,,,0.2455325720495486,logistic_only,,,,3.3039973450453535,0.003915723127791055
0.96875,,65,0.0624361584342923,,,,,,,,,,,,,0.2777502530177939,gap_heavy_65_30_05,,,,2.3975124393505713,0.0030256146086721884
0.96875,,65,0.0665180568173424,,,,,,,,,,,,,0.28979434443560104,resource_heavy_70_10_20,,,,0.9998084184435287,0.003048616796046325
0.96875,1,66,0.05155247615510852,1,1,1,4.273097055523811e-05,0.0013675136306482948,0.0,1,1,1,0.24296887769177739,0.0038755766331311607,2.4203927075280545,0.24292614672122215,jcam_80_15_05,0.10951259531910695,0.006769794874469928,0.0,2.4203927075280545,0.0052430902637794555
0.96875,,66,0.04632672382348084,,,,,,,,,,,,,0.22418667214619756,logistic_only,,,,3.315858161438241,0.006275984547265467
0.96875,,66,0.055974094018947686,,,,,,,,,,,,,0.2576359279400929,gap_heavy_65_30_05,,,,2.393531058969456,0.004313529135827401
0.96875,,66,0.05892672337929059,,,,,,,,,,,,,0.26699419650164086,resource_heavy_70_10_20,,,,0.9886513463773685,0.005030934926339083
0.98046875,1,67,0.039550797705127524,1,1,1,0.017837752997294093,0.002732752993335169,0.0,1,1,1,0.22702702314742415,0.005766137971959892,2.417536374273369,0.20918927015013006,jcam_80_15_05,0.10951259531910695,0.006769794874469928,0.0,2.417536374273369,0.003033384978624723
0.98046875,,67,0.03434525169709506,,,,,,,,,,,,,0.1890491838604483,logistic_only,,,,3.3268450695972165,0.00427334888243186
0.98046875,,67,0.044182169856795156,,,,,,,,,,,,,0.22560721985515558,gap_heavy_65_30_05,,,,2.389261584966496,0.0016988197370989
0.98046875,,67,0.046589964105240564,,,,,,,,,,,,,0.23369804477669526,resource_heavy_70_10_20,,,,0.9774112429969878,0.003469904940569153
0.9375,1,68,0.06572891770631233,1,1,1,0.07485532505345416,0.0011668011606903008,0.0,0,1,1,0.19398919555096766,0.0034516048570751162,2.415115745703422,0.2688445206044218,jcam_80_15_05,0.10951259531910695,0.006769794874469928,0.0,2.415115745703422,0.0022848036963848154
0.9375,,68,0.06281588403966984,,,,,,,,,,,,,0.25654422446034186,logistic_only,,,,3.3382688055576883,0.00260691632169672
0.9375,,68,0.06867085809159261,,,,,,,,,,,,,0.28008615079230426,gap_heavy_65_30_05,,,,2.3854249428241183,0.002078635109505417
0.9375,,68,0.06998588959700427,,,,,,,,,,,,,0.284817772322273,resource_heavy_70_10_20,,,,0.9667845129280959,0.0019678715189917375
0.9453125,1,69,0.05880736149829671,1,1,1,0.014302162269457352,0.0014279436938080424,0.0,1,1,1,0.2636672415308598,0.002327889519798786,2.409035440650695,0.24936507926140244,jcam_80_15_05,0.10951259531910695,0.006769794874469928,0.0,2.409035440650695,0.0008999458259907438
0.9453125,,69,0.05601259969905565,,,,,,,,,,,,,0.23698338125531024,logistic_only,,,,3.3445327749637404,0.001440027103600236
0.9453125,,69,0.061633908592636025,,,,,,,,,,,,,0.26066550244961717,gap_heavy_65_30_05,,,,2.37889249186441,0.0002839551829054328
0.9453125,,69,0.06297044668627771,,,,,,,,,,,,,0.26567699620226437,resource_heavy_70_10_20,,,,0.953532655388905,0.0011859155845685213
0.94140625,0,70,0.060708330489642255,1,0,1,0.008315181719364628,0.008228300915219481,0.0,1,1,1,0.2442620570031469,0.0009861752104638292,2.4031952752618904,0.25257723872251153,jcam_80_15_05,0.10951259531910695,0.006769794874469928,0.0,2.4031952752618904,0.00921447612568331
0.94140625,,70,0.058381495240371756,,,,,,,,,,,,,0.24188370937593615,logistic_only,,,,3.351065548911695,0.011165593210590678
0.94140625,,70,0.06313704350991332,,,,,,,,,,,,,0.26264202365917166,gap_heavy_65_30_05,,,,2.3725842259414183,0.0075207778028438255
0.94140625,,70,0.06434402832982114,,,,,,,,,,,,,0.26732359892949553,resource_heavy_70_10_20,,,,0.940730574225678,0.008616904740404406
0.94140625,0,71,0.05971014468440091,1,0,1,0.000598803594502012,0.009143066192330893,0.0,1,1,1,0.24876995453831632,0.009315185608956313,2.3966900514668006,0.2481711509438143,jcam_80_15_05,0.09949324466478665,0.006769794874469928,0.0,2.3966900514668006,0.00017211941662542002
0.94140625,,71,0.05767310632136151,,,,,,,,,,,,,0.2383569591242014,logistic_only,,,,3.3567335891733996,0.0008077961058332861
0.94140625,,71,0.061930322266604276,,,,,,,,,,,,,0.2577646921656973,gap_heavy_65_30_05,,,,2.3657328790186347,0.0006503542292280937
0.94140625,,71,0.06290337580245792,,,,,,,,,,,,,0.2617153080100349,resource_heavy_70_10_20,,,,0.9276588238513341,0.0007876844289559475
0.92578125,1,72,0.07066313410948884,1,1,1,0.030004959333850584,0.004287352322897592,0.0,1,1,1,0.2450069092616212,0.00034822940565926164,2.3898779482242647,0.2750118685954718,jcam_80_15_05,0.09949324466478665,0.008228300915219481,0.0,2.3898779482242647,0.0046355817285568535
0.92578125,,72,0.06942588447469122,,,,,,,,,,,,,0.26869827089488596,logistic_only,,,,3.3618256970427565,0.005842907467643484
0.92578125,,72,0.07213466839271881,,,,,,,,,,,,,0.2817065160332851,gap_heavy_65_30_05,,,,2.358738044513531,0.003790167235245716
0.92578125,,72,0.07292143398585146,,,,,,,,,,,,,0.28505068569479103,resource_heavy_70_10_20,,,,0.9145844055870429,0.004616303411355363
0.96484375,1,73,0.04052374023430837,1,1,1,0.07862224838321535,0.0035453413679903817,0.0,0,1,1,0.27362628481724044,0.004771608294285561,2.3815013625849133,0.19500403643402509,jcam_80_15_05,0.09949324466478665,0.008228300915219481,0.0,2.3815013625849133,0.0012262669262951796
0.96484375,,73,0.03811346059109215,,,,,,,,,,,,,0.18251486319649535,logistic_only,,,,3.3648101355328826,0.001100221002556783
0.96484375,,73,0.04292688486052586,,,,,,,,,,,,,0.2061250592626826,gap_heavy_65_30_05,,,,2.3505126626823407,0.001381341689561267
0.96484375,,73,0.04423063344214359,,,,,,,,,,,,,0.21175889724393443,resource_heavy_70_10_20,,,,0.9005234159723927,0.0006719417436524995
0.91015625,0,74,0.08230251404075675,0,1,1,0.11500829134713492,0.0014566225747375899,0.0,0,1,1,0.18998549104604368,0.0010715339420180638,2.376256850504999,0.3049937823931786,jcam_80_15_05,0.09949324466478665,0.008228300915219481,0.0,2.376256850504999,0.0025281565167556536
0.91015625,,74,0.08190796616895717,,,,,,,,,,,,,0.30296626549526695,logistic_only,,,,3.3719879748627433,0.0029696100461324543
0.91015625,,74,0.08302574089791179,,,,,,,,,,,,,0.3084286735540501,gap_heavy_65_30_05,,,,2.3446877390908902,0.00223432453080224
0.91015625,,74,0.08348949959952442,,,,,,,,,,,,,0.31049964601380464,resource_heavy_70_10_20,,,,0.889200563763151,0.0023048737685609937
0.94921875,1,75,0.051654685156666144,1,1,1,0.08235501332665102,0.003454840086581831,0.0,0,1,1,0.304752623407723,0.0025519551191509286,2.366016778100436,0.222397610081072,jcam_80_15_05,0.10951259531910695,0.008228300915219481,0.0,2.366016778100436,0.0060067952057327595
0.94921875,,75,0.05013996189781545,,,,,,,,,,,,,0.21415064172892007,logistic_only,,,,3.372384133392378,0.007842593523159289
0.94921875,,75,0.053236799463556646,,,,,,,,,,,,,0.23013183616244665,gap_heavy_65_30_05,,,,2.3350543183005823,0.004519670915868176
0.94921875,,75,0.05440633013225761,,,,,,,,,,,,,0.23544693728953464,resource_heavy_70_10_20,,,,0.8741394588510069,0.007084286876558557
0.95703125,1,76,0.04512785124325379,1,1,1,0.016292383574846747,0.0027328370307557782,0.0,1,1,1,0.22010428322518838,0.006006861912112152,2.3590173329457667,0.20381189965034163,jcam_80_15_05,0.10951259531910695,0.008228300915219481,0.0,2.3590173329457667,0.0032740248813563737
0.95703125,,76,0.04347095974195818,,,,,,,,,,,,,0.19451724842969548,logistic_only,,,,3.3771875295635083,0.00430996493897824
0.95703125,,76,0.04682234429232965,,,,,,,,,,,,,0.21230750403576432,gap_heavy_65_30_05,,,,2.3278653460950953,0.002398445354196038
0.95703125,,76,0.04803730191449477,,,,,,,,,,,,,0.21795610080973327,resource_heavy_70_10_20,,,,0.8619080103390081,0.0036328059546133686
0.54296875,0,77,0.37509260375119163,0,1,1,0.905687038725675,0.0006675215561460657,0.0,0,1,1,0.20101719792437092,0.0035390407289101807,2.3526098044165944,1.106704236650046,jcam_80_15_05,0.10951259531910695,0.008228300915219481,0.0,2.3526098044165944,0.0042065622850562465
0.54296875,,77,0.3863205555082696,,,,,,,,,,,,,1.1734788502047544,logistic_only,,,,3.3827209768196216,0.004420843784203189
0.54296875,,77,0.3663418088674655,,,,,,,,,,,,,1.0608128660774128,gap_heavy_65_30_05,,,,2.3211528680440634,0.004262443020939883
0.54296875,,77,0.3610143098181194,,,,,,,,,,,,,1.035075293883104,resource_heavy_70_10_20,,,,0.8503676584968319,0.0029251630981939874
0.859375,0,78,0.12120803455083687,0,1,1,0.58588408646122,0.004358605922939767,0.0,0,1,1,0.9934497043952761,0.0047366711061528274,2.3120935096977857,0.4075656179340561,jcam_80_15_05,0.11500829134713492,0.008228300915219481,0.0,2.3120935096977857,0.0003780651832130605
0.859375,,78,0.12116895141317181,,,,,,,,,,,,,0.40749533338447885,logistic_only,,,,3.342668316943482,0.0002755465334520809
0.859375,,78,0.1213446506344862,,,,,,,,,,,,,0.4080449954658633,gap_heavy_65_30_05,,,,2.2880315054889437,0.00039216293136804144
0.859375,,78,0.12201077691686008,,,,,,,,,,,,,0.41039736149632977,resource_heavy_70_10_20,,,,0.8119838040515697,0.000567190519894616
0.83203125,1,79,0.14025033974418005,1,1,1,0.047011776349790146,0.0005708556250478471,0.0,1,1,1,0.40754359895741415,0.000363019561470548,2.3009815253406964,0.4545553753072043,jcam_80_15_05,0.13996870922099083,0.008228300915219481,0.0,2.3009815253406964,0.0009338751865183952
0.83203125,,79,0.14073804379812171,,,,,,,,,,,,,0.4565723710029363,logistic_only,,,,3.3423015884159293,0.0009082212689507027
0.83203125,,79,0.1400194227435428,,,,,,,,,,,,,0.453641182944714,gap_heavy_65_30_05,,,,2.2773385777610047,0.0010826738779390749
0.83203125,,79,0.13990952078529928,,,,,,,,,,,,,0.4531984144110619,resource_heavy_70_10_20,,,,0.7973218303154609,0.00012933519961933967
0.765625,1,80,0.18650574351851357,1,1,1,0.11468695691203334,0.002153278525133204,0.0,0,1,1,0.45416818746696286,0.0009798393541627405,2.288122737467001,0.5688551443789962,jcam_80_15_05,0.13996870922099083,0.008228300915219481,0.0,2.288122737467001,0.0031331178792959446
0.765625,,80,0.18803966971155317,,,,,,,,,,,,,0.5750153433361478,logistic_only,,,,3.339641028481768,0.003597730756193813
0.765625,,80,0.18556072429408504,,,,,,,,,,,,,0.5652107528753556,gap_heavy_65_30_05,,,,2.265243588651372,0.0027717322492594593
0.765625,,80,0.18367074334045924,,,,,,,,,,,,,0.5582600494271781,resource_heavy_70_10_20,,,,0.7814840191391058,0.0033086811000130386
0.92578125,0,81,0.07617998178301705,0,1,1,0.2649992069174436,0.00250008685650236,0.0,0,1,1,0.5628339316524216,0.0027537152498625025,2.2710336346936586,0.29783472473497796,jcam_80_15_05,0.11500829134713492,0.006769794874469928,0.0,2.2710336346936586,0.0002536283933601425
0.92578125,,81,0.07512646664327786,,,,,,,,,,,,,0.29386429512608314,logistic_only,,,,3.3315772369745282,0.00028146390102038246
0.92578125,,81,0.07683342540644875,,,,,,,,,,,,,0.3002360606497004,gap_heavy_65_30_05,,,,2.249717058688494,0.00024873927663085754
0.92578125,,81,0.07991018988547804,,,,,,,,,,,,,0.3110206720614816,resource_heavy_70_10_20,,,,0.7624676933048733,0.0001589032694784909
0.90625,1,82,0.08828602966177415,1,1,1,0.03333086833951482,0.0007167184322792752,0.0,1,1,1,0.2924301552561803,0.00024520706401891723,2.265510801003969,0.32576102359569514,jcam_80_15_05,0.13996870922099083,0.006769794874469928,0.0,2.265510801003969,0.0009619254962981924
0.90625,,82,0.0874229575027102,,,,,,,,,,,,,0.3223271708607668,logistic_only,,,,3.338546724235151,0.0010237869768307574
0.90625,,82,0.08889624848405121,,,,,,,,,,,,,0.3281038896700567,gap_heavy_65_30_05,,,,2.2433180339068413,0.0011105488571353898
0.90625,,82,0.09085814278339407,,,,,,,,,,,,,0.33527042322206707,resource_heavy_70_10_20,,,,0.7529784438862919,0.00021528288114214776
0.91015625,1,83,0.08516662852293005,1,1,1,0.005816135522340726,0.0010711224668934673,0.0,1,1,1,0.3232875872736235,0.0007121462113714588,2.2582341645362867,0.3174714517512828,jcam_80_15_05,0.13996870922099083,0.006769794874469928,0.0,2.2582341645362867,0.0017832686782649262
0.91015625,,83,0.08426789329169573,,,,,,,,,,,,,0.31382546706887604,logistic_only,,,,3.343081399890827,0.0020100437389292923
0.91015625,,83,0.08580947641776429,,,,,,,,,,,,,0.31998267837687233,gap_heavy_65_30_05,,,,2.2355842309567286,0.0015606563657254886
0.91015625,,83,0.08777706220876416,,,,,,,,,,,,,0.3272811048986226,resource_heavy_70_10_20,,,,0.7422975485031623,0.002124689518133371
0.9140625,1,84,0.08179883436048532,1,1,1,0.007071542520416529,0.00026866637004389904,0.0,1,1,1,0.3152215689056057,0.0018694515095095399,2.2510029189748533,0.3081500263851892,jcam_80_15_05,0.13996870922099083,0.006769794874469928,0.0,2.2510029189748533,0.0016007851394656408
0.9140625,,84,0.08087300743039653,,,,,,,,,,,,,0.30427248881885893,logistic_only,,,,3.347581104203437,0.0018102437865366657
0.9140625,,84,0.08248429552760353,,,,,,,,,,,,,0.31090197352322413,gap_heavy_65_30_05,,,,2.227919254867747,0.001474885945577824
0.9140625,,84,0.08433933831230217,,,,,,,,,,,,,0.31796536697288047,resource_heavy_70_10_20,,,,0.7318380878394122,0.0014471546532575216
0.8828125,1,85,0.10407981238956152,1,1,1,0.05798582226977744,0.003859519696715337,0.0,0,1,1,0.3060453052493246,0.0016311386698644632,2.2437675396278656,0.36403112751910205,jcam_80_15_05,0.13996870922099083,0.006769794874469928,0.0,2.2437675396278656,0.0054906583665798
0.8828125,,85,0.10378620437401506,,,,,,,,,,,,,0.3628299542019484,logistic_only,,,,3.3519532750545276,0.006215125174011939
0.8828125,,85,0.10436418619927329,,,,,,,,,,,,,0.36516916838574054,gap_heavy_65_30_05,,,,2.220292107030408,0.00528814893223787
0.8828125,,85,0.10528539154311299,,,,,,,,,,,,,0.36869218607207516,resource_heavy_70_10_20,,,,0.7215869283724567,0.0037392812411149133
0.54296875,0,86,0.35212410918096226,0,1,1,0.6312649794975189,0.0018246868426396272,0.0,0,1,1,0.36380937108108746,0.0054712626361184125,2.2340079621839286,0.9950743505786064,jcam_80_15_05,0.13996870922099083,0.006769794874469928,0.0,2.2340079621839286,0.00729594947875804
0.54296875,,86,0.3583052673075304,,,,,,,,,,,,,1.022438868252352,logistic_only,,,,3.352973966078991,0.008199507428234018
0.54296875,,86,0.348214750016156,,,,,,,,,,,,,0.9786006901073225,gap_heavy_65_30_05,,,,2.21067032768525,0.006700901207918785
0.54296875,,86,0.3401293247093111,,,,,,,,,,,,,0.9463997394036352,resource_heavy_70_10_20,,,,0.7095015523663437,0.006934653675600953
0.59765625,1,87,0.2943283851121204,1,1,1,0.08877000743351493,0.005354723739422227,0.0,0,1,1,0.9126611116718248,0.005857572997972946,2.200619025954404,0.8238911042383099,jcam_80_15_05,0.1530583330194153,0.006769794874469928,0.0,2.200619025954404,0.0005028492585507187
0.59765625,,87,0.29488005029424236,,,,,,,,,,,,,0.8258699925438936,logistic_only,,,,3.3235945303930943,0.0017236894703680158
0.59765625,,87,0.2944975729545437,,,,,,,,,,,,,0.8244866139022407,gap_heavy_65_30_05,,,,2.1821149749724773,0.0003265136701176216
0.59765625,,87,0.286838883963846,,,,,,,,,,,,,0.7983326904282999,resource_heavy_70_10_20,,,,0.6786111962409499,0.0019084188264480093
0.84765625,0,88,0.13168746141362248,0,1,1,0.34652095054579257,0.0005475300178039016,0.0,0,1,1,0.7817239561641691,0.0012420017815958362,2.1758751566771823,0.43520300561837655,jcam_80_15_05,0.1530583330194153,0.006769794874469928,0.0,2.1758751566771823,0.0006944717637919345
0.84765625,,88,0.1326713739816988,,,,,,,,,,,,,0.4381910857623767,logistic_only,,,,3.3064808815483677,0.0002609679037909804
0.84765625,,88,0.13102456792521056,,,,,,,,,,,,,0.4331287034022278,gap_heavy_65_30_05,,,,2.159862851124129,0.0008170650233449359
0.84765625,,88,0.13299667245920455,,,,,,,,,,,,,0.4391680817538872,resource_heavy_70_10_20,,,,0.6547287808471186,0.0021118469942229025
0.9375,1,89,0.07658342074615263,1,1,1,0.12637476887350885,0.0015535567385448592,0.0,0,1,1,0.4332655357285725,0.0008813653299944782,2.167904553677918,0.30689076685506367,jcam_80_15_05,0.1595471340613041,0.006769794874469928,0.0,2.167904553677918,0.0024349220685393374
0.9375,,89,0.07777964223330536,,,,,,,,,,,,,0.31064136343059245,logistic_only,,,,3.310598985485152,0.0026914907645948036
0.9375,,89,0.07540882305977717,,,,,,,,,,,,,0.3031421716245576,gap_heavy_65_30_05,,,,2.1511659280489734,0.002312339776377484
0.9375,,89,0.08006201104911888,,,,,,,,,,,,,0.3176501744171315,resource_heavy_70_10_20,,,,0.6445913662884124,0.002237470046589033
0.9375,1,90,0.07240511619375245,1,1,1,0.0001595262406567377,0.0019196317224988548,0.0,1,1,1,0.2933820306067437,0.002623710771287908,2.164889352321293,0.293222504366087,jcam_80_15_05,0.1595471340613041,0.006769794874469928,0.0,2.164889352321293,0.0007040790487890533
0.9375,,90,0.07210745043772801,,,,,,,,,,,,,0.29220642429969873,logistic_only,,,,3.3206545840490196,0.0008191609162710055
0.9375,,90,0.07226541784449565,,,,,,,,,,,,,0.29275067064644217,gap_heavy_65_30_05,,,,2.146607162494363,0.0006819463129751615
0.9375,,90,0.07581887303711382,,,,,,,,,,,,,0.3044566296712262,resource_heavy_70_10_20,,,,0.6387738484908694,0.00037964016007491826
0.9375,1,91,0.0695310511049279,1,1,1,0.0003819703573551547,0.0009454553694464025,0.0,1,1,1,0.2828328769765605,0.0006574314591038816,2.1613850470527556,0.28321484733391566,jcam_80_15_05,0.1530583330194153,0.006631383388681733,0.0,2.1613850470527556,0.0016028868285502841
0.9375,,91,0.0685479337160754,,,,,,,,,,,,,0.27963953229431715,logistic_only,,,,3.3298271976236724,0.0018299179815027026
0.9375,,91,0.0699530718210622,,,,,,,,,,,,,0.28472506898262184,gap_heavy_65_30_05,,,,2.141769027189154,0.0015088199903678023
0.9375,,91,0.0728602968611527,,,,,,,,,,,,,0.2947648729951834,resource_heavy_70_10_20,,,,0.6327509698029702,0.0012849942833562857
0.94921875,1,92,0.05897833076827924,1,1,1,0.02084538195267599,0.0009833060624836736,0.0,1,1,1,0.2750467490950321,0.0016395554074506255,2.157458042166428,0.2542013671423561,jcam_80_15_05,0.1530583330194153,0.006631383388681733,0.0,2.157458042166428,0.000656249344966952
0.94921875,,92,0.05751083721040408,,,,,,,,,,,,,0.24847340856204703,logistic_only,,,,3.338263812597571,0.0006631500109429006
0.94921875,,92,0.05981344112915019,,,,,,,,,,,,,0.25736494500323404,gap_heavy_65_30_05,,,,2.136671404171043,0.000400290661740816
0.94921875,,92,0.06250008913635045,,,,,,,,,,,,,0.2671358046953458,resource_heavy_70_10_20,,,,0.6265526953059093,0.0020117091741519693
0.921875,1,93,0.07662339413663975,1,1,1,0.04964404045370818,0.0023831698477359484,0.0,1,1,1,0.2461434978398494,0.0009890835074269182,2.1538916288915866,0.2957875382935576,jcam_80_15_05,0.1530583330194153,0.006631383388681733,0.0,2.1538916288915866,0.0033722533551628665
0.921875,,93,0.0754935439844611,,,,,,,,,,,,,0.29113647686612515,logistic_only,,,,3.346975300898997,0.0038677841497362607
0.921875,,93,0.0773847146841457,,,,,,,,,,,,,0.29879629688212384,gap_heavy_65_30_05,,,,2.1319489726072227,0.0029018626098178298
0.921875,,93,0.07908549005587812,,,,,,,,,,,,,0.30522447194056457,resource_heavy_70_10_20,,,,0.6208103493251358,0.003937446851156249
0.94921875,1,94,0.055979134419559255,1,1,1,0.05032487392477236,0.0020114668862895382,0.0,0,1,1,0.2925529735904865,0.0035482019537456874,2.147931884140914,0.24222809966571412,jcam_80_15_05,0.1530583330194153,0.006631383388681733,0.0,2.147931884140914,0.0015367350674561492
0.94921875,,94,0.054351888635526854,,,,,,,,,,,,,0.23521863536638926,logistic_only,,,,3.3524286079589296,0.0018125191011915467
0.94921875,,94,0.05710145361582927,,,,,,,,,,,,,0.24683459081853262,gap_heavy_65_30_05,,,,2.1253865595924375,0.0008786193190868374
0.94921875,,94,0.059193325264833056,,,,,,,,,,,,,0.2550157216071816,resource_heavy_70_10_20,,,,0.613274487871056,0.003578114025991678
0.95703125,1,95,0.04910791114073752,1,1,1,0.01387173388589319,0.0005643528303699982,0.0,1,1,1,0.23660678428515286,0.001849455665943342,2.1437057572520795,0.22273505039925967,jcam_80_15_05,0.1530583330194153,0.006631383388681733,0.0,2.1437057572520795,0.0012851028355733438
0.95703125,,95,0.04732831843937317,,,,,,,,,,,,,0.21471110088581108,logistic_only,,,,3.3600170789181374,0.0015049716283397985
0.95703125,,95,0.05040766811321895,,,,,,,,,,,,,0.2282729872761427,gap_heavy_65_30_05,,,,2.120257043324971,0.0011067289398598995
0.95703125,,95,0.05241821531452655,,,,,,,,,,,,,0.23640710838153217,resource_heavy_70_10_20,,,,0.6073019661524457,0.0013367491181165746
0.9453125,0,96,0.05656139228958777,1,0,1,0.02258004685896542,0.006868810168878052,0.0,1,1,1,0.216976928645167,0.0013564166412137115,2.1397726175443346,0.2395569755041324,jcam_80_15_05,0.1530583330194153,0.006631383388681733,0.0,2.1397726175443346,0.008225226810091763
0.9453125,,96,0.055123610985095356,,,,,,,,,,,,,0.23268835300037732,logistic_only,,,,3.3678711557326007,0.00965305501827661
0.9453125,,96,0.05769408810589827,,,,,,,,,,,,,0.24462517715631338,gap_heavy_65_30_05,,,,2.1154046462970237,0.0069895715240240255
0.9453125,,96,0.059231459137364315,,,,,,,,,,,,,0.2511264251167503,resource_heavy_70_10_20,,,,0.601720454704511,0.008795165015859505
0.95703125,1,97,0.0468623931407295,1,1,1,0.023665821550261285,0.0055031840292599395,0.0,1,1,1,0.2361819260398761,0.008519667120199335,2.1344649701715954,0.2125161044896148,jcam_80_15_05,0.1530583330194153,0.006769794874469928,0.0,2.1344649701715954,0.0030164830909393953
0.95703125,,97,0.04522920095767079,,,,,,,,,,,,,0.20436467420636367,logistic_only,,,,3.373868913793296,0.0035864387469546986
0.95703125,,97,0.04815536549383094,,,,,,,,,,,,,0.2185196812500349,gap_heavy_65_30_05,,,,2.1094759228736146,0.0024911440314154213
0.95703125,,97,0.049835433018094774,,,,,,,,,,,,,0.22585951250590158,resource_heavy_70_10_20,,,,0.5951812191767555,0.0033209305931745266
0.92578125,1,98,0.07035296981170919,1,1,1,0.06509493533461438,0.0031738233174700703,0.0,0,1,1,0.20842436660581162,0.003156076153009113,2.1299033015111504,0.273519301940426,jcam_80_15_05,0.1530583330194153,0.006769794874469928,0.0,2.1299033015111504,0.006329899470479183
0.92578125,,98,0.06956914339230587,,,,,,,,,,,,,0.269503174318996,logistic_only,,,,3.3807128841790606,0.007249635065308527
0.92578125,,98,0.07109031655026732,,,,,,,,,,,,,0.27703309580523294,gap_heavy_65_30_05,,,,2.1042074676080174,0.0061851458060488106
0.92578125,,98,0.07201034066851932,,,,,,,,,,,,,0.2811708882284434,resource_heavy_70_10_20,,,,0.589363695830931,0.004171238737473189
0.9140625,1,99,0.07923399848837498,1,1,1,0.024211064435440632,0.005786343557005296,0.0,1,1,1,0.2725111927943502,0.0062830595764613965,2.122406002706791,0.29672225722979084,jcam_80_15_05,0.1530583330194153,0.006769794874469928,0.0,2.122406002706791,0.0004967160194561003
0.9140625,,99,0.07880148034296779,,,,,,,,,,,,,0.2944693360570466,logistic_only,,,,3.3836123867215218,0.0005542370468092448
0.9140625,,99,0.07970208008003925,,,,,,,,,,,,,0.2990018210778573,gap_heavy_65_30_05,,,,2.0966480630757296,0.0005806307472463242
0.9140625,,99,0.08044839912839405,,,,,,,,,,,,,0.30241585577425045,resource_heavy_70_10_20,,,,0.5813357662378755,2.227164917070236e-05
0.91796875,1,100,0.0763015012633051,1,1,1,0.007245929456151434,0.0031879729197201835,0.0,1,1,1,0.29637819964610773,0.00048463506280929224,2.113829059494602,0.2891322701899563,jcam_80_15_05,0.1530583330194153,0.006769794874469928,0.0,2.113829059494602,0.003672607982529476
0.91796875,,100,0.0758238310782142,,,,,,,,,,,,,0.2867068751043168,logistic_only,,,,3.3849800646983925,0.004252258735882076
0.91796875,,100,0.07679429305135277,,,,,,,,,,,,,0.291505241276627,gap_heavy_65_30_05,,,,2.0883003521399575,0.0035292428047220634
0.91796875,,100,0.07759804649901259,,,,,,,,,,,,,0.2951666343176262,resource_heavy_70_10_20,,,,0.5725775549458306,0.002522610323509966
0.921875,1,101,0.07290761743594584,1,1,1,0.009501794911729089,0.003225699783864387,0.0,1,1,1,0.2886970867681502,0.0036628193354158647,2.105477311991744,0.2791952918564211,jcam_80_15_05,0.13996870922099083,0.006631383388681733,0.0,2.105477311991744,0.0004371195515514778
0.921875,,101,0.07239405490333992,,,,,,,,,,,,,0.27641603910967083,logistic_only,,,,3.3866455045340422,0.0005054531578281805
0.921875,,101,0.07340066226838349,,,,,,,,,,,,,0.2816806962315749,gap_heavy_65_30_05,,,,2.0800951440087188,8.345529253562037e-05
0.921875,,101,0.07432521064935677,,,,,,,,,,,,,0.28602719420019196,resource_heavy_70_10_20,,,,0.5641708803296032,0.001508320287244385
0.921875,0,102,0.0730382848382028,1,0,1,0.0011634941632146512,0.0074958627124393044,0.0,1,1,1,0.2787107548067876,0.00045052367744740154,2.097377239528729,0.27987424897000224,jcam_80_15_05,0.13996870922099083,0.006631383388681733,0.0,2.097377239528729,0.007946386389886706
0.921875,,102,0.07254970406218508,,,,,,,,,,,,,0.27730930351991895,logistic_only,,,,3.388568167306077,0.009231805128325655
0.921875,,102,0.07352543956930226,,,,,,,,,,,,,0.2822884228962646,gap_heavy_65_30_05,,,,2.072120267991829,0.007475692359096301
0.921875,,102,0.07436787739165361,,,,,,,,,,,,,0.28622214392657214,resource_heavy_70_10_20,,,,0.5561035246203245,0.005981239936112574
0.8984375,1,103,0.0913322546388695,1,1,1,0.04954927908657464,0.0010690974986617419,0.0,1,1,1,0.2793937082335018,0.00794629222037824,2.0892046095018912,0.32894298732007643,jcam_80_15_05,0.13996870922099083,0.006769794874469928,0.0,2.0892046095018912,0.006877194721716499
0.8984375,,103,0.09141868234683981,,,,,,,,,,,,,0.32949031193033707,logistic_only,,,,3.390435264545707,0.008025256037744212
0.8984375,,103,0.09142546758141915,,,,,,,,,,,,,0.32939913239215146,gap_heavy_65_30_05,,,,2.0640217508903,0.006667173117584989
0.8984375,,103,0.09168836291676737,,,,,,,,,,,,,0.330654272686942,resource_heavy_70_10_20,,,,0.5481331993117325,0.0044044495573461045
0.91796875,1,104,0.07600073576786667,1,1,1,0.04133967435620428,0.004169998796262968,0.0,1,1,1,0.3289407315027757,0.00681878786793888,2.078859588021271,0.2876010571465714,jcam_80_15_05,0.13996870922099083,0.006769794874469928,0.0,2.078859588021271,0.002648789071675912
0.91796875,,104,0.07563894957896562,,,,,,,,,,,,,0.2856822070360666,logistic_only,,,,3.389366393337278,0.0031361992219715064
0.91796875,,104,0.07636628715008642,,,,,,,,,,,,,0.2894411229407353,gap_heavy_65_30_05,,,,2.05422651503293,0.0026653672972117085
0.91796875,,104,0.07718656205301633,,,,,,,,,,,,,0.29331646660565036,resource_heavy_70_10_20,,,,0.5385979656919175,0.00124167326881338
0.90625,0,105,0.08509965304074543,1,0,1,0.024582727024622775,0.019433156139865636,0.0,1,1,1,0.28729907224145246,0.0026137470128055756,2.070401359239076,0.31188179926607523,jcam_80_15_05,0.13996870922099083,0.006769794874469928,0.0,2.070401359239076,0.022046903152671212
0.90625,,105,0.08502258061360825,,,,,,,,,,,,,0.3114861216065584,logistic_only,,,,3.3907425816832264,0.02561931146414249
0.90625,,105,0.08527508223857574,,,,,,,,,,,,,0.3127835014432421,gap_heavy_65_30_05,,,,2.045928361974447,0.020393465070034693
0.90625,,105,0.0857614025599436,,,,,,,,,,,,,0.3151402416475763,resource_heavy_70_10_20,,,,0.5306827921405152,0.01788540855341958
0.8984375,1,106,0.09156495695647829,1,1,1,0.018313303600688613,0.0011518207580066588,0.0,1,1,1,0.3118662249174864,0.021990947065379334,2.0606811992544594,0.330179528518175,jcam_80_15_05,0.13996870922099083,0.006868810168878052,0.0,2.0606811992544594,0.020839126307372675
0.8984375,,106,0.09163149431960435,,,,,,,,,,,,,0.33071923339627485,logistic_only,,,,3.3905983763963787,0.024420197208707056
0.8984375,,106,0.09162842247110582,,,,,,,,,,,,,0.33042506704818564,gap_heavy_65_30_05,,,,2.0364819255931232,0.01954994469010932
0.8984375,,106,0.09202193957795812,,,,,,,,,,,,,0.33218611134376935,resource_heavy_70_10_20,,,,0.5219559953692247,0.015441900164794613
0.90625,0,107,0.08521306415910851,1,0,1,0.017710916297670187,0.011581580078530872,0.0,1,1,1,0.3301840630603966,0.020728609514591316,2.0503958354808978,0.3124731467627264,jcam_80_15_05,0.13996870922099083,0.006868810168878052,0.0,2.0503958354808978,0.009147029436060444
0.90625,,107,0.08512145598769247,,,,,,,,,,,,,0.31204039009992285,logistic_only,,,,3.3896703290963885,0.010558661672089844
0.90625,,107,0.08537179794830718,,,,,,,,,,,,,0.313264492314556,gap_heavy_65_30_05,,,,2.026590704178153,0.008284483080417356
0.90625,,107,0.085945814152544,,,,,,,,,,,,,0.31597735353617773,resource_heavy_70_10_20,,,,0.5129045568283215,0.008224903930615195
0.859375,1,108,0.12242251813670854,1,1,1,0.10145671370383147,0.004121798313436504,0.0,0,1,1,0.3124504447346437,0.009129191548797738,2.0409292479773407,0.41390715843847514,jcam_80_15_05,0.13996870922099083,0.0074958627124393044,0.0,2.0409292479773407,0.005007393235361235
0.859375,,108,0.12326719102497116,,,,,,,,,,,,,0.418774914574903,logistic_only,,,,3.3896686574475807,0.005677655109913162
0.859375,,108,0.12202030251948112,,,,,,,,,,,,,0.41173717479091887,gap_heavy_65_30_05,,,,2.0174331160841463,0.004417888862099139
0.859375,,108,0.1212129339786916,,,,,,,,,,,,,0.40772775161548874,resource_heavy_70_10_20,,,,0.5046169571963863,0.005148379394356516
0.7890625,0,109,0.1776585416475538,0,1,1,0.1503259785591286,0.004836571458401481,0.0,0,1,1,0.41258958149072017,0.004896895270128361,2.0274290943377307,0.5629155600498488,jcam_80_15_05,0.13996870922099083,0.0074958627124393044,0.0,2.0274290943377307,6.032381172687922e-05
0.7890625,,109,0.1796485007195635,,,,,,,,,,,,,0.5739382021155062,logistic_only,,,,3.3842869415196226,4.7115216130058646e-05
0.7890625,,109,0.1765649809014695,,,,,,,,,,,,,0.5572200556748133,gap_heavy_65_30_05,,,,2.0051147634766107,4.054752537827142e-05
0.7890625,,109,0.17394469234639706,,,,,,,,,,,,,0.5445361269499402,resource_heavy_70_10_20,,,,0.4932666623729029,0.00015312421436738884
0.7109375,0,110,0.23007954197109326,1,0,1,0.1323782230679682,0.00895390830009534,0.0,0,1,1,0.5533455901817759,4.1181479482046675e-05,2.00845004767533,0.6857238132497441,jcam_80_15_05,0.1503259785591286,0.0074958627124393044,0.0,2.00845004767533,0.008995089779577387
0.7109375,,110,0.2315230688267831,,,,,,,,,,,,,0.6922040595069412,logistic_only,,,,3.3717615912401353,0.011554407695302957
0.7109375,,110,0.2290586987440047,,,,,,,,,,,,,0.6812986790156139,gap_heavy_65_30_05,,,,1.98841158032272,0.009232930723343552
0.7109375,,110,0.22552608376738703,,,,,,,,,,,,,0.6666780506627668,resource_heavy_70_10_20,,,,0.47771450564921975,0.002390560777002858
0.60546875,0,111,0.297913443327244,0,0,1,0.1789566517292568,0.007760823758485091,0.0,0,1,1,0.6649795911101974,0.009849074292334142,1.9866525083551563,0.8439362428394542,jcam_80_15_05,0.13996870922099083,0.0074958627124393044,0.0,1.9866525083551563,0.0020882505338490516
0.60546875,,111,0.29791216125208875,,,,,,,,,,,,,0.843931415812784,logistic_only,,,,3.3564588983669204,0.0021709840681226854
0.60546875,,111,0.2980419441414832,,,,,,,,,,,,,0.8444306071240848,gap_heavy_65_30_05,,,,1.969103750759346,0.0018632876091478588
0.60546875,,111,0.2912862871293541,,,,,,,,,,,,,0.8191081562825956,resource_heavy_70_10_20,,,,0.45962674695080474,0.0026764659863142363
0.625,1,112,0.2723658453899104,1,1,1,0.030683062935458416,0.0005233638833883484,0.0,1,1,1,0.7976758537888617,0.0015634215836338658,1.9609476276948576,0.7669927908534033,jcam_80_15_05,0.1503259785591286,0.007760823758485091,0.0,1.9609476276948576,0.002086785467022214
0.625,,112,0.2696810804163896,,,,,,,,,,,,,0.7580414547830419,logistic_only,,,,3.336990464060613,0.002589888516156222
0.625,,112,0.27457837325775813,,,,,,,,,,,,,0.7745763292643579,gap_heavy_65_30_05,,,,1.9462614711461856,0.0019665666213368556
0.625,,112,0.26801749797141083,,,,,,,,,,,,,0.7526094055863222,resource_heavy_70_10_20,,,,0.4382520694885176,0.0012217285139525947
0.63671875,1,113,0.24898822174796226,1,1,1,0.0367897172506777,0.0008606969908195022,0.0,1,1,1,0.7368992674737294,0.0020974931943807795,1.9399528051426298,0.7001095502230517,jcam_80_15_05,0.1503259785591286,0.007760823758485091,0.0,1.9399528051426298,0.0029581901852002816
0.63671875,,113,0.24297160072024176,,,,,,,,,,,,,0.6837099607461827,logistic_only,,,,3.324065006769141,0.004677847459501443
0.63671875,,113,0.2528254121092731,,,,,,,,,,,,,0.7111790341573676,gap_heavy_65_30_05,,,,1.926829342566784,0.0026083913643422385
0.63671875,,113,0.24980571554512404,,,,,,,,,,,,,0.7024088386930827,resource_heavy_70_10_20,,,,0.4207753391344923,0.0004500963729847183
0.6484375,1,114,0.2376585858523782,1,1,1,0.012073549383809667,0.000449540509458321,0.0,1,1,1,0.6843321317546851,0.003452380567661978,1.9240455544803805,0.6722585823708754,jcam_80_15_05,0.1503259785591286,0.007760823758485091,0.0,1.9240455544803805,0.003901921077120299
0.6484375,,114,0.23329237860622032,,,,,,,,,,,,,0.6610481862439508,logistic_only,,,,3.318397951881723,0.005367761357051526
0.6484375,,114,0.2412829982308459,,,,,,,,,,,,,0.6820750301436438,gap_heavy_65_30_05,,,,1.9112261472477217,0.003703313257853648
0.6484375,,114,0.23811669785819334,,,,,,,,,,,,,0.673478699537393,resource_heavy_70_10_20,,,,0.40683067680001955,4.7234470603760986e-05
0.69140625,1,115,0.2145916377526641,1,1,1,0.04324390935311895,0.0028698445227441118,0.0,1,1,1,0.664228529344399,0.004009478149519803,1.910345673856836,0.6209846199912801,jcam_80_15_05,0.1503259785591286,0.007760823758485091,0.0,1.910345673856836,0.0011396336267756914
0.69140625,,115,0.21332046624319725,,,,,,,,,,,,,0.6178654219818686,logistic_only,,,,3.3151273996723587,0.0015268165700821987
0.69140625,,115,0.2163483814147527,,,,,,,,,,,,,0.625518288716173,gap_heavy_65_30_05,,,,1.8974016758289023,0.001057276865922165
0.69140625,,115,0.21490735468666033,,,,,,,,,,,,,0.6217828962767151,resource_heavy_70_10_20,,,,0.3950178539144993,0.00021819257463933294
0.65234375,1,116,0.23161445965956712,1,1,1,0.03768058054641765,0.0002639619868426333,0.0,1,1,1,0.6197791399004053,0.0011585085500056495,1.89936845932108,0.657459720446823,jcam_80_15_05,0.1503259785591286,0.007760823758485091,0.0,1.89936845932108,0.0014224705368482827
0.65234375,,116,0.22925076794042498,,,,,,,,,,,,,0.6516887400815928,logistic_only,,,,3.3146437169224923,0.0020184939790956593
0.65234375,,116,0.23430912405137092,,,,,,,,,,,,,0.6643097899141654,gap_heavy_65_30_05,,,,1.8859909772349066,0.0012647632319033758
0.65234375,,116,0.23177528418916138,,,,,,,,,,,,,0.6578607046511762,resource_heavy_70_10_20,,,,0.3857464760811647,0.0010019714860117518
0.609375,1,117,0.24792108333670176,1,1,1,0.03815365788710312,0.0009041966131423888,0.0,1,1,1,0.6535124620701034,0.0013708790684062583,1.8873491336529384,0.6916661199572065,jcam_80_15_05,0.1503259785591286,0.007760823758485091,0.0,1.8873491336529384,0.002275075681548647
0.609375,,117,0.2449483233319619,,,,,,,,,,,,,0.6845750449303256,logistic_only,,,,3.3126550242894837,0.00288634885701965
0.609375,,117,0.2515849118856561,,,,,,,,,,,,,0.7007065143842162,gap_heavy_65_30_05,,,,1.873738214351539,0.0021570107995793533
0.609375,,117,0.24763636895748298,,,,,,,,,,,,,0.6909759052805967,resource_heavy_70_10_20,,,,0.3757777491684749,0.0007298235650825954
0.60546875,1,118,0.24605510344401232,1,1,1,0.003003621694811054,0.0012204376714435583,0.0,1,1,1,0.6838114308145238,0.002315247567198654,1.874574867701684,0.6868150525093348,jcam_80_15_05,0.1503259785591286,0.007760823758485091,0.0,1.874574867701684,0.0010948098957550955
0.60546875,,118,0.2435872169133893,,,,,,,,,,,,,0.6811205107540313,logistic_only,,,,3.309515491174008,0.0013127717295252101
0.60546875,,118,0.2494668846443051,,,,,,,,,,,,,0.6949340499665527,gap_heavy_65_30_05,,,,1.860849530439138,0.0010415572111967587
0.60546875,,118,0.24573075954337478,,,,,,,,,,,,,0.6860571240458578,resource_heavy_70_10_20,,,,0.36540375099902933,0.0009172762584174071
0.5625,1,119,0.2598139030316926,1,1,1,0.0340644278046367,0.005586674511685696,0.0,1,1,1,0.6812112672467769,0.0010473107129052646,1.8626436598284155,0.7152756950514136,jcam_80_15_05,0.1503259785591286,0.007760823758485091,0.0,1.8626436598284155,0.006633985224590961
0.5625,,119,0.2567503621392069,,,,,,,,,,,,,0.7083388513481628,logistic_only,,,,3.307201310661742,0.00930576274736878
0.5625,,119,0.2643680235699419,,,,,,,,,,,,,0.7259027630884314,gap_heavy_65_30_05,,,,1.8487160771015134,0.005937432897784021
0.5625,,119,0.25921456109594465,,,,,,,,,,,,,0.7138715944972434,resource_heavy_70_10_20,,,,0.3559068404155075,0.00342985972772676
0.50390625,1,120,0.27772158441648065,1,1,1,0.04763949152232594,0.004412327455098781,0.0,1,1,1,0.7045052071634363,0.006806732192721941,1.8500227949760593,0.7521446986857623,jcam_80_15_05,0.1503259785591286,0.007760823758485091,0.0,1.8500227949760593,0.0023944047376231598
0.50390625,,120,0.27428423563584736,,,,,,,,,,,,,0.744427317680719,logistic_only,,,,3.3039412184785606,0.003142470976928838
0.50390625,,120,0.28415683882676457,,,,,,,,,,,,,0.7669303471555073,gap_heavy_65_30_05,,,,1.8359444774778169,0.002335832278667488
0.50390625,,120,0.2745445391496316,,,,,,,,,,,,,0.7450053087882582,resource_heavy_70_10_20,,,,0.34604886919912564,0.001559345254628114
0.4453125,0,121,0.3056338306042652,1,0,1,0.07973132754465473,0.038078330762333475,0.0,0,1,1,0.7325871585811687,0.002549659751702002,1.8365453705489019,0.8123184861258235,jcam_80_15_05,0.13996870922099083,0.0074958627124393044,0.0,1.8365453705489019,0.04062799051403548
0.4453125,,121,0.3073462934519655,,,,,,,,,,,,,0.8168133069309103,logistic_only,,,,3.299472821380412,0.062247670145233344
0.4453125,,121,0.31336815917752564,,,,,,,,,,,,,0.8305198404378533,gap_heavy_65_30_05,,,,1.8223850748586055,0.03473500953944834
0.4453125,,121,0.2917314314673551,,,,,,,,,,,,,0.780414987617472,resource_heavy_70_10_20,,,,0.335842023131996,0.012212457489933742
0.4609375,0,122,0.2934233090502438,1,0,1,0.008811162086087787,0.03855386336156954,0.0,1,1,1,0.7762524124359131,0.04208247600570123,1.8203962057347556,0.7850635745220009,jcam_80_15_05,0.13996870922099083,0.007760823758485091,0.0,1.8203962057347556,0.0035286126441316937
0.4609375,,122,0.29685455829489416,,,,,,,,,,,,,0.792917751671177,logistic_only,,,,3.291098695436777,0.0013711223933492818
0.4609375,,122,0.3010254054755366,,,,,,,,,,,,,0.8025852112284038,gap_heavy_65_30_05,,,,1.8062705309352436,0.004189703131849745
0.4609375,,122,0.2774042627640291,,,,,,,,,,,,,0.7496844518094634,resource_heavy_70_10_20,,,,0.32486427627210646,0.004292477693077339
0.43359375,1,123,0.29897255069434614,1,1,1,0.039082511882813864,0.0060633865873015854,0.0,1,1,1,0.7571354791042031,0.0038810193761202325,1.8058047594007736,0.796217990987017,jcam_80_15_05,0.13996870922099083,0.008228300915219481,0.0,1.8058047594007736,0.009944405963421818
0.43359375,,123,0.3035431431758544,,,,,,,,,,,,,0.8067757581415742,logistic_only,,,,3.2838262277367902,0.013010469339907751
0.43359375,,123,0.3075883642941402,,,,,,,,,,,,,0.815818955243109,gap_heavy_65_30_05,,,,1.7917185124028951,0.009026423426405264
0.43359375,,123,0.2790530225943584,,,,,,,,,,,,,0.7526359415016826,resource_heavy_70_10_20,,,,0.31551995734948507,0.005085129537576356
0.51171875,1,124,0.2666670939100453,1,1,1,0.036419700252580234,0.003156546960343603,0.0,1,1,1,0.7644157414382123,0.009994943265163776,1.7911513809850907,0.7279960411856321,jcam_80_15_05,0.13996870922099083,0.008228300915219481,0.0,1.7911513809850907,0.006838396304820173
0.51171875,,124,0.2680505721527967,,,,,,,,,,,,,0.731030243277748,logistic_only,,,,3.276306003870328,0.010805914364210724
0.51171875,,124,0.27270434655457654,,,,,,,,,,,,,0.7413090310818009,gap_heavy_65_30_05,,,,1.7770289101443286,0.005648002811781322
0.51171875,,124,0.25695225551733586,,,,,,,,,,,,,0.7073430021834171,resource_heavy_70_10_20,,,,0.306558867309998,0.0011605999790561
0.453125,1,125,0.27809604031718654,1,1,1,0.03342630419556214,0.0038235683328958717,0.0,1,1,1,0.7175498146281094,0.006817194497741111,1.7793932708811109,0.7509761188236715,jcam_80_15_05,0.13996870922099083,0.008228300915219481,0.0,1.7793932708811109,0.002993626164845239
0.453125,,125,0.27966544275754,,,,,,,,,,,,,0.754348466285942,logistic_only,,,,3.272636501882925,0.00457038119922813
0.453125,,125,0.2859910481200755,,,,,,,,,,,,,0.7680735725265619,gap_heavy_65_30_05,,,,1.76497486655339,0.0026583034077953508
0.453125,,125,0.2649323572696666,,,,,,,,,,,,,0.723366019772174,resource_heavy_70_10_20,,,,0.29939824757638905,0.0013129248145669977
0.4140625,1,126,0.27634383574551014,1,1,1,0.014694315825052207,0.0009909646188759713,0.0,1,1,1,0.7319653901527446,0.0026217088712763314,1.7673326063036556,0.7466597059777969,jcam_80_15_05,0.13996870922099083,0.008228300915219481,0.0,1.7673326063036556,0.00163074425240036
0.4140625,,126,0.27504451776554056,,,,,,,,,,,,,0.7439729329583673,logistic_only,,,,3.268574137293331,0.002276872570558192
0.4140625,,126,0.28577782707914384,,,,,,,,,,,,,0.7664947161446551,gap_heavy_65_30_05,,,,1.752623675447252,0.0014636719816935005
0.4140625,,126,0.2648920763555994,,,,,,,,,,,,,0.7231143796150805,resource_heavy_70_10_20,,,,0.29208659230890555,0.000697996706007167
0.546875,1,127,0.2500209545189084,1,1,1,0.03363379554929358,0.00017496274915361487,0.0,1,1,1,0.7268939178198928,0.0015635794962738656,1.7560827361185636,0.6932601222705992,jcam_80_15_05,0.13996870922099083,0.008228300915219481,0.0,1.7560827361185636,0.0017385422454274805
0.546875,,127,0.25070974109043165,,,,,,,,,,,,,0.6946372398497405,logistic_only,,,,3.265871189909719,0.003105813883240993
0.546875,,127,0.25150367411477814,,,,,,,,,,,,,0.6963719019208681,gap_heavy_65_30_05,,,,1.7409168985059036,0.0012402879012111115
0.546875,,127,0.2483320473273234,,,,,,,,,,,,,0.6898113522958808,resource_heavy_70_10_20,,,,0.28518996821470466,4.3767072704889096e-05
0.5625,0,128,0.24619452613530723,1,0,1,0.007277298824947764,0.09661432491852658,0.0,1,0,1,0.6929025168962878,0.001681709591449569,1.7469380688072125,0.68562521807134,jcam_80_15_05,0.13996870922099083,0.008228300915219481,0.0,1.7469380688072125,0.09829603450997615
0.5625,,128,0.24695311222089045,,,,,,,,,,,,,0.6873636434815011,logistic_only,,,,3.2654417679626553,0.12914215708546228
0.5625,,128,0.24846100935487453,,,,,,,,,,,,,0.6904014208503825,gap_heavy_65_30_05,,,,1.7315426365651814,0.0902298304652948
0.5625,,128,0.2443359050409995,,,,,,,,,,,,,0.6817433253163423,resource_heavy_70_10_20,,,,0.27952546160225483,0.05454666830261999
