t,action,midpoints,widths,weighted_midpoint
1,"[0.5, 0.5, 0.5, 0.5, 0.5, 0.5, 0.5, 0.5, 0.5, 0.5, 0.5, 0.5, 0.5, 0.5, 0.5, 0.5, 0.5, 0.5, 0.5, 0.5, 0.5, 0.5, 0.5, 0.5]","[0.6931471805599453, 0.0, 3.0]","[0.10000000000000009, 0.1, 0.0]",0.7045177444479562
2,"[0.5149886363105907, 0.49875, 0.48046875, 0.48046875, 0.51703125, 0.4841249997820705, 0.48046875, 0.48251136368940933, 0.49875, 0.51703125, 0.51703125, 0.48046875, 0.5133750002179295, 0.51703125, 0.48046875, 0.48046875, 0.48046875, 0.48046875, 0.48046875, 0.51703125, 0.51703125, 0.51703125, 0.51703125, 0.51703125]","[0.5408013211571034, 0.0009351025128589638, 2.9885041708546654]","[0.10000000000000003, 0.1, 0.0]",0.5822065308453449
3,"[0.5265413468787298, 0.49750312500000005, 0.46523901907329945, 0.46523901907329945, 0.5297672309267006, 0.47152218554108444, 0.46523901907329945, 0.46846490312127026, 0.49750312500000005, 0.5297672309267006, 0.5297672309267006, 0.46523901907329945, 0.5234840644589156, 0.5297672309267006, 0.46523901907329945, 0.46523901907329945, 0.46523901907329945, 0.46523901907329945, 0.46523901907329945, 0.5297672309267006, 0.5297672309267006, 0.5297672309267006, 0.5297672309267006, 0.5297672309267006]","[0.4419532949657987, 0.00010219552264765369, 2.9809992929434785]","[0.09999999999999998, 0.1, 0.0]",0.50262792994821
4,"[0.5361221116807878, 0.4962593671875, 0.4527339179336857, 0.4527339179336857, 0.5397848164413144, 0.45900137648530126, 0.4527339179336857, 0.45639662269421216, 0.4962593671875, 0.5397848164413144, 0.5397848164413144, 0.4527339179336857, 0.5335173578896988, 0.5397848164413144, 0.4527339179336857, 0.4527339179336857, 0.4527339179336857, 0.4527339179336857, 0.4527339179336857, 0.5397848164413144, 0.5397848164413144, 0.5397848164413144, 0.5397848164413144, 0.5397848164413144]","[0.36850796986681533, 0.0026174972984014597, 2.9753076931204747]","[0.09999999999999998, 0.1, 0.0]",0.4439643851442362
5,"[0.5435278542536042, 0.4950187187695313, 0.44186022264282265, 0.44186022264282265, 0.5481772148962399, 0.44811201254805916, 0.44186022264282265, 0.44650958328545837, 0.4950187187695313, 0.5481772148962399, 0.5481772148962399, 0.44186022264282265, 0.5419254249910034, 0.5481772148962399, 0.44186022264282265, 0.44186022264282265, 0.44186022264282265, 0.44186022264282265, 0.44186022264282265, 0.5481772148962399, 0.5481772148962399, 0.5481772148962399, 0.5481772148962399, 0.5481772148962399]","[0.29548768799701164, 0.0007962616088653188, 2.9705081898947783]","[0.09999999999999998, 0.1, 0.0]",0.385034999133678
6,"[0.5505695858663376, 0.49378117197260746, 0.4316810466313551, 0.4316810466313551, 0.5558812973138598, 0.43810999836932213, 0.4316810466313551, 0.43699275807887716, 0.49378117197260746, 0.5558812973138598, 0.5558812973138598, 0.4316810466313551, 0.5494523455758927, 0.5558812973138598, 0.4316810466313551, 0.4316810466313551, 0.4316810466313551, 0.4316810466313551, 0.4316810466313551, 0.5558812973138598, 0.5558812973138598, 0.5558812973138598, 0.5558812973138598, 0.5558812973138598]","[0.2873638202548289, 0.001681585604698936, 2.966870183165227]","[0.09999999999999998, 0.1, 0.0]",0.3784868032028293
7,"[0.555604593889273, 0.49254671904267594, 0.42376201169603295, 0.42376201169603295, 0.5613314263893189, 0.4309077302899042, 0.42376201169603295, 0.4294888441960788, 0.49254671904267594, 0.5613314263893189, 0.5613314263893189, 0.42376201169603295, 0.5541857077954476, 0.5613314263893189, 0.42376201169603295, 0.42376201169603295, 0.42376201169603295, 0.42376201169603295, 0.42376201169603295, 0.5613314263893189, 0.5613314263893189, 0.5613314263893189, 0.5613314263893189, 0.5613314263893189]","[0.28358978284515957, 0.0006786424430741331, 2.9615849294739585]","[0.09999999999999998, 0.1, 0.0]",0.37505286911628677
8,"[0.5590594345204186, 0.4913153522450692, 0.4171817249110068, 0.4171817249110068, 0.5654489795791316, 0.42509952239327253, 0.4171817249110068, 0.42357126996971983, 0.4913153522450692, 0.5654489795791316, 0.5654489795791316, 0.4171817249110068, 0.5575311820968659, 0.5654489795791316, 0.4171817249110068, 0.4171817249110068, 0.4171817249110068, 0.4171817249110068, 0.4171817249110068, 0.5654489795791316, 0.5654489795791316, 0.5654489795791316, 0.5654489795791316, 0.5654489795791316]","[0.28614395745824095, 0.00018244193599731978, 2.9551252533420005]","[0.09999999999999998, 0.1, 0.0]",0.3766987949240924
9,"[0.5619247525526004, 0.49008706386445655, 0.4117680012191334, 0.4117680012191334, 0.5684061265097797, 0.42034138289111167, 0.4117680012191334, 0.4182493751763127, 0.49008706386445655, 0.5684061265097797, 0.5684061265097797, 0.4117680012191334, 0.5598327448378014, 0.5684061265097797, 0.4117680012191334, 0.4117680012191334, 0.4117680012191334, 0.4117680012191334, 0.4117680012191334, 0.5684061265097797, 0.5684061265097797, 0.5684061265097797, 0.5684061265097797, 0.5684061265097797]","[0.2192170373305113, 0.0026775835447678253, 2.947453955700676]","[0.09999999999999998, 0.1, 0.0]",0.323147965181158
10,"[0.5651152155194813, 0.4888618462047954, 0.4054583700940262, 0.4054583700940262, 0.5722653223155646, 0.4146369712030915, 0.4054583700940262, 0.41260847689010954, 0.4888618462047954, 0.5722653223155646, 0.5722653223155646, 0.4054583700940262, 0.5630867212064993, 0.5722653223155646, 0.4054583700940262, 0.4054583700940262, 0.4054583700940262, 0.4054583700940262, 0.4054583700940262, 0.5722653223155646, 0.5722653223155646, 0.5722653223155646, 0.5722653223155646, 0.5722653223155646]","[0.21912132544106463, 0.0009341120365441019, 2.9417600229442287]","[0.10000000000000003, 0.1, 0.0]",0.3225251783055448
11,"[0.5676755468116271, 0.4876396915892834, 0.4000535884078083, 0.4000535884078083, 0.5752257947707585, 0.40968026937592866, 0.4000535884078083, 0.4076038363669397, 0.4876396915892834, 0.5752257947707585, 0.5752257947707585, 0.4000535884078083, 0.5655991138026382, 0.5752257947707585, 0.4000535884078083, 0.4000535884078083, 0.4000535884078083, 0.4000535884078083, 0.4000535884078083, 0.5752257947707585, 0.5752257947707585, 0.5752257947707585, 0.5752257947707585, 0.5752257947707585]","[0.2392263364389169, 0.0035860217708360564, 2.9350349646271536]","[0.09999999999999998, 0.1, 0.0]",0.33867072064811665
12,"[0.5690039224219158, 0.48642059236031016, 0.3957154094207556, 0.3957154094207556, 0.5771257752998648, 0.4056160634768766, 0.3957154094207556, 0.4038372622987046, 0.48642059236031016, 0.5771257752998648, 0.5771257752998648, 0.3957154094207556, 0.5672251212437438, 0.5771257752998648, 0.3957154094207556, 0.3957154094207556, 0.3957154094207556, 0.3957154094207556, 0.3957154094207556, 0.5771257752998648, 0.5771257752998648, 0.5771257752998648, 0.5771257752998648, 0.5771257752998648]","[0.2108362524243903, 0.0005663370339113044, 2.926656162266881]","[0.09999999999999998, 0.1, 0.0]",0.31508676060794305
13,"[0.5708073698164045, 0.4852045408794094, 0.39122936042516687, 0.39122936042516687, 0.5791797213336519, 0.40147702819277203, 0.39122936042516687, 0.39960171194241434, 0.4852045408794094, 0.5791797213336519, 0.5791797213336519, 0.39122936042516687, 0.5689320535660468, 0.5791797213336519, 0.39122936042516687, 0.39122936042516687, 0.39122936042516687, 0.39122936042516687, 0.39122936042516687, 0.5791797213336519, 0.5791797213336519, 0.5791797213336519, 0.5791797213336519, 0.5791797213336519]","[0.25268351964377855, 0.0028174307520253405, 2.9189015094553565]","[0.09999999999999998, 0.1, 0.0]",0.3485145058005945
14,"[0.5712614354145398, 0.48399152952721086, 0.3879550376624402, 0.3879550376624402, 0.5800280213919815, 0.39848269621741916, 0.3879550376624402, 0.39672162363988195, 0.48399152952721086, 0.5800280213919815, 0.5800280213919815, 0.3879550376624402, 0.5695003628370027, 0.5800280213919815, 0.3879550376624402, 0.3879550376624402, 0.3879550376624402, 0.3879550376624402, 0.3879550376624402, 0.5800280213919815, 0.5800280213919815, 0.5800280213919815, 0.5800280213919815, 0.5800280213919815]","[0.19697505274506127, 0.0023947173866478502, 2.9089084748238836]","[0.09999999999999998, 0.1, 0.0]",0.3033846735452404
15,"[0.572139797709371, 0.48278155070339285, 0.383669420766804, 0.383669420766804, 0.5818936806399817, 0.39464443576165936, 0.383669420766804, 0.39342330369741474, 0.48278155070339285, 0.5818936806399817, 0.5818936806399817, 0.383669420766804, 0.5709186656451264, 0.5818936806399817, 0.383669420766804, 0.383669420766804, 0.383669420766804, 0.383669420766804, 0.383669420766804, 0.5818936806399817, 0.5818936806399817, 0.5818936806399817, 0.5818936806399817, 0.5818936806399817]","[0.22356186838457798, 0.008168162630982745, 2.901098284438212]","[0.09999999999999998, 0.1, 0.0]",0.3251296333242204
16,"[0.572476377660584, 0.48157459682663434, 0.38030764652373483, 0.38030764652373483, 0.582841547129534, 0.3918229365174374, 0.38030764652373483, 0.39067281599268466, 0.48157459682663434, 0.582841547129534, 0.582841547129534, 0.38030764652373483, 0.5713262571358314, 0.582841547129534, 0.38030764652373483, 0.38030764652373483, 0.38030764652373483, 0.38030764652373483, 0.38030764652373483, 0.582841547129534, 0.582841547129534, 0.582841547129534, 0.582841547129534, 0.582841547129534]","[0.19156811130792628, 0.0021785418930399814, 2.891582559004715]","[0.09999999999999998, 0.1, 0.0]",0.29816039828053276
17,"[0.5755208333720098, 0.48037066033456777, 0.3747468438448948, 0.3822396145943602, 0.5859944768242408, 0.3870890901647024, 0.3747468438448948, 0.3852204872971257, 0.48037066033456777, 0.5859944768242408, 0.5785017060747755, 0.3747468438448948, 0.5736522305044333, 0.5859944768242408, 0.3747468438448948, 0.3747468438448948, 0.3747468438448948, 0.3747468438448948, 0.3747468438448948, 0.5859944768242408, 0.5859944768242408, 0.5859944768242408, 0.5859944768242408, 0.5859944768242408]","[0.2628839066694397, 0.0009040978262114321, 2.8857074895024537]","[0.09999999999999998, 0.1, 0.0]",0.35472811448460617
18,"[0.5768369579340004, 0.47916973368373134, 0.37080831247046936, 0.38428567982268746, 0.5875311548969934, 0.38350340045944886, 0.37080831247046936, 0.3815025094334623, 0.47916973368373134, 0.5875311548969934, 0.5740537875447753, 0.37080831247046936, 0.5748360669080139, 0.5875311548969934, 0.37080831247046936, 0.37080831247046936, 0.37080831247046936, 0.37080831247046936, 0.37080831247046936, 0.5875311548969934, 0.5875311548969934, 0.5875311548969934, 0.5875311548969934, 0.5875311548969934]","[0.22921727253352878, 0.005001946669479451, 2.8768751026837567]","[0.10000000000000003, 0.1, 0.0]",0.32796786516143284
19,"[0.5782345034648173, 0.477971809349522, 0.36653431020427324, 0.38667194710815067, 0.5894093084947708, 0.379586153365446, 0.36653431020427324, 0.3777091152342267, 0.477971809349522, 0.5894093084947708, 0.5692716715908934, 0.36653431020427324, 0.5763574653335981, 0.5894093084947708, 0.36653431020427324, 0.36653431020427324, 0.36653431020427324, 0.36653431020427324, 0.36653431020427324, 0.5894093084947708, 0.5894093084947708, 0.5894093084947708, 0.5894093084947708, 0.5894093084947708]","[0.2382904866127261, 0.0003841940182173695, 2.8688991461002167]","[0.10000000000000003, 0.1, 0.0]",0.33413497569792433
20,"[0.5793376083785292, 0.4767768798261482, 0.3629133163178879, 0.3884099253512549, 0.5906404433344085, 0.3761740172485459, 0.3629133163178879, 0.3742161512737671, 0.4767768798261482, 0.5906404433344085, 0.5651438343010415, 0.3629133163178879, 0.5773797424037506, 0.5906404433344085, 0.3629133163178879, 0.3629133163178879, 0.3629133163178879, 0.3629133163178879, 0.3629133163178879, 0.5906404433344085, 0.5906404433344085, 0.5906404433344085, 0.5906404433344085, 0.5906404433344085]","[0.25833209245299105, 0.00021748004029111673, 2.8599619640426557]","[0.09999999999999998, 0.1, 0.0]",0.3496963941705693
21,"[0.5798105820206086, 0.4755849376265828, 0.36001714578404154, 0.3894277877809284, 0.5911527294691241, 0.373422274214373, 0.36001714578404154, 0.3713592932325569, 0.4755849376265828, 0.5911527294691241, 0.5617420874722373, 0.36001714578404154, 0.5777476010387926, 0.5911527294691241, 0.36001714578404154, 0.36001714578404154, 0.36001714578404154, 0.36001714578404154, 0.36001714578404154, 0.5911527294691241, 0.5911527294691241, 0.5911527294691241, 0.5911527294691241, 0.5911527294691241]","[0.2242524579801988, 0.0019197034106979288, 2.849742960072609]","[0.10000000000000003, 0.1, 0.0]",0.3221770698993942
22,"[0.5806459375529451, 0.47439597528251637, 0.3566461789160356, 0.3909251423150219, 0.5921457716489972, 0.37020140621387315, 0.3566461789160356, 0.36814601301208755, 0.47439597528251637, 0.5921457716489972, 0.5578668082500109, 0.3566461789160356, 0.5785905443511596, 0.5921457716489972, 0.3566461789160356, 0.3566461789160356, 0.3566461789160356, 0.3566461789160356, 0.3566461789160356, 0.5921457716489972, 0.5921457716489972, 0.5921457716489972, 0.5921457716489972, 0.5921457716489972]","[0.2793241420198048, 0.0013902857808911415, 2.840651555387935]","[0.09999999999999998, 0.1, 0.0]",0.3657004342523743
23,"[0.5802450185455245, 0.4732099853443101, 0.3545677264752377, 0.39113466645274214, 0.5918522442133825, 0.36817383980611307, 0.3545677264752377, 0.3661749521430957, 0.4732099853443101, 0.5918522442133825, 0.5552853042358781, 0.3545677264752377, 0.5782461308825071, 0.5918522442133825, 0.3545677264752377, 0.3545677264752377, 0.3545677264752377, 0.3545677264752377, 0.3545677264752377, 0.5918522442133825, 0.5918522442133825, 0.5918522442133825, 0.5918522442133825, 0.5918522442133825]","[0.245542802852368, 0.0027713182966807998, 2.8289656156442518]","[0.10000000000000003, 0.1, 0.0]",0.3382982208086091
24,"[0.5803145140628067, 0.4720269603809493, 0.35193988624371714, 0.3918982507019428, 0.5921140345181815, 0.36564538708469574, 0.35193988624371714, 0.36373940669909194, 0.4720269603809493, 0.5921140345181815, 0.5521556700599559, 0.35193988624371714, 0.5784085336772029, 0.5921140345181815, 0.35193988624371714, 0.35193988624371714, 0.35193988624371714, 0.35193988624371714, 0.35193988624371714, 0.5921140345181815, 0.5921140345181815, 0.5921140345181815, 0.5921140345181815, 0.5921140345181815]","[0.2025504621193257, 0.0015961776679443568, 2.8185445024506772]","[0.09999999999999998, 0.1, 0.0]",0.3032070214681861
25,"[0.5810103505016266, 0.47084689297999693, 0.34861720616850106, 0.3933613354347947, 0.5930765797914928, 0.36250655315251473, 0.34861720616850106, 0.36068343545836723, 0.47084689297999693, 0.5930765797914928, 0.5483324505251993, 0.34861720616850106, 0.5791872328074792, 0.5930765797914928, 0.34861720616850106, 0.34861720616850106, 0.34861720616850106, 0.34861720616850106, 0.34861720616850106, 0.5930765797914928, 0.5930765797914928, 0.5930765797914928, 0.5930765797914928, 0.5930765797914928]","[0.29444431559041906, 0.0005530698992993396, 2.8097599584864366]","[0.09999999999999998, 0.1, 0.0]",0.37612641088155196
26,"[0.5800128245689358, 0.4696697757475469, 0.34717430806817456, 0.39294928718111294, 0.5921652434269192, 0.36108709332291833, 0.34717430806817456, 0.35932672692615814, 0.4696697757475469, 0.5921652434269192, 0.5463902643139811, 0.34717430806817456, 0.5782524581721756, 0.5921652434269192, 0.34717430806817456, 0.34717430806817456, 0.34717430806817456, 0.34717430806817456, 0.34717430806817456, 0.5921652434269192, 0.5921652434269192, 0.5921652434269192, 0.5921652434269192, 0.5921652434269192]","[0.3367603183618588, 0.001103677231155134, 2.7969693165365173]","[0.09999999999999998, 0.1, 0.0]",0.40942227210098625
27,"[0.5784198732679908, 0.4684956013081781, 0.3465143167503564, 0.3917589695108079, 0.5904768858659997, 0.36039154204856183, 0.3465143167503564, 0.3585713293483654, 0.4684956013081781, 0.5904768858659997, 0.5452322331055484, 0.3465143167503564, 0.5765996605677944, 0.5904768858659997, 0.3465143167503564, 0.3465143167503564, 0.3465143167503564, 0.3465143167503564, 0.3465143167503564, 0.5904768858659997, 0.5904768858659997, 0.5904768858659997, 0.5904768858659997, 0.5904768858659997]","[0.1836564471637726, 0.0004412281329734674, 2.782551355454253]","[0.09999999999999998, 0.1, 0.0]",0.28611890972367676
28,"[0.5793900104186827, 0.46732436230490765, 0.3430105794718043, 0.39341702357370706, 0.5916381451380108, 0.35729510095582623, 0.3430105794718043, 0.35525871419113264, 0.46732436230490765, 0.5916381451380108, 0.5412317010361083, 0.3430105794718043, 0.5773536236539891, 0.5916381451380108, 0.3430105794718043, 0.3430105794718043, 0.3430105794718043, 0.3430105794718043, 0.3430105794718043, 0.5916381451380108, 0.5916381451380108, 0.5916381451380108, 0.5916381451380108, 0.5916381451380108]","[0.3204327120962304, 0.0005662419486451298, 2.774463490620983]","[0.09999999999999998, 0.1, 0.0]",0.3951542805003303
29,"[0.5777838757261097, 0.4661560513991454, 0.3421822457724381, 0.3924042882654595, 0.5901298570258525, 0.3564119210411732, 0.3421822457724381, 0.354528227072181, 0.4661560513991454, 0.5901298570258525, 0.5399078145328313, 0.3421822457724381, 0.5759001817571175, 0.5901298570258525, 0.3421822457724381, 0.3421822457724381, 0.3421822457724381, 0.3421822457724381, 0.3421822457724381, 0.5901298570258525, 0.5901298570258525, 0.5901298570258525, 0.5901298570258525, 0.5901298570258525]","[0.2762381322244445, 0.00170503734087106, 2.760517474802387]","[0.09999999999999998, 0.1, 0.0]",0.3592721351208056
30,"[0.5770397714005641, 0.46499066127064753, 0.34054788447428147, 0.3922021832285214, 0.5894334380670134, 0.3548781979585106, 0.34054788447428147, 0.35294155114073084, 0.46499066127064753, 0.5894334380670134, 0.5377791393127737, 0.34054788447428147, 0.5751031245827845, 0.5894334380670134, 0.34054788447428147, 0.34054788447428147, 0.34054788447428147, 0.34054788447428147, 0.34054788447428147, 0.5894334380670134, 0.5894334380670134, 0.5894334380670134, 0.5894334380670134, 0.5894334380670134]","[0.2931041420572088, 0.004515919021503431, 2.7484617385945516]","[0.09999999999999998, 0.1, 0.0]",0.37258378842872014
31,"[0.5758807357114862, 0.46382818461747094, 0.339320924282077, 0.39159726825146884, 0.5883354449528646, 0.35366236079272295, 0.339320924282077, 0.3517756335234554, 0.46382818461747094, 0.5883354449528646, 0.536059100983473, 0.339320924282077, 0.5739940084422189, 0.5883354449528646, 0.339320924282077, 0.339320924282077, 0.339320924282077, 0.339320924282077, 0.339320924282077, 0.5883354449528646, 0.5883354449528646, 0.5883354449528646, 0.5883354449528646, 0.5883354449528646]","[0.23236623021231254, 0.0003456793367196745, 2.7355650693810034]","[0.10000000000000003, 0.1, 0.0]",0.32272308953940815
32,"[0.5757304049290758, 0.46266861415592725, 0.33699675091821185, 0.3920941461340001, 0.5883404773936424, 0.35147455707386827, 0.33699675091821185, 0.34960682338277854, 0.46266861415592725, 0.5883404773936424, 0.5332430821778543, 0.33699675091821185, 0.5738626712379863, 0.5883404773936424, 0.33699675091821185, 0.33699675091821185, 0.33699675091821185, 0.33699675091821185, 0.33699675091821185, 0.5883404773936424, 0.5883404773936424, 0.5883404773936424, 0.5883404773936424, 0.5883404773936424]","[0.19476964949878273, 0.0019532839624533047, 2.725222138376483]","[0.09999999999999998, 0.1, 0.0]",0.2923698191122184
33,"[0.5761353496977537, 0.4615119426205374, 0.3341558351260609, 0.3931123346835205, 0.5888680501150136, 0.34874988562425135, 0.3341558351260609, 0.346888535543321, 0.4615119426205374, 0.5888680501150136, 0.5299115505575542, 0.3341558351260609, 0.5742739996168236, 0.5888680501150136, 0.3341558351260609, 0.3341558351260609, 0.3341558351260609, 0.3341558351260609, 0.3341558351260609, 0.5888680501150136, 0.5888680501150136, 0.5888680501150136, 0.5888680501150136, 0.5888680501150136]","[0.23895969011620458, 0.0003851250159361136, 2.716208216419704]","[0.10000000000000003, 0.1, 0.0]",0.32703593166633926
34,"[0.5756140130288335, 0.46035816276398606, 0.3322541404086241, 0.39319585897643333, 0.5884621851193478, 0.34688787045992353, 0.3322541404086241, 0.34510231249913853, 0.46035816276398606, 0.5884621851193478, 0.5275204665515387, 0.3322541404086241, 0.5738284550680487, 0.5884621851193478, 0.3322541404086241, 0.3322541404086241, 0.3322541404086241, 0.3322541404086241, 0.3322541404086241, 0.5884621851193478, 0.5884621851193478, 0.5884621851193478, 0.5884621851193478, 0.5884621851193478]","[0.22917776256765293, 0.007157044846372071, 2.705110973936071]","[0.09999999999999998, 0.1, 0.0]",0.3196713154778817
35,"[0.575006242366925, 0.45920726735707607, 0.33024770129245856, 0.3933886730941362, 0.5881668334216934, 0.34492522402337034, 0.33024770129245856, 0.34340829234722714, 0.45920726735707607, 0.5881668334216934, 0.5250258616200159, 0.33024770129245856, 0.5734893106907819, 0.5881668334216934, 0.33024770129245856, 0.33024770129245856, 0.33024770129245856, 0.33024770129245856, 0.33024770129245856, 0.5881668334216934, 0.5881668334216934, 0.5881668334216934, 0.5881668334216934, 0.5881668334216934]","[0.23779940259599083, 0.0016729445344018587, 2.694302205551841]","[0.10000000000000003, 0.1, 0.0]",0.325205574034545
36,"[0.5744155540443328, 0.45805924918868335, 0.32845619686159516, 0.39337108658903314, 0.5876623015157715, 0.34318326555013146, 0.32845619686159516, 0.341702944333034, 0.45805924918868335, 0.5876623015157715, 0.5227474117883335, 0.32845619686159516, 0.5729352328272355, 0.5876623015157715, 0.32845619686159516, 0.32845619686159516, 0.32845619686159516, 0.32845619686159516, 0.32845619686159516, 0.5876623015157715, 0.5876623015157715, 0.5876623015157715, 0.5876623015157715, 0.5876623015157715]","[0.29237293711770784, 0.008312379651687504, 2.6831147582646913]","[0.09999999999999998, 0.1, 0.0]",0.36930094455515394
37,"[0.572824775050801, 0.4569141010657116, 0.32762573586327004, 0.39239697937873164, 0.5862024662681532, 0.34231681906829475, 0.32762573586327004, 0.34100342708062237, 0.4569141010657116, 0.5862024662681532, 0.5214312227526916, 0.32762573586327004, 0.5715113830631288, 0.5862024662681532, 0.32762573586327004, 0.32762573586327004, 0.32762573586327004, 0.32762573586327004, 0.32762573586327004, 0.5862024662681532, 0.5862024662681532, 0.5862024662681532, 0.5862024662681532, 0.5862024662681532]","[0.19288484325702193, 0.007664173191294053, 2.669700080421653]","[0.09999999999999998, 0.1, 0.0]",0.28894250460539433
38,"[0.572548115474841, 0.4557718158130473, 0.32501840224645834, 0.3932042562074383, 0.5865252293796364, 0.33983273718856877, 0.32501840224645834, 0.3389955161512538, 0.4557718158130473, 0.5865252293796364, 0.5183393754186564, 0.32501840224645834, 0.5717108944375262, 0.5865252293796364, 0.32501840224645834, 0.32501840224645834, 0.32501840224645834, 0.32501840224645834, 0.32501840224645834, 0.5865252293796364, 0.5865252293796364, 0.5865252293796364, 0.5865252293796364, 0.5865252293796364]","[0.20000642419216763, 0.009935987058203102, 2.660500291978788]","[0.09999999999999998, 0.1, 0.0]",0.29452055201140404
39,"[0.5721253760077804, 0.4546323862735147, 0.3227035735796251, 0.39372352822813683, 0.5865611989674043, 0.33764183155373106, 0.3227035735796251, 0.3371393965392492, 0.4546323862735147, 0.5865611989674043, 0.5155412443188926, 0.3227035735796251, 0.5716229409932987, 0.5865611989674043, 0.3227035735796251, 0.3227035735796251, 0.3227035735796251, 0.3227035735796251, 0.3227035735796251, 0.5865611989674043, 0.5865611989674043, 0.5865611989674043, 0.5865611989674043, 0.5865611989674043]","[0.21884134770423253, 0.013206137572777776, 2.6507302542542903]","[0.09999999999999998, 0.1, 0.0]",0.3095905115120172
40,"[0.5710499383833515, 0.4534958053078309, 0.3208042211476659, 0.3938318129055766, 0.586187389467996, 0.335800306946913, 0.3208042211476659, 0.3359416722323104, 0.4534958053078309, 0.586187389467996, 0.5131597977100852, 0.3208042211476659, 0.5711913036687492, 0.586187389467996, 0.3208042211476659, 0.3208042211476659, 0.3208042211476659, 0.3208042211476659, 0.3208042211476659, 0.586187389467996, 0.586187389467996, 0.586187389467996, 0.586187389467996, 0.586187389467996]","[0.23582316504622403, 0.003714165006802994, 2.6399887937639885]","[0.09999999999999998, 0.1, 0.0]",0.32121509647619917
41,"[0.5701123491787575, 0.45236206579456134, 0.3192793282071426, 0.3935701157609668, 0.5854448033819801, 0.3341987893549964, 0.3192793282071426, 0.3346117824103652, 0.45236206579456134, 0.5854448033819801, 0.5111540158281559, 0.3192793282071426, 0.5705253422341265, 0.5854448033819801, 0.3192793282071426, 0.3192793282071426, 0.3192793282071426, 0.3192793282071426, 0.3192793282071426, 0.5854448033819801, 0.5854448033819801, 0.5854448033819801, 0.5854448033819801, 0.5854448033819801]","[0.16077266076915095, 0.005205360112918472, 2.6285495657139153]","[0.10000000000000002, 0.1, 0.0]",0.26082641091795433
42,"[0.5699292050543049, 0.45123116063007496, 0.3165140599684087, 0.39455326038978045, 0.5859482612917413, 0.33139622246339284, 0.3165140599684087, 0.33253311620584497, 0.45123116063007496, 0.5859482612917413, 0.5079090608703695, 0.3165140599684087, 0.5710660987967573, 0.5859482612917413, 0.3165140599684087, 0.3165140599684087, 0.3165140599684087, 0.3165140599684087, 0.3165140599684087, 0.5859482612917413, 0.5859482612917413, 0.5859482612917413, 0.5859482612917413, 0.5859482612917413]","[0.15623196663819516, 0.14683910992638147, 2.620166324099457]","[0.09999999999999999, 0.10000000000000002, 0.0]",0.27801975600448625
43,"[0.57227944668711, 0.45010308272849975, 0.3122171951767354, 0.39707245688055826, 0.5779199722433415, 0.32706215226548213, 0.3122171951767354, 0.3279267187698895, 0.45010308272849975, 0.5879889702802642, 0.5031337085764414, 0.32228619321365815, 0.5731440131915176, 0.5879889702802642, 0.3122171951767354, 0.3122171951767354, 0.3122171951767354, 0.3122171951767354, 0.3122171951767354, 0.5879889702802642, 0.5879889702802642, 0.5879889702802642, 0.5879889702802642, 0.5879889702802642]","[0.3371600701106734, 0.0005157688731399282, 2.613416585884375]","[0.09999999999999998, 0.1, 0.0]",0.4004762507137285
44,"[0.5712470186474377, 0.4489778250216785, 0.31106641776573263, 0.3964500101614178, 0.5761049378896722, 0.3259084362877702, 0.31106641776573263, 0.32670863139591927, 0.4489778250216785, 0.5868892322776245, 0.5015056398819393, 0.32185071215368494, 0.5720472137555871, 0.5868892322776245, 0.31106641776573263, 0.31106641776573263, 0.31106641776573263, 0.31106641776573263, 0.31106641776573263, 0.5868892322776245, 0.5868892322776245, 0.5868892322776245, 0.5868892322776245, 0.5868892322776245]","[0.2655128691414151, 0.0034710970245616507, 2.601126246406948]","[0.09999999999999998, 0.1, 0.0]",0.34298727218716374
45,"[0.5714612291927882, 0.4478553804591243, 0.3085066754856328, 0.39724096137169973, 0.5728825993092626, 0.3234129629364649, 0.3085066754856328, 0.32424953172546034, 0.4478553804591243, 0.5872040854326159, 0.49846979954654896, 0.3228281616089862, 0.572297797981784, 0.5872040854326159, 0.3085066754856328, 0.3085066754856328, 0.3085066754856328, 0.3085066754856328, 0.3085066754856328, 0.5872040854326159, 0.5872040854326159, 0.5872040854326159, 0.5872040854326159, 0.5872040854326159]","[0.239460364031583, 0.0010088101706194272, 2.5917776787117797]","[0.09999999999999998, 0.1, 0.0]",0.32130849668644834
46,"[0.5720659872654741, 0.4467357420079765, 0.3056166389434306, 0.3983666288217586, 0.5693316229575013, 0.3205448511110176, 0.3056166389434306, 0.3214054967504788, 0.4467357420079765, 0.5878548450725225, 0.49510485519419445, 0.3241398610584519, 0.5729266329049357, 0.5878548450725225, 0.3056166389434306, 0.3056166389434306, 0.3056166389434306, 0.3056166389434306, 0.3056166389434306, 0.5878548450725225, 0.5878548450725225, 0.5878548450725225, 0.5878548450725225, 0.5878548450725225]","[0.24631937214912825, 0.0010743411208960219, 2.583277219455086]","[0.09999999999999998, 0.1, 0.0]",0.3263805098601913
47,"[0.5723597810864193, 0.44561890265295656, 0.3030260695903742, 0.399197240005402, 0.5660817661444096, 0.31804402406296617, 0.3030260695903742, 0.3188780242194938, 0.44561890265295656, 0.5882117357155391, 0.4920405653005111, 0.3251560391615036, 0.5731937812429473, 0.5882117357155391, 0.3030260695903742, 0.3030260695903742, 0.3030260695903742, 0.3030260695903742, 0.3030260695903742, 0.5882117357155391, 0.5882117357155391, 0.5882117357155391, 0.5882117357155391, 0.5882117357155391]","[0.24506221512360027, 0.0008051264400530736, 2.574248361262058]","[0.09999999999999998, 0.1, 0.0]",0.3248829591279911
48,"[0.5725327714681833, 0.44450485539632417, 0.300559524657894, 0.3999082266638928, 0.5629575819705444, 0.3156816069999776, 0.300559524657894, 0.31647693932446497, 0.44450485539632417, 0.5884501861347545, 0.48910148412875554, 0.3260521288221041, 0.5733281037926711, 0.5884501861347545, 0.300559524657894, 0.300559524657894, 0.300559524657894, 0.300559524657894, 0.300559524657894, 0.5884501861347545, 0.5884501861347545, 0.5884501861347545, 0.5884501861347545, 0.5884501861347545]","[0.28598769283578207, 0.002790409682857181, 2.5650630896889126]","[0.09999999999999998, 0.1, 0.0]",0.3574618702054999
49,"[0.5718177433454218, 0.44339359325783334, 0.29900077200212954, 0.3997158099413528, 0.5607428341714983, 0.3141591035327974, 0.29900077200212954, 0.31496944317024483, 0.44339359325783334, 0.5877864145135373, 0.48707137657431393, 0.32604435234416856, 0.5726280829828696, 0.5877864145135373, 0.29900077200212954, 0.29900077200212954, 0.29900077200212954, 0.29900077200212954, 0.29900077200212954, 0.5877864145135373, 0.5877864145135373, 0.5877864145135373, 0.5877864145135373, 0.5877864145135373]","[0.3705833765575918, 0.0016825729453879418, 2.5539924590750527]","[0.09999999999999998, 0.1, 0.0]",0.42441871014163435
50,"[0.5696812613298875, 0.4422851092746888, 0.2990362089089565, 0.3979335815796672, 0.5601239159229018, 0.3141011698609143, 0.2990362089089565, 0.3148889572194899, 0.4422851092746888, 0.5855340096404212, 0.4866366369697104, 0.3244463026264759, 0.5704690486884635, 0.5855340096404212, 0.2990362089089565, 0.2990362089089565, 0.2990362089089565, 0.2990362089089565, 0.2990362089089565, 0.5855340096404212, 0.5855340096404212, 0.5855340096404212, 0.5855340096404212, 0.5855340096404212]","[0.2106278636408267, 0.003782657608065801, 2.539549091068684]","[0.09999999999999998, 0.1, 0.0]",0.2960471441073054
51,"[0.5703181909998959, 0.44117939650150206, 0.29601427992614315, 0.39921308608625894, 0.5564492676725535, 0.3112648265936387, 0.29601427992614315, 0.312040602003108, 0.44117939650150206, 0.5863445130768611, 0.4831457069167452, 0.32590952533045064, 0.5710939664093657, 0.5863445130768611, 0.29601427992614315, 0.29601427992614315, 0.29601427992614315, 0.29601427992614315, 0.29601427992614315, 0.5863445130768611, 0.5863445130768611, 0.5863445130768611, 0.5863445130768611, 0.5863445130768611]","[0.23431287526098754, 0.0017428908968858195, 2.5317844343900204]","[0.09999999999999998, 0.1, 0.0]",0.31430095556282395
52,"[0.5704545750563026, 0.4400764480102483, 0.29358578978133404, 0.39990350781603706, 0.5533696900583783, 0.30900963269079473, 0.29358578978133404, 0.3096983209641938, 0.4400764480102483, 0.5865671062391627, 0.48024938820445956, 0.3267832059621183, 0.5711432633297021, 0.5865671062391627, 0.29358578978133404, 0.29358578978133404, 0.29358578978133404, 0.29358578978133404, 0.29358578978133404, 0.5865671062391627, 0.5865671062391627, 0.5865671062391627, 0.5865671062391627, 0.5865671062391627]","[0.16356229384625037, 0.003647713957435031, 2.522850141665831]","[0.09999999999999999, 0.1, 0.0]",0.25753949925390707
53,"[0.5716377380053569, 0.4389762568902227, 0.2900078156425199, 0.40174775871085777, 0.5491422561688716, 0.30573932626126027, 0.2900078156425199, 0.30631477577508825, 0.4389762568902227, 0.5879446981379256, 0.4762047550695876, 0.3288102576115738, 0.5722131875191854, 0.5879446981379256, 0.2900078156425199, 0.2900078156425199, 0.2900078156425199, 0.2900078156425199, 0.2900078156425199, 0.5879446981379256, 0.5879446981379256, 0.5879446981379256, 0.5879446981379256, 0.5879446981379256]","[0.15115962491988788, 0.0013893717068103328, 2.5166166815034448]","[0.09999999999999999, 0.1, 0.0]",0.2469669397671041
54,"[0.5728016657947215, 0.4378788162479971, 0.28648926882945713, 0.4035369165880371, 0.5449758732544929, 0.3025210866437981, 0.28648926882945713, 0.30295596670127256, 0.4378788162479971, 0.5892683636665372, 0.47222071590795717, 0.33078175924150127, 0.5732365458521964, 0.5892683636665372, 0.28648926882945713, 0.28648926882945713, 0.28648926882945713, 0.28648926882945713, 0.28648926882945713, 0.5892683636665372, 0.5892683636665372, 0.5892683636665372, 0.5892683636665372, 0.5892683636665372]","[0.22886294418845365, 0.0010149278256182392, 2.5104608940832196]","[0.09999999999999998, 0.1, 0.0]",0.30876563922876665
55,"[0.5725135280414576, 0.43678411920737714, 0.28459128964687674, 0.40370983030707375, 0.54243167756085, 0.3007063415861184, 0.28459128964687674, 0.3010547103732964, 0.43678411920737714, 0.5889769487678777, 0.46985840810768054, 0.33113656085390425, 0.5728618968286361, 0.5889769487678777, 0.28459128964687674, 0.28459128964687674, 0.28459128964687674, 0.28459128964687674, 0.28459128964687674, 0.5889769487678777, 0.5889769487678777, 0.5889769487678777, 0.5889769487678777, 0.5889769487678777]","[0.18273724355551554, 0.002365099269434019, 2.500697952245693]","[0.10000000000000003, 0.1, 0.0]",0.2715794573471122
56,"[0.5728532259185113, 0.4356921589093587, 0.2819595078703926, 0.40462085928367303, 0.5391552948145809, 0.2982614629853013, 0.2819595078703926, 0.2985310919002058, 0.4356921589093587, 0.5894248099483249, 0.46676345853504436, 0.3322290230041365, 0.5731228548334163, 0.5894248099483249, 0.2819595078703926, 0.2819595078703926, 0.2819595078703926, 0.2819595078703926, 0.2819595078703926, 0.5894248099483249, 0.5894248099483249, 0.5894248099483249, 0.5894248099483249, 0.5894248099483249]","[0.22810093101404316, 0.00379738916459655, 2.492738384626486]","[0.09999999999999998, 0.1, 0.0]",0.30768727241724836
57,"[0.5722306281578176, 0.4346029285120853, 0.28022825896704995, 0.40463565726913053, 0.5367810564438777, 0.2965956367283441, 0.28022825896704995, 0.29697522886635275, 0.4346029285120853, 0.5889775980571208, 0.46457019975504005, 0.33242480058029283, 0.5726102202958268, 0.5889775980571208, 0.28022825896704995, 0.28022825896704995, 0.28022825896704995, 0.28022825896704995, 0.28022825896704995, 0.5889775980571208, 0.5889775980571208, 0.5889775980571208, 0.5889775980571208, 0.5889775980571208]","[0.17133257673328645, 0.0027901598620883455, 2.4827030393039946]","[0.09999999999999999, 0.1, 0.0]",0.26161973733114213
58,"[0.5724985252683525, 0.4335164211908051, 0.2776009612448113, 0.40555079520077875, 0.533512376727947, 0.29413298873933663, 0.2776009612448113, 0.29453431711325734, 0.4335164211908051, 0.589431881136799, 0.4614820471808314, 0.3335204656536631, 0.5728998536422738, 0.589431881136799, 0.2776009612448113, 0.2776009612448113, 0.2776009612448113, 0.2776009612448113, 0.2776009612448113, 0.589431881136799, 0.589431881136799, 0.589431881136799, 0.589431881136799, 0.589431881136799]","[0.18841724407019933, 0.0009696512104029609, 2.474930297712773]","[0.09999999999999998, 0.1, 0.0]",0.2746257578233586
59,"[0.572449263550728, 0.43243263013782807, 0.2753869472058192, 0.4060569298486569, 0.530658584150247, 0.29200981952495436, 0.2753869472058192, 0.29241599672492785, 0.43243263013782807, 0.5894783130698371, 0.45880833042699926, 0.33420667612540905, 0.572855440750702, 0.5894783130698371, 0.2753869472058192, 0.2753869472058192, 0.2753869472058192, 0.2753869472058192, 0.2753869472058192, 0.5894783130698371, 0.5894783130698371, 0.5894783130698371, 0.5894783130698371, 0.5894783130698371]","[0.18761199692134795, 0.003744388907302762, 2.4662864199681986]","[0.09999999999999998, 0.1, 0.0]",0.27396557687158374
60,"[0.572271850741824, 0.4313515485624835, 0.27323886059791846, 0.40650140676392144, 0.5278723184499852, 0.28997522492085037, 0.27323886059791846, 0.29043124638314277, 0.4313515485624835, 0.5894642365270487, 0.4562016903610456, 0.33483077867498173, 0.5727278722041169, 0.5894642365270487, 0.27323886059791846, 0.27323886059791846, 0.27323886059791846, 0.27323886059791846, 0.27323886059791846, 0.5894642365270487, 0.5894642365270487, 0.5894642365270487, 0.5894642365270487, 0.5894642365270487]","[0.1784633464606785, 0.006467049908097308, 2.457546841054516]","[0.10000000000000003, 0.1, 0.0]",0.2666180767074832
61,"[0.5718952566583262, 0.43027316969107726, 0.27096022878861076, 0.40708068790482455, 0.5249571029960473, 0.2877761886004156, 0.27096022878861076, 0.2886510827238281, 0.43027316969107726, 0.589586110593544, 0.45346565147733003, 0.3355892363861072, 0.5727701507817393, 0.589586110593544, 0.27096022878861076, 0.27096022878861076, 0.27096022878861076, 0.27096022878861076, 0.27096022878861076, 0.589586110593544, 0.589586110593544, 0.589586110593544, 0.589586110593544, 0.589586110593544]","[0.10965900791678845, 0.00303810559626376, 2.449149442219446]","[0.09999999999999999, 0.1, 0.0]",0.21064039428384265
62,"[0.572565666336812, 0.42919748676684955, 0.2676524287379226, 0.4086933856637791, 0.5210143107598405, 0.28478272690275497, 0.2676524287379226, 0.2858293071968869, 0.42919748676684955, 0.5907425447957768, 0.4497015878699201, 0.33738066277385853, 0.5736122466309446, 0.5907425447957768, 0.2676524287379226, 0.2676524287379226, 0.2676524287379226, 0.2676524287379226, 0.2676524287379226, 0.5907425447957768, 0.5907425447957768, 0.5907425447957768, 0.5907425447957768, 0.5907425447957768]","[0.45311389466882906, 0.11728970897812718, 2.4434642372887607]","[0.09999999999999998, 0.09999999999999999, 0.0]",0.5022577839462204
63,"[0.5673636065610288, 0.42812449304993244, 0.26104124845964544, 0.4067027917120391, 0.5168329986983987, 0.28337967087616417, 0.2623097899864358, 0.28888537953883586, 0.42812449304993244, 0.5952077376402197, 0.44954619438782584, 0.33941598740146606, 0.5728693152237011, 0.5939391961134294, 0.2708460178429789, 0.2708460178429789, 0.2708460178429789, 0.2708460178429789, 0.2708460178429789, 0.5854029682568863, 0.5854029682568863, 0.5854029682568863, 0.5854029682568863, 0.5854029682568863]","[0.3350402072593007, 0.00018027258857192252, 2.4272475813231815]","[0.09999999999999998, 0.1, 0.0]",0.3894215857618855
64,"[0.5745045563903372, 0.43217595537120057, 0.2689835160491159, 0.4142809054433786, 0.5223126327209234, 0.29126609240959334, 0.2680248766635681, 0.27960380724427786, 0.42193240826341466, 0.5851248475854995, 0.4398274581912367, 0.3317957309136917, 0.5628422712250223, 0.5860834869710474, 0.2615740320877519, 0.2615740320877519, 0.2615740320877519, 0.2615740320877519, 0.2615740320877519, 0.5925343315468636, 0.5925343315468636, 0.5925343315468636, 0.5925343315468636, 0.5925343315468636]","[0.3005994194433411, 0.00027347763605330144, 2.425141925347406]","[0.09999999999999998, 0.1, 0.0]",0.3617776534674512
65,"[0.5802766592155798, 0.4346597520086931, 0.275649662182104, 0.42058380810288104, 0.526788782462978, 0.29787653210168025, 0.272794481290571, 0.2716964335099487, 0.4173133407168356, 0.5763234305434249, 0.4313892846226477, 0.32518431026255057, 0.5540965606238488, 0.579178611434958, 0.2535814920844216, 0.2535814920844216, 0.2535814920844216, 0.2535814920844216, 0.2535814920844216, 0.5983916006411074, 0.5983916006411074, 0.5983916006411074, 0.5983916006411074, 0.5983916006411074]","[0.26413369916083085, 0.00340276900067972, 2.4227440729925265]","[0.09999999999999998, 0.1, 0.0]",0.332954578328393
66,"[0.5852889927543482, 0.43703423564093585, 0.2816279134755474, 0.42619972403152245, 0.5307248943503857, 0.3037992162203247, 0.27705461983406815, 0.26455416723936653, 0.41280892435277905, 0.5682152465181678, 0.42364343596219245, 0.31911826564332907, 0.5460439437733906, 0.572788540159647, 0.24628016290531193, 0.24628016290531193, 0.24628016290531193, 0.24628016290531193, 0.24628016290531193, 0.6035629970884032, 0.6035629970884032, 0.6035629970884032, 0.6035629970884032, 0.6035629970884032]","[0.24292614672122215, 0.0052430902637794555, 2.4203927075280545]","[0.09999999999999998, 0.1, 0.0]",0.3161470162929474
67,"[0.5895468265390948, 0.4374909167346847, 0.2867484323789786, 0.4309588134085638, 0.5339871521259754, 0.308864306866894, 0.2806794008516695, 0.25817172555463563, 0.41022763535904594, 0.5609701197147523, 0.41675973868516686, 0.3137313999677551, 0.538854245226837, 0.5670391512420614, 0.23983987381092853, 0.23983987381092853, 0.23983987381092853, 0.23983987381092853, 0.23983987381092853, 0.6078786782828023, 0.6078786782828023, 0.6078786782828023, 0.6078786782828023, 0.6078786782828023]","[0.20918927015013006, 0.003033384978624723, 2.417536374273369]","[0.09999999999999998, 0.1, 0.0]",0.2886832425805662
68,"[0.5935674105450588, 0.4377173852050197, 0.2917410399665635, 0.4355908950435747, 0.5371505615125055, 0.31380162476825907, 0.2842097957774431, 0.2520318451684374, 0.4078818705084767, 0.5538582157469331, 0.41000836066992163, 0.3084486942009906, 0.5317976309452376, 0.5613894599360535, 0.2335307954578689, 0.2335307954578689, 0.2335307954578689, 0.2335307954578689, 0.2335307954578689, 0.6120684602556276, 0.6120684602556276, 0.6120684602556276, 0.6120684602556276, 0.6120684602556276]","[0.2688445206044219, 0.002284803696384813, 2.415115745703422]","[0.09999999999999998, 0.1, 0.0]",0.33617412432316635
69,"[0.5952836405398201, 0.4382360680915041, 0.29436497695314007, 0.43785520739245876, 0.5384496709222742, 0.3163704102928314, 0.2859848633437274, 0.24820161703439242, 0.4052491894827085, 0.5491202806210728, 0.4056300501817538, 0.30503558665193814, 0.5271148472813815, 0.5575003942304855, 0.22959367888273122, 0.22959367888273122, 0.22959367888273122, 0.22959367888273122, 0.22959367888273122, 0.6138915786914815, 0.6138915786914815, 0.6138915786914815, 0.6138915786914815, 0.6138915786914815]","[0.24936507926140244, 0.0008999458259907472, 2.409035440650695]","[0.09999999999999998, 0.1, 0.0]",0.3200788273155553
70,"[0.5970881878761328, 0.43801793069460027, 0.2969735042561185, 0.4401050091193389, 0.539738559956207, 0.31892392401246067, 0.28774893338569313, 0.24428835655414408, 0.40335861373567683, 0.5444030401741587, 0.40127153531093807, 0.30163798447406986, 0.5224526204178167, 0.5536276110445842, 0.22567525494016308, 0.22567525494016308, 0.22567525494016308, 0.22567525494016308, 0.22567525494016308, 0.615701289490114, 0.615701289490114, 0.615701289490114, 0.615701289490114, 0.615701289490114]","[0.25257723872251153, 0.00921447612568331, 2.4031952752618904]","[0.09999999999999998, 0.1, 0.0]",0.32360372615995625
71,"[0.5982485887305286, 0.4371113794366326, 0.29916257099367327, 0.44193624709473567, 0.5406988806843339, 0.32105811470062456, 0.28920250620406607, 0.24102451433867267, 0.4021617236325688, 0.5401105320755283, 0.39733685597446566, 0.29857422238486725, 0.518214988368577, 0.5500705968651356, 0.2221795663046176, 0.2221795663046176, 0.2221795663046176, 0.2221795663046176, 0.2221795663046176, 0.6170935367645838, 0.6170935367645838, 0.6170935367645838, 0.6170935367645838, 0.6170935367645838]","[0.2481711509438143, 0.00017211941662542002, 2.3966900514668006]","[0.09999999999999998, 0.1, 0.0]",0.3183972412408853
72,"[0.5992500632007932, 0.43739722695461775, 0.30104834160413996, 0.44346508351494973, 0.5414221518167884, 0.32288914645182387, 0.2904316864569085, 0.23792485711073502, 0.39977769335691066, 0.5361265787073886, 0.3937098367965786, 0.2957527684947398, 0.5142857738597048, 0.5467432338546202, 0.21899044035090517, 0.21899044035090517, 0.21899044035090517, 0.21899044035090517, 0.21899044035090517, 0.6181844799606232, 0.6181844799606232, 0.6181844799606232, 0.6181844799606232, 0.6181844799606232]","[0.2750118685954717, 0.0046355817285568535, 2.3898779482242647]","[0.09999999999999998, 0.1, 0.0]",0.34019872954687413
73,"[0.5994525238464913, 0.43721477159221533, 0.30207364803077724, 0.44413434808680996, 0.5414693876698066, 0.32385985086634195, 0.2910234778900057, 0.23562945916425815, 0.39786721141853426, 0.5330083349799725, 0.3909476349239395, 0.29361259534094286, 0.5112221321444078, 0.5440585051207442, 0.21666503696938028, 0.21666503696938028, 0.21666503696938028, 0.21666503696938028, 0.21666503696938028, 0.6184169460413693, 0.6184169460413693, 0.6184169460413693, 0.6184169460413693, 0.6184169460413693]","[0.19500403643402506, 0.001226266926295183, 2.3815013625849133]","[0.10000000000000003, 0.1, 0.0]",0.27526223731541
74,"[0.6009565993294803, 0.43899958114312715, 0.30455542050250767, 0.4462609688084003, 0.5426660437126073, 0.3262871578309835, 0.2926952805930379, 0.23203767872374229, 0.3939946969100956, 0.5284388575507152, 0.3867333092448223, 0.29032823434061533, 0.5067071202222394, 0.5402989974601851, 0.21288641778514944, 0.21288641778514944, 0.21288641778514944, 0.21288641778514944, 0.21288641778514944, 0.6201078602680733, 0.6201078602680733, 0.6201078602680733, 0.6201078602680733, 0.6201078602680733]","[0.3049937823931786, 0.0025281565167556558, 2.376256850504999]","[0.09999999999999998, 0.1, 0.0]",0.3631870919173062
75,"[0.6000604579008707, 0.4387325637301904, 0.3045923893026548, 0.44594367373778276, 0.5419383874443896, 0.32626979728780947, 0.2925553167191509, 0.23085133445721884, 0.3921792286278993, 0.526319403055435, 0.38496811862030683, 0.2889734049137, 0.5046419950702804, 0.538356475638939, 0.21155584438928313, 0.21155584438928313, 0.21155584438928313, 0.21155584438928313, 0.21155584438928313, 0.6193559479688066, 0.6193559479688066, 0.6193559479688066, 0.6193559479688066, 0.6193559479688066]","[0.222397610081072, 0.0060067952057327595, 2.366016778100436]","[0.09999999999999998, 0.1, 0.0]",0.29711994625073934
76,"[0.6007814704204304, 0.43773534313154905, 0.3061312247114748, 0.447129130935515, 0.5423959120126397, 0.3277544391766666, 0.2935290147246955, 0.2280530424567639, 0.39109916974564535, 0.5227032881657198, 0.3817053819416794, 0.28643860086455464, 0.5010800737005281, 0.5353054981524992, 0.20872663839623326, 0.20872663839623326, 0.20872663839623326, 0.20872663839623326, 0.20872663839623326, 0.6201078744809612, 0.6201078744809612, 0.6201078744809612, 0.6201078744809612, 0.6201078744809612]","[0.20381189965034163, 0.003274024881356377, 2.3590173329457667]","[0.09999999999999998, 0.1, 0.0]",0.2814914900997651
77,"[0.6015494708443501, 0.4380000612292737, 0.3078772229773659, 0.448522634435846, 0.5428646428281665, 0.32944637940639476, 0.29446894936292933, 0.22521295575065123, 0.38876236536572767, 0.5188852036176357, 0.3782397921591554, 0.28389778376683494, 0.49731604718860695, 0.5322934772320723, 0.20569349547257285, 0.20569349547257285, 0.20569349547257285, 0.20569349547257285, 0.20569349547257285, 0.6210689311224286, 0.6210689311224286, 0.6210689311224286, 0.6210689311224286, 0.6210689311224286]","[1.106704236650046, 0.0042065622850562465, 2.3526098044165944]","[0.10000000000000009, 0.1, 0.0]",1.003624863883625
78,"[0.5862170779060432, 0.42431032278586867, 0.2928804889297262, 0.4346227975645285, 0.5272804402308997, 0.31439572246768244, 0.2795057359993257, 0.23847844262247062, 0.4003851977426452, 0.531815031598788, 0.3900727229639854, 0.29741508029761415, 0.5102997980608317, 0.5451897845291884, 0.21940630272408773, 0.21940630272408773, 0.21940630272408773, 0.21940630272408773, 0.21940630272408773, 0.6052892178044261, 0.6052892178044261, 0.6052892178044261, 0.6052892178044261, 0.6052892178044261]","[0.4075656179340561, 0.00037806518321305965, 2.3120935096977857]","[0.09999999999999998, 0.1, 0.0]",0.44171387960961617
79,"[0.5851461531723143, 0.42276603745353136, 0.2924282759075594, 0.4335081601543747, 0.5258125768593541, 0.3138897213616707, 0.2790869598594849, 0.23748762855487815, 0.39986774427366123, 0.5302055058196335, 0.3891256215728178, 0.2968212048678384, 0.5087440603655221, 0.543546821867708, 0.21857779876712002, 0.21857779876712002, 0.21857779876712002, 0.21857779876712002, 0.21857779876712002, 0.6040559829600726, 0.6040559829600726, 0.6040559829600726, 0.6040559829600726, 0.6040559829600726]","[0.4545553753072043, 0.0009338751865183986, 2.3009815253406964]","[0.09999999999999998, 0.1, 0.0]",0.478833457790776
80,"[0.5828631257140049, 0.42101440195491774, 0.29092321538342536, 0.4319393440387356, 0.5240470153721651, 0.3123310072239014, 0.27761525262547104, 0.23771407155886962, 0.3995627953179569, 0.5296539818894496, 0.388637853234139, 0.2965301819007094, 0.5082461900489734, 0.5429619446474039, 0.21880534410456737, 0.21880534410456737, 0.21880534410456737, 0.21880534410456737, 0.21880534410456737, 0.6017718531683073, 0.6017718531683073, 0.6017718531683073, 0.6017718531683073, 0.6017718531683073]","[0.5688551443789962, 0.0031331178792959463, 2.288122737467001]","[0.10000000000000009, 0.1, 0.0]",0.5699602200584415
81,"[0.578114224923135, 0.4162130976370747, 0.2868619787317591, 0.4287701816889751, 0.5207941049108656, 0.30821625109263395, 0.2735872858806997, 0.24041152935655732, 0.4023126566426178, 0.5316637755479336, 0.38975557259071725, 0.2977316493688267, 0.5103095031870587, 0.5449384683989931, 0.22159225935751364, 0.22159225935751364, 0.22159225935751364, 0.22159225935751364, 0.22159225935751364, 0.5969334949221788, 0.5969334949221788, 0.5969334949221788, 0.5969334949221788, 0.5969334949221788]","[0.29783472473497796, 0.00025362839336014187, 2.2710336346936586]","[0.09999999999999998, 0.1, 0.0]",0.35185750578166936
82,"[0.5800512414709288, 0.41749953056313394, 0.2896003430240364, 0.42986376891526296, 0.5215057675401417, 0.3109012297040091, 0.27635883690510465, 0.2364281984230643, 0.3989799093308593, 0.5268790968699572, 0.3866156709787302, 0.29497367235385147, 0.5055782101899844, 0.5401206029888889, 0.21758275947001315, 0.21758275947001315, 0.21758275947001315, 0.21758275947001315, 0.21758275947001315, 0.5988966804239801, 0.5988966804239801, 0.5988966804239801, 0.5988966804239801, 0.5988966804239801]","[0.32576102359569514, 0.0009619254962981924, 2.265510801003969]","[0.09999999999999998, 0.1, 0.0]",0.3740286477511993
83,"[0.5808335520212405, 0.41890004272828524, 0.291194976140844, 0.4302421563219814, 0.5215531495310494, 0.3124426106041167, 0.2779865737872096, 0.2336046892730176, 0.395538198565973, 0.5232432651534146, 0.3841960849722768, 0.29288509176320876, 0.5019956306901417, 0.536451667507049, 0.21472016859697043, 0.21472016859697043, 0.21472016859697043, 0.21472016859697043, 0.21472016859697043, 0.5997180726972878, 0.5997180726972878, 0.5997180726972878, 0.5997180726972878, 0.5997180726972878]","[0.3174714517512828, 0.001783268678264928, 2.2582341645362867]","[0.09999999999999998, 0.1, 0.0]",0.3671563599295803
84,"[0.5815348045326557, 0.41891673771577453, 0.2927636226172031, 0.43060581071385784, 0.5215875928895626, 0.31395813799431765, 0.2795882412694528, 0.2308673411583668, 0.39348540797524806, 0.5196385230738197, 0.3817963349771647, 0.29081455280145985, 0.49844400769670516, 0.5328139044215701, 0.21188673425876675, 0.21188673425876675, 0.21188673425876675, 0.21188673425876675, 0.21188673425876675, 0.6005154114322558, 0.6005154114322558, 0.6005154114322558, 0.6005154114322558, 0.6005154114322558]","[0.3081500263851892, 0.0016007851394656408, 2.2510029189748533]","[0.09999999999999998, 0.1, 0.0]",0.35931028482781385
85,"[0.5821585243782985, 0.4190823098877005, 0.2942533576570711, 0.43092156117808, 0.5215782510359886, 0.31539488674574284, 0.2811109147626902, 0.22821261594849643, 0.3912888304390945, 0.5161177826697242, 0.37944957914871497, 0.2887928892908062, 0.4949762535810524, 0.5292602255641051, 0.20913537332670884, 0.20913537332670884, 0.20913537332670884, 0.20913537332670884, 0.20913537332670884, 0.6012357670000862, 0.6012357670000862, 0.6012357670000862, 0.6012357670000862, 0.6012357670000862]","[0.3640311275191021, 0.005490658366579804, 2.2437675396278656]","[0.09999999999999998, 0.1, 0.0]",0.4042368777516619
86,"[0.5812864774785789, 0.41839271025532204, 0.29434672950441254, 0.43036378017123866, 0.5207573947912355, 0.3154354047703626, 0.2812371427172675, 0.22705873499739906, 0.389952502220656, 0.5139984829715658, 0.37798143230473935, 0.28758781768474234, 0.49290980770561565, 0.5271080697587107, 0.20778352965190797, 0.20778352965190797, 0.20778352965190797, 0.20778352965190797, 0.20778352965190797, 0.6005616828240701, 0.6005616828240701, 0.6005616828240701, 0.6005616828240701, 0.6005616828240701]","[0.9950743505786064, 0.007295949478758043, 2.2340079621839286]","[0.10000000000000009, 0.1, 0.0]",0.9088542709938953
87,"[0.5669999595929766, 0.40712229364794544, 0.2807404303302187, 0.42122219881162537, 0.5119554652250121, 0.3017771445209504, 0.2676636175100416, 0.23932438985181145, 0.3992020557968427, 0.5255839191145697, 0.3851021506331627, 0.29436888421977575, 0.5045472049238379, 0.5386607319347467, 0.22013450317821096, 0.22013450317821096, 0.22013450317821096, 0.22013450317821096, 0.22013450317821096, 0.5861898462665771, 0.5861898462665771, 0.5861898462665771, 0.5861898462665771, 0.5861898462665771]","[0.8238911042383099, 0.0005028492585507222, 2.200619025954404]","[0.10000000000000009, 0.1, 0.0]",0.7692192620771509
88,"[0.5564981527720914, 0.39939062717219315, 0.27077991508441773, 0.41398755470852355, 0.505510880625591, 0.29176403748967256, 0.25773579429629107, 0.24781038579908465, 0.40491791139898303, 0.5335286234867587, 0.39032098386265257, 0.29879765794558494, 0.5125445010815037, 0.5465727442748853, 0.22884283109024087, 0.22884283109024087, 0.22884283109024087, 0.22884283109024087, 0.22884283109024087, 0.5754657074809353, 0.5754657074809353, 0.5754657074809353, 0.5754657074809353, 0.5754657074809353]","[0.43520300561837655, 0.0006944717637919345, 2.1758751566771823]","[0.09999999999999998, 0.1, 0.0]",0.4570603330931292
89,"[0.557098570438595, 0.39943549059982275, 0.2721965616330468, 0.41471052072937276, 0.5051959996142235, 0.2931282237322885, 0.25918505114689044, 0.2451991967861531, 0.40286227662492546, 0.5301012055917017, 0.3875872464953754, 0.29710176761052454, 0.5091695434924599, 0.543112716077858, 0.22617712767617515, 0.22617712767617515, 0.22617712767617515, 0.22617712767617515, 0.22617712767617515, 0.5761206395485731, 0.5761206395485731, 0.5761206395485731, 0.5761206395485731, 0.5761206395485731]","[0.30689076685506367, 0.00243492206853934, 2.167904553677918]","[0.09999999999999998, 0.1, 0.0]",0.3542730794782277
90,"[0.5608234531882534, 0.4022021830818981, 0.27688110938060356, 0.4181786193366758, 0.5063646460882174, 0.29776044232459714, 0.2639021276706626, 0.23946856961843277, 0.39808983972478823, 0.523410913426083, 0.3821134034700105, 0.29392737671846875, 0.5025315804820893, 0.536389895136024, 0.2202466457053453, 0.2202466457053453, 0.2202466457053453, 0.2202466457053453, 0.2202466457053453, 0.5800453771013411, 0.5800453771013411, 0.5800453771013411, 0.5800453771013411, 0.5800453771013411]","[0.293222504366087, 0.0007040790487890525, 2.164889352321293]","[0.09999999999999998, 0.1, 0.0]",0.34292808296625266
91,"[0.5639385222216293, 0.4049141440594809, 0.280871847365125, 0.4210653085519794, 0.5072212184337418, 0.3016989819767586, 0.26792531310945894, 0.23435277052804016, 0.3933771486901887, 0.5174194453845449, 0.3772259841976902, 0.29107007431592763, 0.49659231077291116, 0.5303659796402109, 0.21501308833310898, 0.21501308833310898, 0.21501308833310898, 0.21501308833310898, 0.21501308833310898, 0.5832782044165606, 0.5832782044165606, 0.5832782044165606, 0.5832782044165606, 0.5832782044165606]","[0.28321484733391566, 0.0016028868285502818, 2.1613850470527556]","[0.09999999999999998, 0.1, 0.0]",0.3348815632440528
92,"[0.5664953105701013, 0.40698781960908137, 0.28434936098861047, 0.4235222180313443, 0.5078475587454336, 0.305124427763715, 0.2714351930685836, 0.229800253947694, 0.389307744908714, 0.5119462035291852, 0.3727733464864511, 0.2884480057723617, 0.4911711367540806, 0.524860371449212, 0.2102958623703779, 0.2102958623703779, 0.2102958623703779, 0.2102958623703779, 0.2102958623703779, 0.5859997021474176, 0.5859997021474176, 0.5859997021474176, 0.5859997021474176, 0.5859997021474176]","[0.2542013671423561, 0.0006562493449669554, 2.157458042166428]","[0.09999999999999998, 0.1, 0.0]",0.3113324332239513
93,"[0.5691861016549749, 0.40859964104465735, 0.2877894898251089, 0.42594889419581683, 0.5084593293703635, 0.30851261893327564, 0.27490760732488206, 0.22511872395152593, 0.38570518456184355, 0.5065153357813923, 0.3683559314106841, 0.2858454962361373, 0.4857922066732255, 0.5193972182816191, 0.20561912047548203, 0.20561912047548203, 0.20561912047548203, 0.20561912047548203, 0.20561912047548203, 0.5886857051310189, 0.5886857051310189, 0.5886857051310189, 0.5886857051310189, 0.5886857051310189]","[0.2957875382935576, 0.003372253355162863, 2.1538916288915866]","[0.09999999999999998, 0.1, 0.0]",0.34483045008269986
94,"[0.5702754095053906, 0.40902035482136234, 0.28976476971951853, 0.4271467320023737, 0.5084095442095381, 0.31043609100491487, 0.27691509192554226, 0.22204365403709397, 0.38329870872112226, 0.5025542938229663, 0.36517233154011103, 0.28390951933294656, 0.48188297253757, 0.5154039716169426, 0.20241031905532092, 0.20241031905532092, 0.20241031905532092, 0.20241031905532092, 0.20241031905532092, 0.5899087444871638, 0.5899087444871638, 0.5899087444871638, 0.5899087444871638, 0.5899087444871638]","[0.24222809966571412, 0.0015367350674561492, 2.147931884140914]","[0.09999999999999998, 0.1, 0.0]",0.30140958419973546
95,"[0.5722691948272033, 0.4097444165429487, 0.2925511648630807, 0.4290267927128328, 0.5087297494667685, 0.3131708078452636, 0.27973361126358937, 0.218069071056425, 0.3805938493406797, 0.49778710102054796, 0.36131147317079576, 0.2816085164168599, 0.47716745803836513, 0.5106046546200393, 0.19839348618982164, 0.19839348618982164, 0.19839348618982164, 0.19839348618982164, 0.19839348618982164, 0.5919447796938069, 0.5919447796938069, 0.5919447796938069, 0.5919447796938069, 0.5919447796938069]","[0.22273505039925967, 0.001285102835573343, 2.1437057572520795]","[0.09999999999999998, 0.1, 0.0]",0.28556609360734775
96,"[0.574155403061017, 0.41102954439925404, 0.2953668930788911, 0.4309326325877853, 0.5090656063030026, 0.31593498695361855, 0.2825813833633985, 0.21420701715790227, 0.3773328758196653, 0.4929955271400285, 0.3574297876311342, 0.2792968139159168, 0.4724274332653011, 0.5057810368555211, 0.194350396346379, 0.194350396346379, 0.194350396346379, 0.194350396346379, 0.194350396346379, 0.5940120238725405, 0.5940120238725405, 0.5940120238725405, 0.5940120238725405, 0.5940120238725405]","[0.2395569755041324, 0.00822522681009176, 2.1397726175443346]","[0.09999999999999998, 0.1, 0.0]",0.2998679953020364
97,"[0.5752048684461634, 0.41140468970319904, 0.29738464459889286, 0.432169579636614, 0.5090421410862583, 0.31790131823893353, 0.284631098657689, 0.2111866457222086, 0.37498682446517295, 0.4890068695694794, 0.35422193453175815, 0.27734937308211377, 0.46849019592943886, 0.5017604155106833, 0.19110835160281403, 0.19110835160281403, 0.19110835160281403, 0.19110835160281403, 0.19110835160281403, 0.5952831625655581, 0.5952831625655581, 0.5952831625655581, 0.5952831625655581, 0.5952831625655581]","[0.2125161044896148, 0.0030164830909393953, 2.1344649701715954]","[0.10000000000000003, 0.1, 0.0]",0.2771886045639126
98,"[0.5766133617045566, 0.4121270107044803, 0.29965605892425834, 0.4336206635811698, 0.5091359903077827, 0.3201214408801989, 0.28693439684790745, 0.2078121736783944, 0.37229852467847074, 0.484769476458693, 0.35080487180178144, 0.2752895450751685, 0.46430409450275256, 0.4974911385350439, 0.18761570478694428, 0.18761570478694428, 0.18761570478694428, 0.18761570478694428, 0.18761570478694428, 0.5968098305960069, 0.5968098305960069, 0.5968098305960069, 0.5968098305960069, 0.5968098305960069]","[0.273519301940426, 0.006329899470479183, 2.1299033015111504]","[0.09999999999999998, 0.1, 0.0]",0.3262600915484702
99,"[0.5764064747713445, 0.4125009316088092, 0.30045925348474317, 0.43384006441865897, 0.5085667265011958, 0.32087347198579386, 0.2877693955635831, 0.20605799677314904, 0.3699635399356845, 0.48200521805975083, 0.34862440712583487, 0.273897745043298, 0.46159099955870025, 0.49469507598091084, 0.18559433081718146, 0.18559433081718146, 0.18559433081718146, 0.18559433081718146, 0.18559433081718146, 0.5968701407273124, 0.5968701407273124, 0.5968701407273124, 0.5968701407273124, 0.5968701407273124]","[0.29672225722979084, 0.0004967160194560977, 2.122406002706791]","[0.09999999999999998, 0.1, 0.0]",0.34357261332209066
100,"[0.5758419843044086, 0.4120906256451229, 0.3006852712179665, 0.4335759633950075, 0.5077381978158735, 0.32104845417276456, 0.2880271379416094, 0.20466632606122373, 0.36841768472050956, 0.4798230391476662, 0.34693234697062514, 0.27277011254975914, 0.4594598561928683, 0.49248117242402334, 0.1841531791232033, 0.1841531791232033, 0.1841531791232033, 0.1841531791232033, 0.1841531791232033, 0.5963551312424293, 0.5963551312424293, 0.5963551312424293, 0.5963551312424293, 0.5963551312424293]","[0.2891322701899563, 0.003672607982529476, 2.113829059494602]","[0.09999999999999998, 0.1, 0.0]",0.3375481603240746
101,"[0.5752033583559829, 0.4118360244592812, 0.30101997597017466, 0.4334042585581553, 0.5069612575749561, 0.3213322509675857, 0.2883934880270084, 0.20335368123373537, 0.36672101513043714, 0.47753706361954396, 0.3451527810315632, 0.2715957820147624, 0.457224788622133, 0.4901635515627102, 0.18260637824514223, 0.18260637824514223, 0.18260637824514223, 0.18260637824514223, 0.18260637824514223, 0.5959506613445763, 0.5959506613445763, 0.5959506613445763, 0.5959506613445763, 0.5959506613445763]","[0.2791952918564211, 0.0004371195515514778, 2.105477311991744]","[0.09999999999999998, 0.1, 0.0]",0.3286956670174568
102,"[0.5748827634632688, 0.4110955714860556, 0.30140897767412, 0.43327927723700704, 0.5062112483464452, 0.32167047198403753, 0.28881405595081167, 0.2017278835274752, 0.3655150755046885, 0.47520166931662433, 0.3433313697537371, 0.27039939864429907, 0.4549401750067069, 0.48779659103993267, 0.18100831065565862, 0.18100831065565862, 0.18100831065565862, 0.18100831065565862, 0.18100831065565862, 0.5956023363350856, 0.5956023363350856, 0.5956023363350856, 0.5956023363350856, 0.5956023363350856]","[0.27987424897000224, 0.007946386389886706, 2.097377239528729]","[0.09999999999999998, 0.1, 0.0]",0.32996021911092127
103,"[0.5741900632723083, 0.4110046903069903, 0.3017836527455773, 0.43314339527723666, 0.5054570615504563, 0.32199449331971997, 0.2892202183265772, 0.20047905710095892, 0.3636644300662769, 0.47288546762769024, 0.34152572509603063, 0.2692120588228111, 0.4526746270535476, 0.4854489020466903, 0.1794275923633769, 0.1794275923633769, 0.1794275923633769, 0.1794275923633769, 0.1794275923633769, 0.5952415280098905, 0.5952415280098905, 0.5952415280098905, 0.5952415280098905, 0.5952415280098905]","[0.32894298732007643, 0.006877194721716495, 2.0892046095018912]","[0.09999999999999998, 0.1, 0.0]",0.3686461995394132
104,"[0.5725742622297192, 0.4105302895258791, 0.3011022690825584, 0.43212189623801833, 0.5042265394331327, 0.3212625825552657, 0.2885702432496058, 0.20015818534261484, 0.36220215804645495, 0.471630178489776, 0.3406105513343158, 0.26850590813920155, 0.4514698650170687, 0.48416220432272855, 0.17890594791362344, 0.17890594791362344, 0.17890594791362344, 0.17890594791362344, 0.17890594791362344, 0.5938264996587108, 0.5938264996587108, 0.5938264996587108, 0.5938264996587108, 0.5938264996587108]","[0.2876010571465714, 0.002648789071675914, 2.078859588021271]","[0.09999999999999998, 0.1, 0.0]",0.3344211434790721
105,"[0.5718241283071823, 0.41034290871948825, 0.30127170394005215, 0.4318159293658922, 0.5033839443360051, 0.3213816166290777, 0.28877100817168194, 0.19897648814622088, 0.36045770773391494, 0.4695289125133514, 0.33898468708751106, 0.2674166721173983, 0.44941899982432587, 0.48202960828172153, 0.1775364925136392, 0.1775364925136392, 0.1775364925136392, 0.1775364925136392, 0.1775364925136392, 0.5932641239397642, 0.5932641239397642, 0.5932641239397642, 0.5932641239397642, 0.5932641239397642]","[0.31188179926607523, 0.022046903152671216, 2.070401359239076]","[0.09999999999999998, 0.1, 0.0]",0.35633254284771465
106,"[0.5702659006018708, 0.40958034961970236, 0.3008871848157271, 0.4310459432563613, 0.502292575041768, 0.3209468227230301, 0.28841774078677784, 0.19860771431039898, 0.35929326529256733, 0.4679864300965429, 0.33782767165590843, 0.26658103987050175, 0.44792679218924, 0.4804558741254921, 0.17672399114683002, 0.17672399114683002, 0.17672399114683002, 0.17672399114683002, 0.17672399114683002, 0.5921496237654399, 0.5921496237654399, 0.5921496237654399, 0.5921496237654399, 0.5921496237654399]","[0.330179528518175, 0.02083912630737268, 2.0606811992544594]","[0.09999999999999998, 0.1, 0.0]",0.3703035517233689
107,"[0.5683436653313587, 0.40856127811124154, 0.30024145562869536, 0.4300577440757348, 0.5010851083012064, 0.3202509444412301, 0.28780318520981846, 0.19860776554363033, 0.35839015276374747, 0.466709975246294, 0.33689368679925424, 0.2658663225737827, 0.4467004864337593, 0.47914824566517084, 0.1761756923939554, 0.1761756923939554, 0.1761756923939554, 0.1761756923939554, 0.1761756923939554, 0.5907757384810338, 0.5907757384810338, 0.5907757384810338, 0.5907757384810338, 0.5907757384810338]","[0.3124731467627264, 0.009147029436060446, 2.0503958354808978]","[0.09999999999999998, 0.1, 0.0]",0.35387036359963514
108,"[0.5670660144570577, 0.4075302702959555, 0.2998971222722372, 0.4293237336291555, 0.5000165324228765, 0.3198565873627406, 0.28748994752940743, 0.19796803784074382, 0.357503782001846, 0.4651369300255647, 0.33571031866864615, 0.2650175198749251, 0.4451774649350614, 0.4775441047683944, 0.17532898288035695, 0.17532898288035695, 0.17532898288035695, 0.17532898288035695, 0.17532898288035695, 0.5897050694174448, 0.5897050694174448, 0.5897050694174448, 0.5897050694174448, 0.5897050694174448]","[0.41390715843847514, 0.005007393235361236, 2.0409292479773407]","[0.09999999999999998, 0.1, 0.0]",0.43392329813495134
109,"[0.5639902727759744, 0.4055999197313655, 0.297637694224301, 0.4269827833746174, 0.4980822452561218, 0.3175560987286997, 0.2852615374183283, 0.19913119439108265, 0.35752154743569153, 0.4654837729427564, 0.3361386837924397, 0.26503922191093526, 0.44556536843835776, 0.477859929748729, 0.17640034566541166, 0.17640034566541166, 0.17640034566541166, 0.17640034566541166, 0.17640034566541166, 0.5867211215016456, 0.5867211215016456, 0.5867211215016456, 0.5867211215016456, 0.5867211215016456]","[0.5629155600498488, 6.032381172688117e-05, 2.0274290943377307]","[0.10000000000000009, 0.1, 0.0]",0.5517129513285246
110,"[0.5584486871036027, 0.4010476243346781, 0.2926629968402483, 0.42236300602569704, 0.4949195720107756, 0.31257637890339307, 0.28031778042629063, 0.20276497639553667, 0.36016603916446127, 0.4685506666588914, 0.33885065747344245, 0.26629409148836386, 0.44863728459574675, 0.4808958830728491, 0.18018994794974003, 0.18018994794974003, 0.18018994794974003, 0.18018994794974003, 0.18018994794974003, 0.5810237155493996, 0.5810237155493996, 0.5810237155493996, 0.5810237155493996, 0.5810237155493996]","[0.6857238132497441, 0.008995089779577387, 2.00845004767533]","[0.10000000000000009, 0.1, 0.0]",0.6503508164504984
111,"[0.5507164544987311, 0.3956136365538535, 0.2854849614071034, 0.41632255105133414, 0.4948228029014885, 0.3054206886768685, 0.2731706080341806, 0.20859417484166054, 0.36369699278653805, 0.47382566793328845, 0.3429880782890575, 0.2644878264389031, 0.45388994066352345, 0.48614002130621126, 0.18618585102090998, 0.18618585102090998, 0.18618585102090998, 0.18618585102090998, 0.18618585102090998, 0.5731247783194818, 0.5731247783194818, 0.5731247783194818, 0.5731247783194818, 0.5731247783194818]","[0.8439362428394542, 0.002088250533849048, 1.9866525083551563]","[0.10000000000000009, 0.1, 0.0]",0.7747948572693986
112,"[0.5398380716085615, 0.3875605407395554, 0.2750352274109457, 0.4079042443817056, 0.49673769544342344, 0.2950051991394497, 0.2627516599214552, 0.21757428115847915, 0.3698518120274852, 0.4823771253560951, 0.349508108385335, 0.2606746573236172, 0.46240715362759127, 0.4946606928455856, 0.19545640798599762, 0.19545640798599762, 0.19545640798599762, 0.19545640798599762, 0.19545640798599762, 0.5619559447810433, 0.5619559447810433, 0.5619559447810433, 0.5619559447810433, 0.5619559447810433]","[0.7669927908534033, 0.0020867854670222133, 1.9609476276948576]","[0.10000000000000009, 0.1, 0.0]",0.711954631887519
113,"[0.5310487261964569, 0.37987232602224585, 0.26653458421763704, 0.4009641172312952, 0.4980252576306344, 0.2865613298707922, 0.2542817256468703, 0.2244700956886661, 0.3756464958628772, 0.48898423766748617, 0.3545547046538278, 0.2574935642544887, 0.46895749201433123, 0.501237096238253, 0.2027808220908139, 0.2027808220908139, 0.2027808220908139, 0.2027808220908139, 0.2027808220908139, 0.5527379997943094, 0.5527379997943094, 0.5527379997943094, 0.5527379997943094, 0.5527379997943094]","[0.7001095502230517, 0.002958190185200285, 1.9399528051426298]","[0.10000000000000009, 0.1, 0.0]",0.657529008963353
114,"[0.5245110254543375, 0.3747360494203791, 0.26045036822224554, 0.39463736954457207, 0.5019369408289219, 0.2804270470112678, 0.24822814179790573, 0.22911899937607277, 0.3788939754100311, 0.4931796566081648, 0.3589926552858382, 0.2516930840014883, 0.4732029778191428, 0.5054018830325048, 0.20769174957043426, 0.20769174957043426, 0.20769174957043426, 0.20769174957043426, 0.20769174957043426, 0.5459382752599762, 0.5459382752599762, 0.5459382752599762, 0.5459382752599762, 0.5459382752599762]","[0.6722585823708754, 0.003901921077120299, 1.9240455544803805]","[0.10000000000000009, 0.1, 0.0]",0.6345944317822874
115,"[0.5192586284154481, 0.37268013881441747, 0.2558778654747146, 0.3897293992937353, 0.504603475303825, 0.27580460256676426, 0.2436861946164356, 0.2324873213528861, 0.3790658109539167, 0.4958680842936198, 0.36201655047459896, 0.24714247446450924, 0.4759413472015703, 0.5080597551518988, 0.21109389702348355, 0.21109389702348355, 0.21109389702348355, 0.21109389702348355, 0.21109389702348355, 0.5406520527448508, 0.5406520527448508, 0.5406520527448508, 0.5406520527448508, 0.5406520527448508]","[0.6209846199912801, 0.001139633626775688, 1.910345673856836]","[0.10000000000000009, 0.1, 0.0]",0.5924759247298823
116,"[0.516541937245158, 0.37099530202299524, 0.2537471401066147, 0.38726404509108786, 0.5048329973199785, 0.2736240603559343, 0.24158594842548142, 0.23332464764875543, 0.37887128287091815, 0.4961194447872988, 0.36260253980282553, 0.2450335875739349, 0.47624252453797944, 0.5082806364684321, 0.21205719298533793, 0.21205719298533793, 0.21205719298533793, 0.21205719298533793, 0.21205719298533793, 0.5378093919085757, 0.5378093919085757, 0.5378093919085757, 0.5378093919085757, 0.5378093919085757]","[0.657459720446823, 0.0014224705368482832, 1.89936845932108]","[0.10000000000000009, 0.1, 0.0]",0.6211495699040397
117,"[0.512535567138729, 0.36861860186303647, 0.2503714991061871, 0.3836256774846693, 0.5063121879768396, 0.2701987270548834, 0.23824071040425668, 0.23545635129294953, 0.37937331656864215, 0.4976204193254916, 0.3643662409470093, 0.241679730454839, 0.47779319137679555, 0.5097512080274221, 0.21426832315303562, 0.21426832315303562, 0.21426832315303562, 0.21426832315303562, 0.21426832315303562, 0.5337235952786432, 0.5337235952786432, 0.5337235952786432, 0.5337235952786432, 0.5337235952786432]","[0.6916661199572065, 0.0022750756815486453, 1.8873491336529384]","[0.10000000000000009, 0.1, 0.0]",0.6480416140006444
118,"[0.50733005392881, 0.36615959939815335, 0.24580027794252735, 0.37932260040832244, 0.5089916999227918, 0.2655779378213519, 0.23369981621235175, 0.23879188470678933, 0.37996233923744605, 0.5003216606930722, 0.36679933822727695, 0.2371302387128076, 0.48054400081424786, 0.5124221224232479, 0.21767794476104732, 0.21767794476104732, 0.21767794476104732, 0.21767794476104732, 0.21767794476104732, 0.5284439938745523, 0.5284439938745523, 0.5284439938745523, 0.5284439938745523, 0.5284439938745523]","[0.6868150525093348, 0.0010948098957550972, 1.874574867701684]","[0.10000000000000009, 0.1, 0.0]",0.6433450068769153
119,"[0.502751573539691, 0.3640116884647456, 0.24182874783156655, 0.37569934637889285, 0.5110762500890893, 0.2615597502971447, 0.22975853725571638, 0.2415050602493193, 0.38024494532426484, 0.5024278859574439, 0.36855728741011756, 0.2331803836999211, 0.4826968834918661, 0.5144980965332943, 0.22049077931524919, 0.22049077931524919, 0.22049077931524919, 0.22049077931524919, 0.22049077931524919, 0.5237658544737614, 0.5237658544737614, 0.5237658544737614, 0.5237658544737614, 0.5237658544737614]","[0.7152756950514136, 0.006633985224590959, 1.8626436598284155]","[0.10000000000000009, 0.1, 0.0]",0.6663478368162404
120,"[0.49682287160280725, 0.3598071893368477, 0.23656491067229826, 0.3714776790534844, 0.5138389482385186, 0.2562466132850454, 0.22452487562288773, 0.24557312060173056, 0.3825888028676902, 0.5058310815322397, 0.3709183131510535, 0.22855704396601925, 0.4861493789194929, 0.5178711165816504, 0.22459881765665043, 0.22459881765665043, 0.22459881765665043, 0.22459881765665043, 0.22459881765665043, 0.5177971745478877, 0.5177971745478877, 0.5177971745478877, 0.5177971745478877, 0.5177971745478877]","[0.7521446986857623, 0.0023944047376231598, 1.8500227949760593]","[0.10000000000000009, 0.1, 0.0]",0.6945760594080563
121,"[0.4891315643569696, 0.35846458813991117, 0.22942055514428197, 0.3665894324711096, 0.5172917600599726, 0.24905201181706915, 0.21741062018249496, 0.25140843786705686, 0.3820754140841154, 0.5111194470797445, 0.37395056975291696, 0.2232482421640539, 0.4914879904069578, 0.5231293820415318, 0.23059026386384435, 0.23059026386384435, 0.23059026386384435, 0.23059026386384435, 0.23059026386384435, 0.5099497383601824, 0.5099497383601824, 0.5099497383601824, 0.5099497383601824, 0.5099497383601824]","[0.8123184861258234, 0.04062799051403547, 1.8365453705489019]","[0.10000000000000009, 0.1, 0.0]",0.7477762560052092
122,"[0.4786604373893813, 0.3519353911951978, 0.22417371442070816, 0.36417349700427, 0.5194278901694329, 0.23902563726855916, 0.20764729264404433, 0.26002821482908506, 0.3867532610232687, 0.5145149377977583, 0.37451515521419654, 0.21926076204903347, 0.4996630149499077, 0.5310413595744223, 0.2394173186625625, 0.2394173186625625, 0.2394173186625625, 0.2394173186625625, 0.2394173186625625, 0.4992713335559042, 0.4992713335559042, 0.4992713335559042, 0.4992713335559042, 0.4992713335559042]","[0.7850635745220009, 0.003528612644131693, 1.8203962057347556]","[0.10000000000000009, 0.1, 0.0]",0.7195999618009583
123,"[0.4691240908733103, 0.3474513545720177, 0.22080306345578002, 0.36408951100041365, 0.5208223527571314, 0.22999742339001158, 0.19869752462705803, 0.2677178397146099, 0.3893905760159026, 0.5160388671321402, 0.3727524195875067, 0.21601957783078876, 0.5068445071979092, 0.5381444059608624, 0.2472494251512823, 0.2472494251512823, 0.2472494251512823, 0.2472494251512823, 0.2472494251512823, 0.48959250543663824, 0.48959250543663824, 0.48959250543663824, 0.48959250543663824, 0.48959250543663824]","[0.796217990987017, 0.009944405963421818, 1.8058047594007736]","[0.10000000000000009, 0.1, 0.0]",0.7287562916541656
124,"[0.45908651770029474, 0.3453559915100065, 0.21722374816490286, 0.3672477202490872, 0.5195016986482699, 0.22049638131094762, 0.1891188581894397, 0.27591330806115566, 0.389643834251444, 0.5177760775965475, 0.3677521055123633, 0.21549812711318042, 0.5145034444505033, 0.545880967572011, 0.2557132242144548, 0.2557132242144548, 0.2557132242144548, 0.2557132242144548, 0.2557132242144548, 0.4792866015469959, 0.4792866015469959, 0.4792866015469959, 0.4792866015469959, 0.4792866015469959]","[0.7279960411856321, 0.006838396304820173, 1.7911513809850907]","[0.10000000000000009, 0.1, 0.0]",0.6729801614434834
125,"[0.4529028908816675, 0.342983084851408, 0.21514726143410573, 0.3694875296913593, 0.5175879508199208, 0.21499730062976022, 0.18350055254158085, 0.2802594353153792, 0.3901792413456389, 0.518015064762941, 0.3636747965056876, 0.21557437537712587, 0.518165025567287, 0.5496617736554662, 0.2602194496563039, 0.2602194496563039, 0.2602194496563039, 0.2602194496563039, 0.2602194496563039, 0.4729428765407432, 0.4729428765407432, 0.4729428765407432, 0.4729428765407432, 0.4729428765407432]","[0.7509761188236717, 0.002993626164845241, 1.7793932708811109]","[0.10000000000000009, 0.1, 0.0]",0.6901996025277197
126,"[0.4450845408316733, 0.33856630166828866, 0.21260699466216748, 0.3739314042364372, 0.5151886888505091, 0.20827672795579596, 0.17617643423489798, 0.2862448795498808, 0.39276311871326564, 0.5187224257193866, 0.35739801614511707, 0.21614073153104502, 0.5230526924257587, 0.5551529861466564, 0.26643426795749203, 0.26643426795749203, 0.26643426795749203, 0.26643426795749203, 0.26643426795749203, 0.46489515242406243, 0.46489515242406243, 0.46489515242406243, 0.46489515242406243, 0.46489515242406243]","[0.7466597059777969, 0.001630744252400361, 1.7673326063036556]","[0.10000000000000009, 0.1, 0.0]",0.6859390067352803
127,"[0.4369306597397086, 0.33652810752142015, 0.2099843987943112, 0.3778487220757014, 0.5135175824266252, 0.2014449600538863, 0.16856658131243332, 0.2925704370908916, 0.3929729893091803, 0.5195166980362891, 0.351652374754899, 0.21598351440397504, 0.5280561367767145, 0.5609345155181672, 0.2729375941244757, 0.2729375941244757, 0.2729375941244757, 0.2729375941244757, 0.2729375941244757, 0.4565635027061249, 0.4565635027061249, 0.4565635027061249, 0.4565635027061249, 0.4565635027061249]","[0.6932601222705991, 0.0017385422454274796, 1.7560827361185636]","[0.10000000000000009, 0.1, 0.0]",0.6426730159592215
128,"[0.43514734008423817, 0.3369612837289846, 0.2097633657707498, 0.3777227599970308, 0.5123932275195405, 0.20022139753074494, 0.16734305576332165, 0.2925300040042856, 0.3907160603595393, 0.517913978317774, 0.3499545840914931, 0.21528411656898314, 0.5274559465577793, 0.5603342883252024, 0.27305735923499513, 0.27305735923499513, 0.27305735923499513, 0.27305735923499513, 0.27305735923499513, 0.454619984853529, 0.454619984853529, 0.454619984853529, 0.454619984853529, 0.454619984853529]","[0.68562521807134, 0.09829603450997615, 1.7469380688072125]","[0.10000000000000009, 0.09999999999999999, 0.0]",0.6505914830739291
