claim,seed,radius,drift,lhs,online,movement,gradient,uncertainty,rhs,pass
THM-02,3,0.0,0.0,0.009671483515771713,12.500000000000002,0.0,10.240000000000002,0.0,22.740000000000002,True
THM-02,3,0.0,0.1,0.0606415880017852,12.500000000000002,5.1980804705569055,10.240000000000002,0.0,27.93808047055691,True
THM-02,3,0.02,0.0,0.009671483515771712,12.500000000000002,0.0,10.240000000000002,1.2800000000000007,24.020000000000003,True
THM-02,3,0.02,0.1,0.0606415880017852,12.500000000000002,5.1980804705569055,10.240000000000002,1.2800000000000007,29.21808047055691,True
THM-02,3,0.1,0.0,0.00967148351577171,12.500000000000002,0.0,10.240000000000002,6.400000000000003,29.140000000000004,True
THM-02,3,0.1,0.1,0.06064158800178519,12.500000000000002,5.1980804705569055,10.240000000000002,6.400000000000003,34.33808047055691,True
THM-02,17,0.0,0.0,0.08153214019361198,12.500000000000002,0.0,10.240000000000002,0.0,22.740000000000002,True
THM-02,17,0.0,0.1,0.23168055973667598,12.500000000000002,8.169576721744638,10.240000000000002,0.0,30.909576721744642,True
THM-02,17,0.02,0.0,0.09273757675059568,12.500000000000002,0.0,10.240000000000002,1.2800000000000005,24.020000000000003,True
THM-02,17,0.02,0.1,0.24716806940770902,12.500000000000002,8.169576721744638,10.240000000000002,1.2800000000000005,32.18957672174464,True
THM-02,17,0.1,0.0,0.17355932297853013,12.500000000000002,0.0,10.240000000000002,6.400000000000003,29.140000000000004,True
THM-02,17,0.1,0.1,0.3451181080918413,12.500000000000002,8.169576721744638,10.240000000000002,6.400000000000003,37.30957672174465,True
THM-05 sampled metric,3,0.05,0.1,0.1329447804899167,,,,,88.72681746817457,True
THM-05 sampled metric,17,0.05,0.1,0.24800829393380774,,,,,92.00589796702849,True
THM-03 pair identity,,0.0,0.0,0.0,,,,0.0,0.0,True
THM-03 pair identity,,0.005,0.0,0.06,,,,0.08,0.04,True
THM-03 pair identity,,0.05,0.0,0.6000000000000001,,,,0.8,0.4,True
