experiment_id,algorithm,preference_id,horizon,dimension,objectives,drift,width,n_seeds,regret_mean,regret_sd,regret_median,regret_ci95_halfwidth,average_regret_mean,average_regret_sd,average_regret_median,average_regret_ci95_halfwidth,P_T_mean,P_T_sd,P_T_median,P_T_ci95_halfwidth,Q_T_mean,Q_T_sd,Q_T_median,Q_T_ci95_halfwidth,U_T_mean,U_T_sd,U_T_median,U_T_ci95_halfwidth,coverage_mean,coverage_sd,coverage_median,coverage_ci95_halfwidth,bound_mean,bound_sd,bound_median,bound_ci95_halfwidth,runtime_seconds_mean,runtime_seconds_sd,runtime_seconds_median,runtime_seconds_ci95_halfwidth
EXP-01,midpoint,grid2,8,2,2,0.1,0.0,2,0.11233931639320888,0.03423117708611875,0.11233931639320888,0.04744199099336057,0.01404241454915111,0.004278897135764844,0.01404241454915111,0.005930248874170071,0.40651536632560825,0.008922198975164155,0.40651536632560825,0.012365536900931107,0.0,0.0,0.0,0.0,0.0,0.0,0.0,0.0,,,,,22.24624430463428,0.1577236849608604,22.24624430463428,0.21859387489152793,0.0032953499976429157,4.914391992236321e-05,0.0032953499976429157,6.810999810113571e-05
EXP-01,midpoint,grid1,8,2,2,0.1,0.0,2,0.1331401866304926,0.037723153465509,0.1331401866304926,0.05228162334147636,0.016642523328811575,0.004715394183188625,0.016642523328811575,0.006535202917684545,0.42672422006906036,0.013727120121687898,0.42672422006906036,0.019024817859447322,0.0,0.0,0.0,0.0,0.0,0.0,0.0,0.0,,,,,22.60348974268433,0.24266349310519555,22.60348974268433,0.3363144429813536,0.004192000000330154,0.0005820902997098424,0.004192000000330154,0.0008067359964479691
EXP-01,midpoint,grid3,8,2,2,0.1,0.0,2,0.1360174274424236,0.08712223894395342,0.1360174274424236,0.12074526286087138,0.01700217843030295,0.010890279867994178,0.01700217843030295,0.015093157857608923,0.4393952716691299,0.022695489035974074,0.4393952716691299,0.031454343031377126,0.0,0.0,0.0,0.0,0.0,0.0,0.0,0.0,,,,,22.82748440546368,0.4012033549920558,22.82748440546368,0.5560394813813656,0.0033592500003578607,0.00016426090582761976,0.0033592500003578607,0.00022765400077332743
EXP-01,midpoint,grid4,8,2,2,0.1,0.0,2,0.20417451977813683,0.12095003210799503,0.20417451977813683,0.1676281922610561,0.025521814972267104,0.015118754013499379,0.025521814972267104,0.020953524032632013,0.51452199438153,0.04631516352504653,0.51452199438153,0.06418954175263551,0.0,0.0,0.0,0.0,0.0,0.0,0.0,0.0,,,,,24.155549782420167,0.8187441550081076,24.155549782420167,1.134721506363642,0.003146099999867147,7.962022273355138e-05,0.003146099999867147,0.00011034799885237588
EXP-01,midpoint,grid0,8,2,2,0.1,0.0,2,0.1984200381542749,0.12874075271092983,0.1984200381542749,0.17842558014363938,0.02480250476928436,0.01609259408886623,0.02480250476928436,0.022303197517954922,0.4947170318760258,0.0312081914095428,0.4947170318760258,0.04325234659754072,0.0,0.0,0.0,0.0,0.0,0.0,0.0,0.0,,,,,23.805444200200483,0.5516880943563847,23.805444200200483,0.7646006895337956,0.025111050001214608,0.002646347129264839,0.025111050001214608,0.0036676500009343725
EXP-02,midpoint,grid2,8,2,2,0.1,0.1,2,0.11810076300341044,0.04534341341364656,0.11810076300341044,0.0628427648095917,0.014762595375426305,0.00566792667670582,0.014762595375426305,0.007855345601198962,0.4065153663256082,0.008922198975164235,0.4065153663256082,0.012365536900931218,0.788822361434041,0.01580756805528368,0.788822361434041,0.021908171589279515,1.2000000000000002,0.0,1.2000000000000002,0.0,,,,,23.035066666068325,0.17353125301614447,23.035066666068325,0.24050204648080797,0.003802200000791345,3.818376367600681e-05,0.003802200000791345,5.291999652399681e-05
EXP-02,midpoint,grid2,8,2,2,0.1,0.0,2,0.11233931639320888,0.03423117708611875,0.11233931639320888,0.04744199099336057,0.01404241454915111,0.004278897135764844,0.01404241454915111,0.005930248874170071,0.40651536632560825,0.008922198975164155,0.40651536632560825,0.012365536900931107,0.0,0.0,0.0,0.0,0.0,0.0,0.0,0.0,,,,,22.24624430463428,0.1577236849608604,22.24624430463428,0.21859387489152793,0.0032565999990765704,0.00012459221432149385,0.0032565999990765704,0.0001726759992743609
EXP-02,midpoint,grid3,8,2,2,0.1,0.0,2,0.1360174274424236,0.08712223894395342,0.1360174274424236,0.12074526286087138,0.01700217843030295,0.010890279867994178,0.01700217843030295,0.015093157857608923,0.4393952716691299,0.022695489035974074,0.4393952716691299,0.031454343031377126,0.0,0.0,0.0,0.0,0.0,0.0,0.0,0.0,,,,,22.82748440546368,0.4012033549920558,22.82748440546368,0.5560394813813656,0.003259950000938261,1.930401806007682e-05,0.003259950000938261,2.6754004065878688e-05
EXP-02,midpoint,grid4,8,2,2,0.1,0.0,2,0.20417451977813683,0.12095003210799503,0.20417451977813683,0.1676281922610561,0.025521814972267104,0.015118754013499379,0.025521814972267104,0.020953524032632013,0.51452199438153,0.04631516352504653,0.51452199438153,0.06418954175263551,0.0,0.0,0.0,0.0,0.0,0.0,0.0,0.0,,,,,24.155549782420167,0.8187441550081076,24.155549782420167,1.134721506363642,0.003487549998681061,0.00017232192277516159,0.003487549998681061,0.00023882600027718578
EXP-02,midpoint,grid1,8,2,2,0.1,0.0,2,0.1331401866304926,0.037723153465509,0.1331401866304926,0.05228162334147636,0.016642523328811575,0.004715394183188625,0.016642523328811575,0.006535202917684545,0.42672422006906036,0.013727120121687898,0.42672422006906036,0.019024817859447322,0.0,0.0,0.0,0.0,0.0,0.0,0.0,0.0,,,,,22.60348974268433,0.24266349310519555,22.60348974268433,0.3363144429813536,0.0032127500016940758,6.738727487914933e-05,0.0032127500016940758,9.339399810414761e-05
EXP-02,midpoint,grid1,8,2,2,0.1,0.1,2,0.12808773839157783,0.021876809560068673,0.12808773839157783,0.030319711165676447,0.01601096729894723,0.002734601195008584,0.01601096729894723,0.003789963895709556,0.4267242200690603,0.01372712012168782,0.4267242200690603,0.019024817859447214,0.7660991987111396,0.015210345373601535,0.7660991987111396,0.021080463181411626,1.2000000000000002,0.0,1.2000000000000002,0.0,,,,,23.36958894139547,0.2578738384787959,23.36958894139547,0.35739490616276365,0.003514050000376301,0.00028418621329888037,0.003514050000376301,0.00039386199714499517
EXP-02,midpoint,grid0,8,2,2,0.1,0.1,2,0.18446114287989168,0.10543876956117865,0.18446114287989168,0.1461306791550833,0.02305764285998646,0.01317984619514733,0.02305764285998646,0.01826633489438541,0.4947170318760256,0.03120819140954272,0.4947170318760256,0.04325234659754061,0.7418409870773963,0.04411703172123235,0.7418409870773963,0.061143086499974623,1.2000000000000002,0.0,1.2000000000000002,0.0,,,,,24.54728518727788,0.5958051260776177,24.54728518727788,0.825743776033771,0.0033175499993376434,5.607356769494868e-05,0.0033175499993376434,7.771399992634543e-05
EXP-02,midpoint,grid0,8,2,2,0.1,0.0,2,0.1984200381542749,0.12874075271092983,0.1984200381542749,0.17842558014363938,0.02480250476928436,0.01609259408886623,0.02480250476928436,0.022303197517954922,0.4947170318760258,0.0312081914095428,0.4947170318760258,0.04325234659754072,0.0,0.0,0.0,0.0,0.0,0.0,0.0,0.0,,,,,23.805444200200483,0.5516880943563847,23.805444200200483,0.7646006895337956,0.00403695000022708,0.0005458157260183436,0.00403695000022708,0.0007564620022458257
EXP-02,midpoint,grid3,8,2,2,0.1,0.1,2,0.15450021671538947,0.09622189935996703,0.15450021671538947,0.13335674877072112,0.019312527089423683,0.012027737419995879,0.019312527089423683,0.01666959359634014,0.43939527166912984,0.02269548903597415,0.43939527166912984,0.03145434303137723,0.8100104752461004,0.04590869976627911,0.8100104752461004,0.06362621172357873,1.2000000000000002,0.0,1.2000000000000002,0.0,,,,,23.63749488070978,0.44711205475833493,23.63749488070978,0.6196656931049443,0.0033344999992550584,0.0001142684538791603,0.0033344999992550584,0.00015836799728276673
EXP-02,midpoint,grid4,8,2,2,0.1,0.1,2,0.23728609952751498,0.13075864827889278,0.23728609952751498,0.1812222407177118,0.029660762440939372,0.016344831034861597,0.029660762440939372,0.022652780089713977,0.51452199438153,0.04631516352504645,0.51452199438153,0.0641895417526354,0.8296635401473174,0.10551374050658742,0.8296635401473174,0.14623458358430869,1.2000000000000002,0.0,1.2000000000000002,0.0,,,,,24.98521332256749,0.9242578955146883,24.98521332256749,1.2809560899479413,0.003264150000177324,0.00014460333682969867,0.003264150000177324,0.00020041000010678542
EXP-03,midpoint,grid4,8,2,2,0.0,0.1,2,0.14807867007277326,0.11473745391583812,0.14807867007277326,0.15901799817113751,0.018509833759096657,0.014342181739479765,0.018509833759096657,0.01987724977139219,0.0,0.0,0.0,0.0,0.8258464665694292,0.10716382270225208,0.8258464665694292,0.14852148083204525,1.2000000000000002,0.0,1.2000000000000002,0.0,,,,,15.885846466569431,0.10716382270225178,15.885846466569431,0.14852148083204483,0.003546599999026512,0.0005747363923553075,0.003546599999026512,0.0007965440008410949
EXP-03,midpoint,grid2,8,2,2,0.0,0.1,2,0.0566662648350469,0.046587308711911614,0.0566662648350469,0.06456671573855069,0.007083283104380863,0.005823413588988952,0.007083283104380863,0.008070839467318836,0.0,0.0,0.0,0.0,0.7887053341144084,0.015973069677876418,0.7887053341144084,0.022137545135759603,1.2000000000000002,0.0,1.2000000000000002,0.0,,,,,15.84870533411441,0.015973069677877438,15.84870533411441,0.022137545135761022,0.0038264000013441546,0.0004987931220128038,0.0038264000013441546,0.0006912919980095466
EXP-03,midpoint,grid1,8,2,2,0.1,0.1,2,0.12808773839157783,0.021876809560068673,0.12808773839157783,0.030319711165676447,0.01601096729894723,0.002734601195008584,0.01601096729894723,0.003789963895709556,0.4267242200690603,0.01372712012168782,0.4267242200690603,0.019024817859447214,0.7660991987111396,0.015210345373601535,0.7660991987111396,0.021080463181411626,1.2000000000000002,0.0,1.2000000000000002,0.0,,,,,23.36958894139547,0.2578738384787959,23.36958894139547,0.35739490616276365,0.003223699999580276,0.0001711198398112211,0.003223699999580276,0.00023715999828709752
EXP-03,midpoint,grid0,8,2,2,0.1,0.1,2,0.18446114287989168,0.10543876956117865,0.18446114287989168,0.1461306791550833,0.02305764285998646,0.01317984619514733,0.02305764285998646,0.01826633489438541,0.4947170318760256,0.03120819140954272,0.4947170318760256,0.04325234659754061,0.7418409870773963,0.04411703172123235,0.7418409870773963,0.061143086499974623,1.2000000000000002,0.0,1.2000000000000002,0.0,,,,,24.54728518727788,0.5958051260776177,24.54728518727788,0.825743776033771,0.0032506500010640593,0.00023977991144329505,0.0032506500010640593,0.000332318002692773
EXP-03,midpoint,grid0,8,2,2,0.0,0.1,2,0.07841630110356304,0.09015186321793288,0.07841630110356304,0.12494410788328475,0.00980203763794538,0.01126898290224161,0.00980203763794538,0.015618013485410594,0.0,0.0,0.0,0.0,0.7441595371135694,0.04108598176887928,0.7441595371135694,0.05694226558814354,1.2000000000000002,0.0,1.2000000000000002,0.0,,,,,15.804159537113572,0.04108598176887991,15.804159537113572,0.05694226558814442,0.0033585500004846836,0.0003657863372334844,0.0033585500004846836,0.0005069539990654448
EXP-03,midpoint,grid2,8,2,2,0.1,0.1,2,0.11810076300341044,0.04534341341364656,0.11810076300341044,0.0628427648095917,0.014762595375426305,0.00566792667670582,0.014762595375426305,0.007855345601198962,0.4065153663256082,0.008922198975164235,0.4065153663256082,0.012365536900931218,0.788822361434041,0.01580756805528368,0.788822361434041,0.021908171589279515,1.2000000000000002,0.0,1.2000000000000002,0.0,,,,,23.035066666068325,0.17353125301614447,23.035066666068325,0.24050204648080797,0.003323450002426398,0.0004097683795071203,0.003323450002426398,0.0005679099997360027
EXP-03,midpoint,grid3,8,2,2,0.0,0.1,2,0.08822716226562981,0.0892360096546146,0.08822716226562981,0.12367479960350015,0.011028395283203726,0.011154501206826825,0.011028395283203726,0.01545934995043752,0.0,0.0,0.0,0.0,0.8082014834101461,0.04703048805064195,0.8082014834101461,0.06518093096531875,1.2000000000000002,0.0,1.2000000000000002,0.0,,,,,15.868201483410148,0.04703048805064125,15.868201483410148,0.06518093096531778,0.0038657499990222277,0.00018886822139707368,0.0038657499990222277,0.00026175800019700545
EXP-03,midpoint,grid1,8,2,2,0.0,0.1,2,0.05339597778102462,0.013208648912270903,0.05339597778102462,0.018306253423710974,0.006674497222628077,0.0016510811140338629,0.006674497222628077,0.0022882816779638718,0.0,0.0,0.0,0.0,0.7673580186822162,0.013991567583955554,0.7673580186822162,0.01939132334336791,1.2000000000000002,0.0,1.2000000000000002,0.0,,,,,15.827358018682219,0.013991567583955318,15.827358018682219,0.01939132334336758,0.0037359499983722344,2.6162944326359714e-06,0.0037359499983722344,3.625999088399112e-06
EXP-03,midpoint,grid4,8,2,2,0.1,0.1,2,0.23728609952751498,0.13075864827889278,0.23728609952751498,0.1812222407177118,0.029660762440939372,0.016344831034861597,0.029660762440939372,0.022652780089713977,0.51452199438153,0.04631516352504645,0.51452199438153,0.0641895417526354,0.8296635401473174,0.10551374050658742,0.8296635401473174,0.14623458358430869,1.2000000000000002,0.0,1.2000000000000002,0.0,,,,,24.98521332256749,0.9242578955146883,24.98521332256749,1.2809560899479413,0.0031243000012182165,9.489373231985729e-05,0.0031243000012182165,0.0001315160031663254
EXP-03,midpoint,grid3,8,2,2,0.1,0.1,2,0.15450021671538947,0.09622189935996703,0.15450021671538947,0.13335674877072112,0.019312527089423683,0.012027737419995879,0.019312527089423683,0.01666959359634014,0.43939527166912984,0.02269548903597415,0.43939527166912984,0.03145434303137723,0.8100104752461004,0.04590869976627911,0.8100104752461004,0.06362621172357873,1.2000000000000002,0.0,1.2000000000000002,0.0,,,,,23.63749488070978,0.44711205475833493,23.63749488070978,0.6196656931049443,0.0032470999994984595,0.00010224763967439218,0.0032470999994984595,0.00014170799877319948
EXP-04,midpoint,grid4,8,2,2,0.1,0.1,2,0.23728609952751498,0.13075864827889278,0.23728609952751498,0.1812222407177118,0.029660762440939372,0.016344831034861597,0.029660762440939372,0.022652780089713977,0.51452199438153,0.04631516352504645,0.51452199438153,0.0641895417526354,0.8296635401473174,0.10551374050658742,0.8296635401473174,0.14623458358430869,1.2000000000000002,0.0,1.2000000000000002,0.0,,,,,24.98521332256749,0.9242578955146883,24.98521332256749,1.2809560899479413,0.0038383499995688908,0.0007112787096650249,0.0038383499995688908,0.0009857819978788028
EXP-04,midpoint,grid3,8,2,2,0.1,0.1,2,0.15450021671538947,0.09622189935996703,0.15450021671538947,0.13335674877072112,0.019312527089423683,0.012027737419995879,0.019312527089423683,0.01666959359634014,0.43939527166912984,0.02269548903597415,0.43939527166912984,0.03145434303137723,0.8100104752461004,0.04590869976627911,0.8100104752461004,0.06362621172357873,1.2000000000000002,0.0,1.2000000000000002,0.0,,,,,23.63749488070978,0.44711205475833493,23.63749488070978,0.6196656931049443,0.003997449999587843,0.0006506089489088271,0.003997449999587843,0.000901697999361204
EXP-04,midpoint,grid0,16,2,2,0.1,0.1,2,0.2770548872388346,0.13664304031030866,0.2770548872388346,0.18937759199451737,0.017315930452427162,0.008540190019394291,0.017315930452427162,0.011836099499657336,0.5521809643596278,0.027053456820699904,0.5521809643596278,0.037494178234010536,1.4675602744878056,0.1027487885605172,1.4675602744878056,0.14240255569369514,2.3999999999999995,0.0,2.3999999999999995,0.0,,,,,28.848832883008313,0.5809908578718787,28.848832883008313,0.8052122478008462,0.006701399999656132,0.00012558216106336095,0.006701399999656132,0.0001740479954605689
EXP-04,midpoint,grid1,8,2,2,0.1,0.1,2,0.12808773839157783,0.021876809560068673,0.12808773839157783,0.030319711165676447,0.01601096729894723,0.002734601195008584,0.01601096729894723,0.003789963895709556,0.4267242200690603,0.01372712012168782,0.4267242200690603,0.019024817859447214,0.7660991987111396,0.015210345373601535,0.7660991987111396,0.021080463181411626,1.2000000000000002,0.0,1.2000000000000002,0.0,,,,,23.36958894139547,0.2578738384787959,23.36958894139547,0.35739490616276365,0.0031276500012609176,4.447701564456945e-05,0.0031276500012609176,6.164199876366182e-05
EXP-04,midpoint,grid1,16,2,2,0.1,0.1,2,0.19353385007075413,0.03407367978723005,0.19353385007075413,0.04722371087355755,0.012095865629422133,0.002129604986701878,0.012095865629422133,0.0029514819295973467,0.4737918366720991,0.006040152353440508,0.4737918366720991,0.008371224069494627,1.5228965813190958,0.035127976924474016,1.5228965813190958,0.04868489215761387,2.3999999999999995,0.0,2.3999999999999995,0.0,,,,,27.51843209586086,0.14190379413741502,27.51843209586086,0.19666862481690534,0.006591549999939161,0.000222526503228376,0.006591549999939161,0.00030840599887596907
EXP-04,midpoint,grid2,8,2,2,0.1,0.1,2,0.11810076300341044,0.04534341341364656,0.11810076300341044,0.0628427648095917,0.014762595375426305,0.00566792667670582,0.014762595375426305,0.007855345601198962,0.4065153663256082,0.008922198975164235,0.4065153663256082,0.012365536900931218,0.788822361434041,0.01580756805528368,0.788822361434041,0.021908171589279515,1.2000000000000002,0.0,1.2000000000000002,0.0,,,,,23.035066666068325,0.17353125301614447,23.035066666068325,0.24050204648080797,0.003894049998052651,0.0005101775429859886,0.003894049998052651,0.0007070700004987884
EXP-04,midpoint,grid0,8,2,2,0.1,0.1,2,0.18446114287989168,0.10543876956117865,0.18446114287989168,0.1461306791550833,0.02305764285998646,0.01317984619514733,0.02305764285998646,0.01826633489438541,0.4947170318760256,0.03120819140954272,0.4947170318760256,0.04325234659754061,0.7418409870773963,0.04411703172123235,0.7418409870773963,0.061143086499974623,1.2000000000000002,0.0,1.2000000000000002,0.0,,,,,24.54728518727788,0.5958051260776177,24.54728518727788,0.825743776033771,0.013376749999224558,0.013715679523477521,0.013376749999224558,0.019008961999279563
EXP-04,midpoint,grid2,16,2,2,0.1,0.1,2,0.17197480124146597,0.05285138576539509,0.17197480124146597,0.07324828360884138,0.010748425077591623,0.003303211610337193,0.010748425077591623,0.004578017725552586,0.44691272279259586,0.0019188918563071283,0.44691272279259586,0.0026594484301584887,1.574724452954544,0.035745021428083376,1.574724452954544,0.049540072209094156,2.3999999999999995,0.0,2.3999999999999995,0.0,,,,,27.095099875084255,0.0018234853291234628,27.095099875084255,0.0025272217295700724,0.008074900000792695,0.0005632812601655781,0.008074900000792695,0.000780667997605633
EXP-04,midpoint,grid4,16,2,2,0.1,0.1,2,0.31474266859926603,0.17976863195928455,0.31474266859926603,0.24914661265795607,0.019671416787454127,0.011235539497455285,0.019671416787454127,0.015571663291122254,0.5622560565386898,0.034003924521608934,0.5622560565386898,0.047127035007723,1.6678548906379151,0.24169267885425466,1.6678548906379151,0.33496896307473245,2.3999999999999995,0.0,2.3999999999999995,0.0,,,,,29.22723164918078,0.8428028192588828,29.22723164918078,1.1680651138541485,0.009068700001080288,0.0008722869252559858,0.009068700001080288,0.0012089279999781865
EXP-04,midpoint,grid3,16,2,2,0.1,0.1,2,0.21237774075097002,0.12413215634756652,0.21237774075097002,0.17203839145267913,0.013273608796935626,0.007758259771722908,0.013273608796935626,0.010752399465792446,0.4799065247579984,0.00977359820241592,0.4799065247579984,0.01354551602842106,1.6230438893941508,0.1045999220713429,1.6230438893941508,0.14496809584813272,2.3999999999999995,0.0,2.3999999999999995,0.0,,,,,27.726672839195416,0.2773743612093697,27.726672839195416,0.384421251807327,0.008672949999890989,0.00039887893704974804,0.008672949999890989,0.0005528180024703033
EXP-05,midpoint,grid1,8,2,2,0.0,0.1,2,0.05339597778102462,0.013208648912270903,0.05339597778102462,0.018306253423710974,0.006674497222628077,0.0016510811140338629,0.006674497222628077,0.0022882816779638718,0.0,0.0,0.0,0.0,0.7673580186822162,0.013991567583955554,0.7673580186822162,0.01939132334336791,1.2000000000000002,0.0,1.2000000000000002,0.0,,,,,15.827358018682219,0.013991567583955318,15.827358018682219,0.01939132334336758,0.003360499998962041,0.0003375727753446484,0.003360499998962041,0.00046785199723672113
EXP-05,midpoint,grid2,8,2,2,0.0,0.0,2,0.05243481346842302,0.03406682403287858,0.05243481346842302,0.047214209282789084,0.006554351683552877,0.004258353004109822,0.006554351683552877,0.0059017761603486355,0.0,0.0,0.0,0.0,0.0,0.0,0.0,0.0,0.0,0.0,0.0,0.0,,,,,15.060000000000002,0.0,15.060000000000002,0.0,0.003319550000014715,0.00010033845483476316,0.003319550000014715,0.00013906200358178465
EXP-05,midpoint,grid1,8,2,2,0.0,0.0,2,0.06110728407260271,0.029459001625409036,0.06110728407260271,0.04082809323997202,0.007638410509075339,0.0036823752031761295,0.007638410509075339,0.005103511654996502,0.0,0.0,0.0,0.0,0.0,0.0,0.0,0.0,0.0,0.0,0.0,0.0,,,,,15.060000000000002,0.0,15.060000000000002,0.0,0.0033667500010778895,0.00022521350887755664,0.0033667500010778895,0.00031212999871058853
EXP-05,midpoint,grid1,8,2,2,0.1,0.0,2,0.1331401866304926,0.037723153465509,0.1331401866304926,0.05228162334147636,0.016642523328811575,0.004715394183188625,0.016642523328811575,0.006535202917684545,0.42672422006906036,0.013727120121687898,0.42672422006906036,0.019024817859447322,0.0,0.0,0.0,0.0,0.0,0.0,0.0,0.0,,,,,22.60348974268433,0.24266349310519555,22.60348974268433,0.3363144429813536,0.0031028000012156554,6.109402805546566e-05,0.0031028000012156554,8.467200299492106e-05
EXP-05,midpoint,grid3,8,2,2,0.1,0.0,2,0.1360174274424236,0.08712223894395342,0.1360174274424236,0.12074526286087138,0.01700217843030295,0.010890279867994178,0.01700217843030295,0.015093157857608923,0.4393952716691299,0.022695489035974074,0.4393952716691299,0.031454343031377126,0.0,0.0,0.0,0.0,0.0,0.0,0.0,0.0,,,,,22.82748440546368,0.4012033549920558,22.82748440546368,0.5560394813813656,0.0031703500026196707,7.898382692952855e-05,0.0031703500026196707,0.00010946599926683118
EXP-05,midpoint,grid2,8,2,2,0.0,0.1,2,0.0566662648350469,0.046587308711911614,0.0566662648350469,0.06456671573855069,0.007083283104380863,0.005823413588988952,0.007083283104380863,0.008070839467318836,0.0,0.0,0.0,0.0,0.7887053341144084,0.015973069677876418,0.7887053341144084,0.022137545135759603,1.2000000000000002,0.0,1.2000000000000002,0.0,,,,,15.84870533411441,0.015973069677877438,15.84870533411441,0.022137545135761022,0.0032218500000453787,0.00017373613938873603,0.0032218500000453787,0.0002407860045059351
EXP-05,midpoint,grid4,8,2,2,0.1,0.0,2,0.20417451977813683,0.12095003210799503,0.20417451977813683,0.1676281922610561,0.025521814972267104,0.015118754013499379,0.025521814972267104,0.020953524032632013,0.51452199438153,0.04631516352504653,0.51452199438153,0.06418954175263551,0.0,0.0,0.0,0.0,0.0,0.0,0.0,0.0,,,,,24.155549782420167,0.8187441550081076,24.155549782420167,1.134721506363642,0.0033650500008661766,0.00018321136780497335,0.0033650500008661766,0.00025391800110810433
EXP-05,midpoint,grid0,8,2,2,0.0,0.1,2,0.07841630110356304,0.09015186321793288,0.07841630110356304,0.12494410788328475,0.00980203763794538,0.01126898290224161,0.00980203763794538,0.015618013485410594,0.0,0.0,0.0,0.0,0.7441595371135694,0.04108598176887928,0.7441595371135694,0.05694226558814354,1.2000000000000002,0.0,1.2000000000000002,0.0,,,,,15.804159537113572,0.04108598176887991,15.804159537113572,0.05694226558814442,0.003394649998881505,0.0004319715317211327,0.003394649998881505,0.0005986819987447233
EXP-05,midpoint,grid4,8,2,2,0.0,0.0,2,0.11613387463346483,0.09953068052251508,0.11613387463346483,0.13794248550182117,0.014516734329183104,0.012441335065314385,0.014516734329183104,0.017242810687727646,0.0,0.0,0.0,0.0,0.0,0.0,0.0,0.0,0.0,0.0,0.0,0.0,,,,,15.060000000000002,0.0,15.060000000000002,0.0,0.003269499999078107,0.0001422698846908018,0.003269499999078107,0.0001971760004380485
EXP-05,midpoint,grid4,8,2,2,0.1,0.1,2,0.23728609952751498,0.13075864827889278,0.23728609952751498,0.1812222407177118,0.029660762440939372,0.016344831034861597,0.029660762440939372,0.022652780089713977,0.51452199438153,0.04631516352504645,0.51452199438153,0.0641895417526354,0.8296635401473174,0.10551374050658742,0.8296635401473174,0.14623458358430869,1.2000000000000002,0.0,1.2000000000000002,0.0,,,,,24.98521332256749,0.9242578955146883,24.98521332256749,1.2809560899479413,0.0031108000002859626,2.418305598750451e-05,0.0031108000002859626,3.3516005642013626e-05
EXP-05,midpoint,grid0,8,2,2,0.0,0.0,2,0.09679442213458289,0.11351409222600965,0.09679442213458289,0.1573225053715633,0.012099302766822861,0.014189261528251207,0.012099302766822861,0.019665313171445414,0.0,0.0,0.0,0.0,0.0,0.0,0.0,0.0,0.0,0.0,0.0,0.0,,,,,15.060000000000002,0.0,15.060000000000002,0.0,0.0038759999988542404,0.0011459372496077777,0.0038759999988542404,0.0015881880000233647
EXP-05,midpoint,grid2,8,2,2,0.1,0.1,2,0.11810076300341044,0.04534341341364656,0.11810076300341044,0.0628427648095917,0.014762595375426305,0.00566792667670582,0.014762595375426305,0.007855345601198962,0.4065153663256082,0.008922198975164235,0.4065153663256082,0.012365536900931218,0.788822361434041,0.01580756805528368,0.788822361434041,0.021908171589279515,1.2000000000000002,0.0,1.2000000000000002,0.0,,,,,23.035066666068325,0.17353125301614447,23.035066666068325,0.24050204648080797,0.0031030999998620246,2.3617366255147356e-05,0.0031030999998620246,3.273199967225082e-05
EXP-05,midpoint,grid3,8,2,2,0.0,0.0,2,0.07077701032204373,0.0770633847488533,0.07077701032204373,0.10680440219672017,0.008847126290255466,0.009632923093606662,0.008847126290255466,0.013350550274590022,0.0,0.0,0.0,0.0,0.0,0.0,0.0,0.0,0.0,0.0,0.0,0.0,,,,,15.060000000000002,0.0,15.060000000000002,0.0,0.003236400001696893,0.00017804948758380656,0.003236400001696893,0.00024676400011230726
EXP-05,midpoint,grid4,8,2,2,0.0,0.1,2,0.14807867007277326,0.11473745391583812,0.14807867007277326,0.15901799817113751,0.018509833759096657,0.014342181739479765,0.018509833759096657,0.01987724977139219,0.0,0.0,0.0,0.0,0.8258464665694292,0.10716382270225208,0.8258464665694292,0.14852148083204525,1.2000000000000002,0.0,1.2000000000000002,0.0,,,,,15.885846466569431,0.10716382270225178,15.885846466569431,0.14852148083204483,0.003244849998736754,5.522503824129191e-05,0.003244849998736754,7.653799810213966e-05
EXP-05,midpoint,grid3,8,2,2,0.0,0.1,2,0.08822716226562981,0.0892360096546146,0.08822716226562981,0.12367479960350015,0.011028395283203726,0.011154501206826825,0.011028395283203726,0.01545934995043752,0.0,0.0,0.0,0.0,0.8082014834101461,0.04703048805064195,0.8082014834101461,0.06518093096531875,1.2000000000000002,0.0,1.2000000000000002,0.0,,,,,15.868201483410148,0.04703048805064125,15.868201483410148,0.06518093096531778,0.0030820499978290172,2.467802678599857e-05,0.0030820499978290172,3.420200016989838e-05
EXP-05,midpoint,grid1,8,2,2,0.1,0.1,2,0.12808773839157783,0.021876809560068673,0.12808773839157783,0.030319711165676447,0.01601096729894723,0.002734601195008584,0.01601096729894723,0.003789963895709556,0.4267242200690603,0.01372712012168782,0.4267242200690603,0.019024817859447214,0.7660991987111396,0.015210345373601535,0.7660991987111396,0.021080463181411626,1.2000000000000002,0.0,1.2000000000000002,0.0,,,,,23.36958894139547,0.2578738384787959,23.36958894139547,0.35739490616276365,0.003406649999305955,0.0004575687966048932,0.003406649999305955,0.0006341579979198286
EXP-05,midpoint,grid3,8,2,2,0.1,0.1,2,0.15450021671538947,0.09622189935996703,0.15450021671538947,0.13335674877072112,0.019312527089423683,0.012027737419995879,0.019312527089423683,0.01666959359634014,0.43939527166912984,0.02269548903597415,0.43939527166912984,0.03145434303137723,0.8100104752461004,0.04590869976627911,0.8100104752461004,0.06362621172357873,1.2000000000000002,0.0,1.2000000000000002,0.0,,,,,23.63749488070978,0.44711205475833493,23.63749488070978,0.6196656931049443,0.0033880500013765413,0.00038756522472066843,0.0033880500013765413,0.0005371379971620627
EXP-05,midpoint,grid0,8,2,2,0.1,0.1,2,0.18446114287989168,0.10543876956117865,0.18446114287989168,0.1461306791550833,0.02305764285998646,0.01317984619514733,0.02305764285998646,0.01826633489438541,0.4947170318760256,0.03120819140954272,0.4947170318760256,0.04325234659754061,0.7418409870773963,0.04411703172123235,0.7418409870773963,0.061143086499974623,1.2000000000000002,0.0,1.2000000000000002,0.0,,,,,24.54728518727788,0.5958051260776177,24.54728518727788,0.825743776033771,0.003265899998950772,0.00024819448190112065,0.003265899998950772,0.0003439800023625139
EXP-05,midpoint,grid2,8,2,2,0.1,0.0,2,0.11233931639320888,0.03423117708611875,0.11233931639320888,0.04744199099336057,0.01404241454915111,0.004278897135764844,0.01404241454915111,0.005930248874170071,0.40651536632560825,0.008922198975164155,0.40651536632560825,0.012365536900931107,0.0,0.0,0.0,0.0,0.0,0.0,0.0,0.0,,,,,22.24624430463428,0.1577236849608604,22.24624430463428,0.21859387489152793,0.0033150500003102934,0.00016397806353388067,0.0033150500003102934,0.00022726200135366525
EXP-05,midpoint,grid0,8,2,2,0.1,0.0,2,0.1984200381542749,0.12874075271092983,0.1984200381542749,0.17842558014363938,0.02480250476928436,0.01609259408886623,0.02480250476928436,0.022303197517954922,0.4947170318760258,0.0312081914095428,0.4947170318760258,0.04325234659754072,0.0,0.0,0.0,0.0,0.0,0.0,0.0,0.0,,,,,23.805444200200483,0.5516880943563847,23.805444200200483,0.7646006895337956,0.003342250000059721,0.00011377348050822675,0.003342250000059721,0.00015768199918966274
EXP-06,midpoint,grid2,8,2,2,0.1,0.1,2,0.11810076300341044,0.04534341341364656,0.11810076300341044,0.0628427648095917,0.014762595375426305,0.00566792667670582,0.014762595375426305,0.007855345601198962,0.4065153663256082,0.008922198975164235,0.4065153663256082,0.012365536900931218,0.788822361434041,0.01580756805528368,0.788822361434041,0.021908171589279515,1.2000000000000002,0.0,1.2000000000000002,0.0,,,,,23.035066666068325,0.17353125301614447,23.035066666068325,0.24050204648080797,0.0032103999983519316,1.1455129617289939e-05,0.0032103999983519316,1.5875999670242886e-05
EXP-06,midpoint,grid4,8,2,2,0.1,0.1,2,0.23728609952751498,0.13075864827889278,0.23728609952751498,0.1812222407177118,0.029660762440939372,0.016344831034861597,0.029660762440939372,0.022652780089713977,0.51452199438153,0.04631516352504645,0.51452199438153,0.0641895417526354,0.8296635401473174,0.10551374050658742,0.8296635401473174,0.14623458358430869,1.2000000000000002,0.0,1.2000000000000002,0.0,,,,,24.98521332256749,0.9242578955146883,24.98521332256749,1.2809560899479413,0.0035440999981801724,0.0004126675188059348,0.0035440999981801724,0.0005719280018092831
EXP-06,midpoint,simplex0,8,2,3,0.1,0.1,2,0.07626496221137373,0.05035683437159711,0.07626496221137373,0.0697910117639585,0.009533120276421716,0.006294604296449639,0.009533120276421716,0.008723876470494812,0.27526527695568004,0.013658185295992352,0.27526527695568004,0.018929279065337225,0.8043308866943546,0.0029958533582858586,0.8043308866943546,0.004152040921165468,1.2000000000000002,0.0,1.2000000000000002,0.0,,,,,20.73037948570822,0.2384490326791781,20.73037948570822,0.33047349883064625,0.003150450002067373,4.6315494412532785e-05,0.003150450002067373,6.419000033929478e-05
EXP-06,midpoint,vertex0,8,2,3,0.1,0.1,2,0.20290586556723042,0.12163538144904922,0.20290586556723042,0.16857803798747675,0.025363233195903803,0.015204422681131152,0.025363233195903803,0.021072254748434594,0.49471703187602584,0.03120819140954272,0.49471703187602584,0.04325234659754061,0.7957493074570612,0.003921774120095495,0.7957493074570612,0.005435301626218802,1.2000000000000002,0.0,1.2000000000000002,0.0,,,,,24.601193507657545,0.5556098684764779,24.601193507657545,0.7700359911600111,0.003239300001951051,0.000252437121452086,0.003239300001951051,0.0003498600007878849
EXP-06,midpoint,grid0,8,2,2,0.1,0.1,2,0.18446114287989168,0.10543876956117865,0.18446114287989168,0.1461306791550833,0.02305764285998646,0.01317984619514733,0.02305764285998646,0.01826633489438541,0.4947170318760256,0.03120819140954272,0.4947170318760256,0.04325234659754061,0.7418409870773963,0.04411703172123235,0.7418409870773963,0.061143086499974623,1.2000000000000002,0.0,1.2000000000000002,0.0,,,,,24.54728518727788,0.5958051260776177,24.54728518727788,0.825743776033771,0.0037530499994318234,0.0008114050334225935,0.0037530499994318234,0.0011245500027871457
EXP-06,midpoint,vertex1,8,2,3,0.1,0.1,2,0.19759363548722902,0.13009689602885233,0.19759363548722902,0.18030509889091248,0.024699204435903628,0.01626211200360654,0.024699204435903628,0.02253813736136406,0.5148628194908557,0.021138899506522445,0.5148628194908557,0.029297020008250647,0.7456256444374869,0.057700336995572775,0.7456256444374869,0.07996858714998431,1.2000000000000002,0.0,1.2000000000000002,0.0,,,,,24.907200420507728,0.431386816692652,24.907200420507728,0.5978716250597905,0.0031854499993642094,1.4071426622365395e-05,0.0031854499993642094,1.950200232386123e-05
EXP-06,midpoint,grid3,8,2,2,0.1,0.1,2,0.15450021671538947,0.09622189935996703,0.15450021671538947,0.13335674877072112,0.019312527089423683,0.012027737419995879,0.019312527089423683,0.01666959359634014,0.43939527166912984,0.02269548903597415,0.43939527166912984,0.03145434303137723,0.8100104752461004,0.04590869976627911,0.8100104752461004,0.06362621172357873,1.2000000000000002,0.0,1.2000000000000002,0.0,,,,,23.63749488070978,0.44711205475833493,23.63749488070978,0.6196656931049443,0.0031779499986441806,0.0001857569510210647,0.0031779499986441806,0.00025744599945028314
EXP-06,midpoint,simplex1,8,2,3,0.1,0.1,2,0.052825466561050805,0.007324479310261723,0.052825466561050805,0.010151210418335395,0.0066031833201313506,0.0009155599137827153,0.0066031833201313506,0.0012689013022919244,0.24614605965235248,0.10307322905176322,0.24614605965235248,0.1428522072737402,0.7755888606130475,0.009281060124093663,0.7755888606130475,0.01286289307867951,1.2000000000000002,0.0,1.2000000000000002,0.0,,,,,20.186877559176224,1.8313755406564949,20.186877559176224,2.538157004846879,0.0031052499998622807,8.478210295471817e-05,0.0031052499998622807,0.00011750199984817299
EXP-06,midpoint,uniform,8,2,3,0.1,0.1,2,0.03860320171239542,0.0181512108040659,0.03860320171239542,0.025156294722750983,0.004825400214049427,0.0022689013505082377,0.004825400214049427,0.003144536840343873,0.23388035612084618,0.02995112767435743,0.23388035612084618,0.04151014514613552,0.7937883371995959,0.003063152478105139,0.7937883371995959,0.004245312742589981,1.2000000000000002,0.0,1.2000000000000002,0.0,,,,,19.98824798218397,0.5325292895461569,19.98824798218397,0.7380479407643421,0.003169900001012138,1.979898885857088e-05,0.003169900001012138,2.7439998593763445e-05
EXP-06,midpoint,grid1,8,2,2,0.1,0.1,2,0.12808773839157783,0.021876809560068673,0.12808773839157783,0.030319711165676447,0.01601096729894723,0.002734601195008584,0.01601096729894723,0.003789963895709556,0.4267242200690603,0.01372712012168782,0.4267242200690603,0.019024817859447214,0.7660991987111396,0.015210345373601535,0.7660991987111396,0.021080463181411626,1.2000000000000002,0.0,1.2000000000000002,0.0,,,,,23.36958894139547,0.2578738384787959,23.36958894139547,0.35739490616276365,0.0030874000003677793,8.499423403191262e-05,0.0030874000003677793,0.00011779599852161482
EXP-07,midpoint,grid1,8,2,2,0.1,0.1,2,0.12808773839157783,0.021876809560068673,0.12808773839157783,0.030319711165676447,0.01601096729894723,0.002734601195008584,0.01601096729894723,0.003789963895709556,0.4267242200690603,0.01372712012168782,0.4267242200690603,0.019024817859447214,0.7660991987111396,0.015210345373601535,0.7660991987111396,0.021080463181411626,1.2000000000000002,0.0,1.2000000000000002,0.0,,,,,23.36958894139547,0.2578738384787959,23.36958894139547,0.35739490616276365,0.0033047499982785666,0.0003673419737077086,0.0033047499982785666,0.0005091100012214156
EXP-07,midpoint,grid2,8,3,2,0.1,0.1,2,0.16454606638034905,0.034325407089325445,0.16454606638034905,0.0475725871149076,0.02056825829754363,0.004290675886165681,0.02056825829754363,0.00594657338936345,0.3629983187541833,0.023774493232267543,0.3629983187541833,0.032949766552267716,0.7777608614208533,0.024692931896290262,0.7777608614208533,0.03422265759883909,1.2000000000000002,0.0,1.2000000000000002,0.0,,,,,31.226905000724948,0.5394258094274128,31.226905000724948,0.7476060296746051,0.0038152999986778013,3.549676317170516e-05,0.0038152999986778013,4.919600381981581e-05
EXP-07,midpoint,grid0,8,2,2,0.1,0.1,2,0.18446114287989168,0.10543876956117865,0.18446114287989168,0.1461306791550833,0.02305764285998646,0.01317984619514733,0.02305764285998646,0.01826633489438541,0.4947170318760256,0.03120819140954272,0.4947170318760256,0.04325234659754061,0.7418409870773963,0.04411703172123235,0.7418409870773963,0.061143086499974623,1.2000000000000002,0.0,1.2000000000000002,0.0,,,,,24.54728518727788,0.5958051260776177,24.54728518727788,0.825743776033771,0.003854549999232404,0.00031430896517222433,0.003854549999232404,0.00043561000129557217
EXP-07,midpoint,grid3,8,3,2,0.1,0.1,2,0.18352266190372019,0.022621857707103368,0.18352266190372019,0.03135229521595071,0.022940332737965023,0.002827732213387921,0.022940332737965023,0.003919036901993839,0.4364664195991147,0.04662158659461986,0.4364664195991147,0.06461422246023382,0.7867300698120699,0.025160893261464513,0.7867300698120699,0.03487121896194923,1.2000000000000002,0.0,1.2000000000000002,0.0,,,,,32.82650525160385,1.0345478521533815,32.82650525160385,1.4338101713704823,0.0038703499994880985,0.0003592809541877273,0.0038703499994880985,0.0004979379981523379
EXP-07,midpoint,grid2,8,2,2,0.1,0.1,2,0.11810076300341044,0.04534341341364656,0.11810076300341044,0.0628427648095917,0.014762595375426305,0.00566792667670582,0.014762595375426305,0.007855345601198962,0.4065153663256082,0.008922198975164235,0.4065153663256082,0.012365536900931218,0.788822361434041,0.01580756805528368,0.788822361434041,0.021908171589279515,1.2000000000000002,0.0,1.2000000000000002,0.0,,,,,23.035066666068325,0.17353125301614447,23.035066666068325,0.24050204648080797,0.003538299999490846,0.0006267794490040458,0.003538299999490846,0.0008686719974502921
EXP-07,midpoint,grid3,8,2,2,0.1,0.1,2,0.15450021671538947,0.09622189935996703,0.15450021671538947,0.13335674877072112,0.019312527089423683,0.012027737419995879,0.019312527089423683,0.01666959359634014,0.43939527166912984,0.02269548903597415,0.43939527166912984,0.03145434303137723,0.8100104752461004,0.04590869976627911,0.8100104752461004,0.06362621172357873,1.2000000000000002,0.0,1.2000000000000002,0.0,,,,,23.63749488070978,0.44711205475833493,23.63749488070978,0.6196656931049443,0.003254949999245582,0.0002867318016598507,0.003254949999245582,0.00039739000261761247
EXP-07,midpoint,grid4,8,3,2,0.1,0.1,2,0.27162913324293986,0.08161875906122354,0.27162913324293986,0.11311782888827537,0.03395364165536748,0.010202344882652942,0.03395364165536748,0.014139728611034422,0.6295787394327442,0.03358826954595859,0.6295787394327442,0.04655096660196708,0.7874002948777754,0.023454687426189273,0.7874002948777754,0.0325065383181518,1.2000000000000002,0.0,1.2000000000000002,0.0,,,,,37.008179845661274,0.7506620548251759,37.008179845661274,1.0403645295187671,0.003153200001179357,1.6546298621912077e-05,0.003153200001179357,2.2931999919819644e-05
EXP-07,midpoint,grid1,8,3,2,0.1,0.1,2,0.21469934667282647,0.08922303532806267,0.21469934667282647,0.12365681810429921,0.02683741833410331,0.011152879416007833,0.02683741833410331,0.015457102263037401,0.45710904543686726,0.0012906903928347718,0.45710904543686726,0.00178880562120416,0.7604926697041254,0.022050803330666603,0.7604926697041254,0.030560854228821512,1.2000000000000002,0.0,1.2000000000000002,0.0,,,,,33.24719381090368,0.005893463384720578,33.24719381090368,0.008167923531060665,0.0033161999999720138,0.00010889444515323855,0.0033161999999720138,0.000150920001178747
EXP-07,midpoint,grid4,8,2,2,0.1,0.1,2,0.23728609952751498,0.13075864827889278,0.23728609952751498,0.1812222407177118,0.029660762440939372,0.016344831034861597,0.029660762440939372,0.022652780089713977,0.51452199438153,0.04631516352504645,0.51452199438153,0.0641895417526354,0.8296635401473174,0.10551374050658742,0.8296635401473174,0.14623458358430869,1.2000000000000002,0.0,1.2000000000000002,0.0,,,,,24.98521332256749,0.9242578955146883,24.98521332256749,1.2809560899479413,0.0034279000010428717,0.00010663170423088632,0.0034279000010428717,0.00014778400225623045
EXP-07,midpoint,grid0,8,3,2,0.1,0.1,2,0.3339825027811523,0.14207102700910818,0.3339825027811523,0.19690039775222395,0.04174781284764404,0.017758878376138522,0.04174781284764404,0.024612549719027994,0.6447596550317811,0.01317988941459445,0.6447596550317811,0.01826639479348312,0.7349254946618864,0.01723450756459353,0.7349254946618864,0.023885808851896475,1.2000000000000002,0.0,1.2000000000000002,0.0,,,,,37.284381509482216,0.26811846873811684,37.284381509482216,0.37159323931590843,0.0033360499983245973,5.112381855097634e-05,0.0033360499983245973,7.085399760399013e-05
EXP-08,parallel,front_grid,8,1,2,0.1,0.1,2,,,,,,,,,,,,,,,,,,,,,0.16809451671682957,0.0812625194773182,0.16809451671682957,0.11262410601428258,89.0801502390459,0.6159669789191005,89.0801502390459,0.8536866784501466,0.11908004999895638,0.008716010318576257,0.11908004999895638,0.012079774002268093
EXP-09,upper,grid1,8,2,2,0.1,0.1,2,0.12626632892787507,0.022549070064354415,0.12626632892787507,0.031251416689832945,0.015783291115984383,0.002818633758044302,0.015783291115984383,0.003906427086229118,0.4267242200690603,0.01372712012168782,0.4267242200690603,0.019024817859447214,0.7651970670612966,0.0157571197225676,0.7651970670612966,0.021838253767279842,1.2000000000000002,0.0,1.2000000000000002,0.0,,,,,23.368686809745626,0.2584206128277644,23.368686809745626,0.3581526967486352,0.003746500000488595,1.2586501364685799e-05,0.003746500000488595,1.7444000914110802e-05
EXP-09,upper,grid4,8,2,2,0.1,0.1,2,0.23610799675153293,0.14920851196178075,0.23610799675153293,0.20679244721310133,0.029513499593941617,0.018651063995222594,0.029513499593941617,0.025849055901637667,0.51452199438153,0.04631516352504645,0.51452199438153,0.0641895417526354,0.8276015249476758,0.10551374050658742,0.8276015249476758,0.14623458358430869,1.2000000000000002,0.0,1.2000000000000002,0.0,,,,,24.983151307367848,0.9242578955146883,24.983151307367848,1.2809560899479413,0.0034885000004578615,8.471139173817353e-05,0.0034885000004578615,0.00011740399910195265
EXP-09,midpoint,grid1,8,2,2,0.1,0.1,2,0.12808773839157783,0.021876809560068673,0.12808773839157783,0.030319711165676447,0.01601096729894723,0.002734601195008584,0.01601096729894723,0.003789963895709556,0.4267242200690603,0.01372712012168782,0.4267242200690603,0.019024817859447214,0.7660991987111396,0.015210345373601535,0.7660991987111396,0.021080463181411626,1.2000000000000002,0.0,1.2000000000000002,0.0,,,,,23.36958894139547,0.2578738384787959,23.36958894139547,0.35739490616276365,0.003781350000281236,0.0006001215235894341,0.003781350000281236,0.0008317259977775393
EXP-09,midpoint,grid2,8,2,2,0.1,0.1,2,0.11810076300341044,0.04534341341364656,0.11810076300341044,0.0628427648095917,0.014762595375426305,0.00566792667670582,0.014762595375426305,0.007855345601198962,0.4065153663256082,0.008922198975164235,0.4065153663256082,0.012365536900931218,0.788822361434041,0.01580756805528368,0.788822361434041,0.021908171589279515,1.2000000000000002,0.0,1.2000000000000002,0.0,,,,,23.035066666068325,0.17353125301614447,23.035066666068325,0.24050204648080797,0.0036710499989567325,0.00021587969774952963,0.0036710499989567325,0.00029919399647042154
EXP-09,upper,grid0,8,2,2,0.1,0.1,2,0.18198214117085346,0.10500000005800614,0.18198214117085346,0.14552257564858387,0.022747767646356682,0.013125000007250767,0.022747767646356682,0.018190321956072984,0.4947170318760256,0.03120819140954272,0.4947170318760256,0.04325234659754061,0.7397789718777548,0.044117031721232276,0.7397789718777548,0.06114308649997451,1.2000000000000002,0.0,1.2000000000000002,0.0,,,,,24.545223172078238,0.5958051260776153,24.545223172078238,0.8257437760337678,0.0036368000000948086,0.00010267190440122056,0.0036368000000948086,0.00014229599968530239
EXP-09,midpoint,grid3,8,2,2,0.1,0.1,2,0.15450021671538947,0.09622189935996703,0.15450021671538947,0.13335674877072112,0.019312527089423683,0.012027737419995879,0.019312527089423683,0.01666959359634014,0.43939527166912984,0.02269548903597415,0.43939527166912984,0.03145434303137723,0.8100104752461004,0.04590869976627911,0.8100104752461004,0.06362621172357873,1.2000000000000002,0.0,1.2000000000000002,0.0,,,,,23.63749488070978,0.44711205475833493,23.63749488070978,0.6196656931049443,0.0037556499992206227,0.0003632407514449536,0.0037556499992206227,0.0005034259971580468
EXP-09,static,grid3,8,2,2,0.1,0.1,2,0.2631256393564661,0.2124222203638821,0.2631256393564661,0.29440217728824813,0.03289070491955826,0.026552777545485264,0.03289070491955826,0.03680027216103102,0.43939527166912984,0.02269548903597415,0.43939527166912984,0.03145434303137723,0.8057155126631406,0.034201494544607976,0.8057155126631406,0.047400853089645735,1.2000000000000002,0.0,1.2000000000000002,0.0,,,,,23.63319991812682,0.4354048495366649,23.63319991812682,0.6034403344710129,0.0029665499987459043,2.9344931063792324e-05,0.0029665499987459043,4.066999950737226e-05
EXP-09,static,grid4,8,2,2,0.1,0.1,2,0.42403485900377985,0.27564015989767504,0.42403485900377985,0.3820177714127409,0.05300435737547248,0.03445501998720938,0.05300435737547248,0.04775222142659261,0.51452199438153,0.04631516352504645,0.51452199438153,0.0641895417526354,0.8182996395779076,0.07793805978284452,0.8182996395779076,0.10801663994654492,1.2000000000000002,0.0,1.2000000000000002,0.0,,,,,24.97384942199808,0.8966822147909478,24.97384942199808,1.2427381463101808,0.0032386499988206197,0.0002928129199787794,0.0032386499988206197,0.00040581800261861643
EXP-09,lower,grid2,8,2,2,0.1,0.1,2,0.11976529665221992,0.04298940735247382,0.11976529665221992,0.05958027885792512,0.01497066208152749,0.005373675919059228,0.01497066208152749,0.00744753485724064,0.4065153663256082,0.008922198975164235,0.4065153663256082,0.012365536900931218,0.7893378652339514,0.015078535589995464,0.7893378652339514,0.02089778414145504,1.2000000000000002,0.0,1.2000000000000002,0.0,,,,,23.035582169868235,0.1728022205508565,23.035582169868235,0.23949165903298386,0.0033825999998953193,0.0001079044932664925,0.0033825999998953193,0.0001495479978621006
EXP-09,midpoint,grid4,8,2,2,0.1,0.1,2,0.23728609952751498,0.13075864827889278,0.23728609952751498,0.1812222407177118,0.029660762440939372,0.016344831034861597,0.029660762440939372,0.022652780089713977,0.51452199438153,0.04631516352504645,0.51452199438153,0.0641895417526354,0.8296635401473174,0.10551374050658742,0.8296635401473174,0.14623458358430869,1.2000000000000002,0.0,1.2000000000000002,0.0,,,,,24.98521332256749,0.9242578955146883,24.98521332256749,1.2809560899479413,0.0034525500013842247,8.449926066097908e-05,0.0034525500013842247,0.00011711000042851083
EXP-09,lower,grid4,8,2,2,0.1,0.1,2,0.23958075465974196,0.11230878459600467,0.23958075465974196,0.15565203422232218,0.029947594332467745,0.014038598074500584,0.029947594332467745,0.019456504277790273,0.51452199438153,0.04631516352504645,0.51452199438153,0.0641895417526354,0.8317255553469589,0.10551374050658742,0.8317255553469589,0.14623458358430869,1.2000000000000002,0.0,1.2000000000000002,0.0,,,,,24.98727533776713,0.9242578955146907,24.98727533776713,1.2809560899479449,0.003396099999008584,0.00016008897234832004,0.003396099999008584,0.00022187199596373827
EXP-09,upper,grid2,8,2,2,0.1,0.1,2,0.11671536744366222,0.04730265860349397,0.11671536744366222,0.06555814010669822,0.014589420930457777,0.005912832325436746,0.014589420930457777,0.008194767513337278,0.4065153663256082,0.008922198975164235,0.4065153663256082,0.012365536900931218,0.7883068576341307,0.01653660052057174,0.7883068576341307,0.022918559037103766,1.2000000000000002,0.0,1.2000000000000002,0.0,,,,,23.034551162268414,0.17426028548143246,23.034551162268414,0.24151243392863214,0.0034545499984233174,0.00025675047221959603,0.0034545499984233174,0.0003558379999594763
EXP-09,lower,grid1,8,2,2,0.1,0.1,2,0.1303976395111378,0.0215006197092769,0.1303976395111378,0.029798338632439948,0.016299704938892226,0.0026875774636596125,0.016299704938892226,0.0037247923290549935,0.4267242200690603,0.01372712012168782,0.4267242200690603,0.019024817859447214,0.7670013303609831,0.014663571024635391,0.7670013303609831,0.020322672595543302,1.2000000000000002,0.0,1.2000000000000002,0.0,,,,,23.370491073045315,0.2573270641298299,23.370491073045315,0.3566371155768955,0.003431399998589768,0.0002658721496979891,0.003431399998589768,0.0003684799999609822
EXP-09,midpoint,grid0,8,2,2,0.1,0.1,2,0.18446114287989168,0.10543876956117865,0.18446114287989168,0.1461306791550833,0.02305764285998646,0.01317984619514733,0.02305764285998646,0.01826633489438541,0.4947170318760256,0.03120819140954272,0.4947170318760256,0.04325234659754061,0.7418409870773963,0.04411703172123235,0.7418409870773963,0.061143086499974623,1.2000000000000002,0.0,1.2000000000000002,0.0,,,,,24.54728518727788,0.5958051260776177,24.54728518727788,0.825743776033771,0.015887999998085434,0.01767540678719787,0.015887999998085434,0.02449686399893835
EXP-09,static,grid0,8,2,2,0.1,0.1,2,0.289862878887867,0.24509135750404865,0.289862878887867,0.33967929136660524,0.036232859860983374,0.03063641968800608,0.036232859860983374,0.042459911420825655,0.4947170318760256,0.03120819140954272,0.4947170318760256,0.04325234659754061,0.761194182016635,0.02805708832254719,0.761194182016635,0.0388851405299171,1.2000000000000002,0.0,1.2000000000000002,0.0,,,,,24.566638382217118,0.5797451826789302,24.566638382217118,0.8034858300637103,0.0030894500014255755,0.00018547411129976507,0.0030894500014255755,0.00025705400359584015
EXP-09,upper,grid3,8,2,2,0.1,0.1,2,0.15332925671821485,0.10455518594553903,0.15332925671821485,0.14490609474100966,0.019166157089776856,0.013069398243192379,0.019166157089776856,0.018113261842626207,0.43939527166912984,0.02269548903597415,0.43939527166912984,0.03145434303137723,0.809108343596257,0.04645547411524502,0.809108343596257,0.06438400230944673,1.2000000000000002,0.0,1.2000000000000002,0.0,,,,,23.636592749059936,0.4476588291073009,23.636592749059936,0.6204234836908125,0.003538950000802288,0.00041457670364556385,0.003538950000802288,0.0005745739970006979
EXP-09,lower,grid0,8,2,2,0.1,0.1,2,0.18805669694517496,0.10587753906435123,0.18805669694517496,0.1467387826615828,0.02350708711814687,0.013234692383043903,0.02350708711814687,0.01834234783269785,0.4947170318760256,0.03120819140954272,0.4947170318760256,0.04325234659754061,0.7439030022770379,0.04411703172123235,0.7439030022770379,0.061143086499974623,1.2000000000000002,0.0,1.2000000000000002,0.0,,,,,24.54934720247752,0.5958051260776177,24.54934720247752,0.825743776033771,0.003754850002223975,0.000440739655689242,0.003754850002223975,0.0006108339985803467
EXP-09,static,grid1,8,2,2,0.1,0.1,2,0.19603964929850967,0.04794353833697965,0.19603964929850967,0.06644635410142481,0.02450495616231371,0.005992942292122457,0.02450495616231371,0.008305794262678102,0.4267242200690603,0.01372712012168782,0.4267242200690603,0.019024817859447214,0.7771627838825041,0.009261008814459234,0.7771627838825041,0.012835103381331725,1.2000000000000002,0.0,1.2000000000000002,0.0,,,,,23.380652526566834,0.2519245019196549,23.380652526566834,0.34914954636268547,0.0027977499994449317,6.44174295086691e-05,0.0027977499994449317,8.927800241508519e-05
EXP-09,lower,grid3,8,2,2,0.1,0.1,2,0.1561596683684213,0.08759254212090103,0.1561596683684213,0.12139706980951252,0.019519958546052662,0.01094906776511263,0.019519958546052662,0.015174633726189065,0.43939527166912984,0.02269548903597415,0.43939527166912984,0.03145434303137723,0.8109126068959435,0.04536192541731289,0.8109126068959435,0.0628684211377103,1.2000000000000002,0.0,1.2000000000000002,0.0,,,,,23.638397012359622,0.44656528040936894,23.638397012359622,0.6189079025190762,0.0035706999988178723,0.00043614346005555344,0.0035706999988178723,0.000604463996423874
EXP-09,static,grid2,8,2,2,0.1,0.1,2,0.18712723612137605,0.10456098761899725,0.18712723612137605,0.14491413545019297,0.023390904515172006,0.013070123452374656,0.023390904515172006,0.01811426693127412,0.4065153663256082,0.008922198975164235,0.4065153663256082,0.012365536900931218,0.7920032274313393,0.01130914422181288,0.7920032274313393,0.015673674234574674,1.2000000000000002,0.0,1.2000000000000002,0.0,,,,,23.03824753206562,0.1690328291826751,23.03824753206562,0.23426754912610512,0.003294499998446554,0.0003661398907437681,0.003294499998446554,0.0005074439992313272
