run_id,experiment_id,seed,algorithm,preference_id,weights,horizon,dimension,objectives,drift,width,regret,average_regret,P_T,Q_T,U_T,coverage,bound,runtime_seconds,device
07a6476f0d70007b,EXP-01,18,midpoint,grid2,"[0.5, 0.5]",8,2,2,0.1,0.0,0.08813421894761674,0.011016777368452092,0.400206418927174,0.0,0.0,,22.134716817444726,0.003260599998611724,cpu
11479b1f5656e0cb,EXP-01,18,midpoint,grid1,"[0.25, 0.75]",8,2,2,0.1,0.0,0.15981448425369482,0.019976810531711853,0.41701768034485254,0.0,0.0,,22.431900741163233,0.0037804000021424145,cpu
1c1033e02d27b6ad,EXP-01,18,midpoint,grid3,"[0.75, 0.25]",8,2,2,0.1,0.0,0.0744127014929994,0.009301587686624925,0.4233471374694477,0.0,0.0,,22.543790792514002,0.003243099999963306,cpu
291c279dd57d9fe6,EXP-01,17,midpoint,grid4,"[1.0, 0.0]",8,2,2,0.1,0.0,0.28969910766643076,0.036212388458303844,0.5472717605818542,0.0,0.0,,24.73448932648325,0.0030898000004526693,cpu
4757f95089800827,EXP-01,17,midpoint,grid0,"[0.0, 1.0]",8,2,2,0.1,0.0,0.107386578897316,0.0134233223621645,0.5167845556502813,0.0,0.0,,24.195546592819767,0.023239800000737887,cpu
86ca9e2abf0ce87e,EXP-01,18,midpoint,grid0,"[0.0, 1.0]",8,2,2,0.1,0.0,0.2894534974112338,0.03618168717640422,0.4726495081017703,0.0,0.0,,23.4153418075812,0.02698230000169133,cpu
b1c8fa7d6a26ff77,EXP-01,17,midpoint,grid3,"[0.75, 0.25]",8,2,2,0.1,0.0,0.19762215339184777,0.02470276917398097,0.4554434058688121,0.0,0.0,,23.111178018413355,0.0034754000007524155,cpu
e61c099b8d008c85,EXP-01,18,midpoint,grid4,"[1.0, 0.0]",8,2,2,0.1,0.0,0.11864993188984288,0.01483124148623036,0.48177222818120574,0.0,0.0,,23.576610238357084,0.0032023999992816243,cpu
fc853a6e819dcd00,EXP-01,17,midpoint,grid1,"[0.25, 0.75]",8,2,2,0.1,0.0,0.10646588900729037,0.013308236125911296,0.4364307597932682,0.0,0.0,,22.77507874420543,0.004603599998517893,cpu
fec80f4ac614d3f2,EXP-01,17,midpoint,grid2,"[0.5, 0.5]",8,2,2,0.1,0.0,0.136544413838801,0.017068051729850126,0.4128243137240425,0.0,0.0,,22.357771791823836,0.0033300999966741074,cpu
0d0de01041df6d19,EXP-02,17,midpoint,grid2,"[0.5, 0.5]",8,2,2,0.1,0.1,0.150163398110345,0.018770424763793123,0.4128243137240425,0.7999999999999999,1.2000000000000002,,23.157771791823837,0.003775200002564816,cpu
1922e40711a4216a,EXP-02,17,midpoint,grid2,"[0.5, 0.5]",8,2,2,0.1,0.0,0.136544413838801,0.017068051729850126,0.4128243137240425,0.0,0.0,,22.357771791823836,0.0033446999987063464,cpu
215265d8ff01693b,EXP-02,17,midpoint,grid3,"[0.75, 0.25]",8,2,2,0.1,0.0,0.19762215339184777,0.02470276917398097,0.4554434058688121,0.0,0.0,,23.111178018413355,0.003273600003012689,cpu
2c78168f3c1307ac,EXP-02,17,midpoint,grid4,"[1.0, 0.0]",8,2,2,0.1,0.0,0.28969910766643076,0.036212388458303844,0.5472717605818542,0.0,0.0,,24.73448932648325,0.0036093999988224823,cpu
2e8ba642a35945f3,EXP-02,18,midpoint,grid1,"[0.25, 0.75]",8,2,2,0.1,0.0,0.15981448425369482,0.019976810531711853,0.41701768034485254,0.0,0.0,,22.431900741163233,0.003260400000726804,cpu
35374ebe0cb7f711,EXP-02,18,midpoint,grid1,"[0.25, 0.75]",8,2,2,0.1,0.1,0.1435569787822291,0.017944622347778636,0.41701768034485254,0.7553438603532766,1.2000000000000002,,23.18724460151651,0.003313100001832936,cpu
565791557fb8c2c6,EXP-02,18,midpoint,grid0,"[0.0, 1.0]",8,2,2,0.1,0.1,0.25901761183656685,0.03237720147957086,0.4726495081017702,0.710645534781491,1.2000000000000002,,24.12598734236269,0.0032778999993752223,cpu
5db3dc74871dafc1,EXP-02,17,midpoint,grid0,"[0.0, 1.0]",8,2,2,0.1,0.0,0.107386578897316,0.0134233223621645,0.5167845556502813,0.0,0.0,,24.195546592819767,0.004422900001372909,cpu
790497f7806a9b87,EXP-02,18,midpoint,grid2,"[0.5, 0.5]",8,2,2,0.1,0.0,0.08813421894761674,0.011016777368452092,0.400206418927174,0.0,0.0,,22.134716817444726,0.0031684999994467944,cpu
85ac471d8daea38b,EXP-02,18,midpoint,grid3,"[0.75, 0.25]",8,2,2,0.1,0.1,0.08646105917930726,0.010807632397413407,0.4233471374694476,0.7775481223259071,1.2000000000000002,,23.32133891483991,0.003253700000641402,cpu
8ade09cf92229795,EXP-02,17,midpoint,grid3,"[0.75, 0.25]",8,2,2,0.1,0.1,0.22253937425147166,0.027817421781433958,0.4554434058688121,0.8424728281662935,1.2000000000000002,,23.95365084657965,0.003415299997868715,cpu
8b817a3104797f51,EXP-02,17,midpoint,grid1,"[0.25, 0.75]",8,2,2,0.1,0.0,0.10646588900729037,0.013308236125911296,0.4364307597932682,0.0,0.0,,22.77507874420543,0.0031651000026613474,cpu
ba5c1a674a927461,EXP-02,18,midpoint,grid3,"[0.75, 0.25]",8,2,2,0.1,0.0,0.0744127014929994,0.009301587686624925,0.4233471374694477,0.0,0.0,,22.543790792514002,0.003246299998863833,cpu
bbdd7c142ba49d94,EXP-02,18,midpoint,grid4,"[1.0, 0.0]",8,2,2,0.1,0.1,0.14482577263072322,0.018103221578840402,0.48177222818120585,0.7550540587267517,1.2000000000000002,,24.331664297083844,0.0031619000001228414,cpu
c0b2be4604b5dd53,EXP-02,17,midpoint,grid0,"[0.0, 1.0]",8,2,2,0.1,0.1,0.10990467392321654,0.013738084240402067,0.516784555650281,0.7730364393733018,1.2000000000000002,,24.96858303219307,0.0033571999993000645,cpu
d0a6e88ec6847653,EXP-02,18,midpoint,grid2,"[0.5, 0.5]",8,2,2,0.1,0.1,0.0860381278964759,0.010754765987059487,0.4002064189271739,0.7776447228680821,1.2000000000000002,,22.91236154031281,0.0038291999990178738,cpu
d2b0570cdb8c5a80,EXP-02,17,midpoint,grid1,"[0.25, 0.75]",8,2,2,0.1,0.1,0.11261849800092659,0.014077312250115824,0.43643075979326806,0.7768545370690028,1.2000000000000002,,23.551933281274433,0.003714999998919666,cpu
e2509e86e91afe2b,EXP-02,17,midpoint,grid4,"[1.0, 0.0]",8,2,2,0.1,0.1,0.32974642642430674,0.04121830330303834,0.5472717605818542,0.904273021567883,1.2000000000000002,,25.63876234805113,0.003366400000231806,cpu
eb6c3665ce9fdaca,EXP-02,18,midpoint,grid0,"[0.0, 1.0]",8,2,2,0.1,0.0,0.2894534974112338,0.03618168717640422,0.4726495081017703,0.0,0.0,,23.4153418075812,0.0036509999990812503,cpu
f3fb3b73a9f6d099,EXP-02,18,midpoint,grid4,"[1.0, 0.0]",8,2,2,0.1,0.0,0.11864993188984288,0.01483124148623036,0.48177222818120574,0.0,0.0,,23.576610238357084,0.0033656999985396396,cpu
083824690a8b9be1,EXP-03,17,midpoint,grid4,"[1.0, 0.0]",8,2,2,0.0,0.1,0.22921030179274138,0.028651287724092672,0.0,0.9016227323000645,1.2000000000000002,,15.961622732300066,0.003952999999455642,cpu
0b06d4d002b07040,EXP-03,17,midpoint,grid2,"[0.5, 0.5]",8,2,2,0.0,0.1,0.08960846674247072,0.01120105834280884,0.0,0.7999999999999999,1.2000000000000002,,15.860000000000003,0.004179100000328617,cpu
1190d9dc885b4060,EXP-03,18,midpoint,grid4,"[1.0, 0.0]",8,2,2,0.0,0.1,0.06694703835280513,0.008368379794100642,0.0,0.7500702008387938,1.2000000000000002,,15.810070200838796,0.0031401999985973816,cpu
39936d3c69f10d42,EXP-03,18,midpoint,grid1,"[0.25, 0.75]",8,2,2,0.1,0.1,0.1435569787822291,0.017944622347778636,0.41701768034485254,0.7553438603532766,1.2000000000000002,,23.18724460151651,0.003102700000454206,cpu
43f8e8e2bab58914,EXP-03,18,midpoint,grid0,"[0.0, 1.0]",8,2,2,0.1,0.1,0.25901761183656685,0.03237720147957086,0.4726495081017702,0.710645534781491,1.2000000000000002,,24.12598734236269,0.003420200002437923,cpu
5c1ee567d238a212,EXP-03,18,midpoint,grid0,"[0.0, 1.0]",8,2,2,0.0,0.1,0.14216329492156546,0.017770411865195682,0.0,0.715107360793088,1.2000000000000002,,15.77510736079309,0.0030999000009614974,cpu
6f9727de39936462,EXP-03,17,midpoint,grid2,"[0.5, 0.5]",8,2,2,0.1,0.1,0.150163398110345,0.018770424763793123,0.4128243137240425,0.7999999999999999,1.2000000000000002,,23.157771791823837,0.0030337000025610905,cpu
72f58043d6ee2514,EXP-03,17,midpoint,grid3,"[0.75, 0.25]",8,2,2,0.0,0.1,0.15132654981843602,0.018915818727304502,0.0,0.841457060433268,1.2000000000000002,,15.90145706043327,0.003999299999122741,cpu
7acbb3e682b0b189,EXP-03,18,midpoint,grid1,"[0.25, 0.75]",8,2,2,0.0,0.1,0.06273590299720369,0.007841987874650461,0.0,0.7574644863641713,1.2000000000000002,,15.817464486364173,0.003734099998837337,cpu
7dd674da39683265,EXP-03,18,midpoint,grid3,"[0.75, 0.25]",8,2,2,0.0,0.1,0.025127774712823587,0.0031409718391029484,0.0,0.7749459063870243,1.2000000000000002,,15.834945906387027,0.0037321999989217147,cpu
8ca1d81db02904ac,EXP-03,18,midpoint,grid2,"[0.5, 0.5]",8,2,2,0.1,0.1,0.0860381278964759,0.010754765987059487,0.4002064189271739,0.7776447228680821,1.2000000000000002,,22.91236154031281,0.0036132000022917055,cpu
916e1008a32eca0b,EXP-03,18,midpoint,grid4,"[1.0, 0.0]",8,2,2,0.1,0.1,0.14482577263072322,0.018103221578840402,0.48177222818120585,0.7550540587267517,1.2000000000000002,,24.331664297083844,0.0031914000028336886,cpu
91c8e76e7efb700b,EXP-03,17,midpoint,grid4,"[1.0, 0.0]",8,2,2,0.1,0.1,0.32974642642430674,0.04121830330303834,0.5472717605818542,0.904273021567883,1.2000000000000002,,25.63876234805113,0.0030571999996027444,cpu
ad2157541a81ff9a,EXP-03,17,midpoint,grid1,"[0.25, 0.75]",8,2,2,0.1,0.1,0.11261849800092659,0.014077312250115824,0.43643075979326806,0.7768545370690028,1.2000000000000002,,23.551933281274433,0.0033446999987063464,cpu
c0295dc29572a0af,EXP-03,17,midpoint,grid0,"[0.0, 1.0]",8,2,2,0.0,0.1,0.014669307285560613,0.0018336634106950766,0.0,0.7732117134340508,1.2000000000000002,,15.833211713434054,0.0036172000000078697,cpu
daf8faf83c68ff13,EXP-03,17,midpoint,grid3,"[0.75, 0.25]",8,2,2,0.1,0.1,0.22253937425147166,0.027817421781433958,0.4554434058688121,0.8424728281662935,1.2000000000000002,,23.95365084657965,0.003319399998872541,cpu
e8b30dbb941781f7,EXP-03,17,midpoint,grid0,"[0.0, 1.0]",8,2,2,0.1,0.1,0.10990467392321654,0.013738084240402067,0.516784555650281,0.7730364393733018,1.2000000000000002,,24.96858303219307,0.0030810999996901955,cpu
e9ee635565c4ff82,EXP-03,18,midpoint,grid3,"[0.75, 0.25]",8,2,2,0.1,0.1,0.08646105917930726,0.010807632397413407,0.4233471374694476,0.7775481223259071,1.2000000000000002,,23.32133891483991,0.003174800000124378,cpu
f563b306bea45dad,EXP-03,17,midpoint,grid1,"[0.25, 0.75]",8,2,2,0.0,0.1,0.04405605256484555,0.005507006570605694,0.0,0.777251551000261,1.2000000000000002,,15.837251551000262,0.003737799997907132,cpu
fab69b64db8bcc18,EXP-03,18,midpoint,grid2,"[0.5, 0.5]",8,2,2,0.0,0.1,0.023724062927623073,0.002965507865952884,0.0,0.7774106682288167,1.2000000000000002,,15.837410668228818,0.003473700002359692,cpu
0486574aba7e88ba,EXP-04,18,midpoint,grid4,"[1.0, 0.0]",8,2,2,0.1,0.1,0.14482577263072322,0.018103221578840402,0.48177222818120585,0.7550540587267517,1.2000000000000002,,24.331664297083844,0.003335400000651134,cpu
0755d308a711cbfc,EXP-04,18,midpoint,grid3,"[0.75, 0.25]",8,2,2,0.1,0.1,0.08646105917930726,0.010807632397413407,0.4233471374694476,0.7775481223259071,1.2000000000000002,,23.32133891483991,0.0035373999999137595,cpu
0eded83a707f8c0f,EXP-04,18,midpoint,grid0,"[0.0, 1.0]",16,2,2,0.1,0.1,0.3736761076442006,0.02335475672776254,0.5330512815871735,1.394905909337961,2.3999999999999995,,28.43801030759972,0.006612600001972169,cpu
182c01ef1a746052,EXP-04,17,midpoint,grid0,"[0.0, 1.0]",16,2,2,0.1,0.1,0.1804336668334686,0.011277104177091787,0.5713106471320822,1.54021463963765,2.3999999999999995,,29.25965545841691,0.006790199997340096,cpu
2ad1e4a64b09d12d,EXP-04,17,midpoint,grid1,"[0.25, 0.75]",8,2,2,0.1,0.1,0.11261849800092659,0.014077312250115824,0.43643075979326806,0.7768545370690028,1.2000000000000002,,23.551933281274433,0.003159100000630133,cpu
3607bffb469537bf,EXP-04,17,midpoint,grid4,"[1.0, 0.0]",8,2,2,0.1,0.1,0.32974642642430674,0.04121830330303834,0.5472717605818542,0.904273021567883,1.2000000000000002,,25.63876234805113,0.004341299998486647,cpu
62fa4d5d41fb8af6,EXP-04,17,midpoint,grid1,"[0.25, 0.75]",16,2,2,0.1,0.1,0.16944012003322476,0.010590007502076547,0.4780628693606168,1.547735812011756,2.3999999999999995,,27.618773230971527,0.006748899999365676,cpu
6b7b830b1aefdeac,EXP-04,18,midpoint,grid2,"[0.5, 0.5]",8,2,2,0.1,0.1,0.0860381278964759,0.010754765987059487,0.4002064189271739,0.7776447228680821,1.2000000000000002,,22.91236154031281,0.003533299997798167,cpu
6e7038661c63a063,EXP-04,18,midpoint,grid0,"[0.0, 1.0]",8,2,2,0.1,0.1,0.25901761183656685,0.03237720147957086,0.4726495081017702,0.710645534781491,1.2000000000000002,,24.12598734236269,0.023075199998856988,cpu
794860c06ae73b7b,EXP-04,17,midpoint,grid2,"[0.5, 0.5]",16,2,2,0.1,0.1,0.20934637451128302,0.013084148406955189,0.44555586134863745,1.6000000000000003,2.3999999999999995,,27.096389273925872,0.00847319999957108,cpu
7baf7f60305e04ac,EXP-04,18,midpoint,grid1,"[0.25, 0.75]",16,2,2,0.1,0.1,0.21762758010828348,0.013601723756767718,0.4695208039835815,1.4980573506264356,2.3999999999999995,,27.418090960750195,0.0064342000005126465,cpu
7cfc04da63029c67,EXP-04,17,midpoint,grid3,"[0.75, 0.25]",8,2,2,0.1,0.1,0.22253937425147166,0.027817421781433958,0.4554434058688121,0.8424728281662935,1.2000000000000002,,23.95365084657965,0.004457499999261927,cpu
8766f4d2d2bed975,EXP-04,18,midpoint,grid4,"[1.0, 0.0]",16,2,2,0.1,0.1,0.18762704989622725,0.011726690618514203,0.5382116509225046,1.496952358456929,2.3999999999999995,,28.631280060479682,0.009685500001069158,cpu
903956d762eb489d,EXP-04,18,midpoint,grid3,"[0.75, 0.25]",16,2,2,0.1,0.1,0.12460305123429698,0.007787690702143561,0.47299554719247744,1.5490805751859198,2.3999999999999995,,27.530539547456982,0.008955000001151348,cpu
a76e1b3fccd8843d,EXP-04,18,midpoint,grid2,"[0.5, 0.5]",16,2,2,0.1,0.1,0.13460322797164895,0.00841270174822806,0.4482695842365543,1.549448905909088,2.3999999999999995,,27.093810476242638,0.007676600002014311,cpu
ba6f58e4bdc56cdb,EXP-04,17,midpoint,grid4,"[1.0, 0.0]",16,2,2,0.1,0.1,0.44185828730230486,0.027616142956394054,0.586300462154875,1.838757422818901,2.3999999999999995,,29.823183237881874,0.008451900001091417,cpu
c27958cbc01f930d,EXP-04,17,midpoint,grid0,"[0.0, 1.0]",8,2,2,0.1,0.1,0.10990467392321654,0.013738084240402067,0.516784555650281,0.7730364393733018,1.2000000000000002,,24.96858303219307,0.0036782999995921273,cpu
c3a86be035ce25d1,EXP-04,18,midpoint,grid1,"[0.25, 0.75]",8,2,2,0.1,0.1,0.1435569787822291,0.017944622347778636,0.41701768034485254,0.7553438603532766,1.2000000000000002,,23.18724460151651,0.0030962000018917024,cpu
d7e9ec04243f16c4,EXP-04,17,midpoint,grid3,"[0.75, 0.25]",16,2,2,0.1,0.1,0.30015243026764304,0.01875952689172769,0.48681750232351934,1.6970072036023818,2.3999999999999995,,27.922806130933846,0.00839089999863063,cpu
f1ca053d69a889ef,EXP-04,17,midpoint,grid2,"[0.5, 0.5]",8,2,2,0.1,0.1,0.150163398110345,0.018770424763793123,0.4128243137240425,0.7999999999999999,1.2000000000000002,,23.157771791823837,0.004254799998307135,cpu
0237759d856754d3,EXP-05,17,midpoint,grid1,"[0.25, 0.75]",8,2,2,0.0,0.1,0.04405605256484555,0.005507006570605694,0.0,0.777251551000261,1.2000000000000002,,15.837251551000262,0.003599199997552205,cpu
046af4c31726979d,EXP-05,17,midpoint,grid2,"[0.5, 0.5]",8,2,2,0.0,0.0,0.07652369575556031,0.009565461969445039,0.0,0.0,0.0,,15.060000000000002,0.0032485999981872737,cpu
0501139fe6c827a2,EXP-05,17,midpoint,grid1,"[0.25, 0.75]",8,2,2,0.0,0.0,0.04027662425629046,0.005034578032036307,0.0,0.0,0.0,,15.060000000000002,0.0032075000017357524,cpu
063ef8cd5d151984,EXP-05,17,midpoint,grid1,"[0.25, 0.75]",8,2,2,0.1,0.0,0.10646588900729037,0.013308236125911296,0.4364307597932682,0.0,0.0,,22.77507874420543,0.0031460000027436763,cpu
1d0bfdf86a0a5678,EXP-05,17,midpoint,grid3,"[0.75, 0.25]",8,2,2,0.1,0.0,0.19762215339184777,0.02470276917398097,0.4554434058688121,0.0,0.0,,23.111178018413355,0.0031145000029937364,cpu
2f19bc46e305738d,EXP-05,17,midpoint,grid2,"[0.5, 0.5]",8,2,2,0.0,0.1,0.08960846674247072,0.01120105834280884,0.0,0.7999999999999999,1.2000000000000002,,15.860000000000003,0.003098999997746432,cpu
2f6358b1cdfdfacb,EXP-05,18,midpoint,grid4,"[1.0, 0.0]",8,2,2,0.1,0.0,0.11864993188984288,0.01483124148623036,0.48177222818120574,0.0,0.0,,23.576610238357084,0.003235500000300817,cpu
36bd4f293d182167,EXP-05,18,midpoint,grid0,"[0.0, 1.0]",8,2,2,0.0,0.1,0.14216329492156546,0.017770411865195682,0.0,0.715107360793088,1.2000000000000002,,15.77510736079309,0.0037000999982410576,cpu
4394f0c08af36000,EXP-05,18,midpoint,grid4,"[1.0, 0.0]",8,2,2,0.0,0.0,0.04575505549988258,0.005719381937485323,0.0,0.0,0.0,,15.060000000000002,0.003370099999301601,cpu
4c4fd576014bc08c,EXP-05,18,midpoint,grid4,"[1.0, 0.0]",8,2,2,0.1,0.1,0.14482577263072322,0.018103221578840402,0.48177222818120585,0.7550540587267517,1.2000000000000002,,24.331664297083844,0.003127900003164541,cpu
4e9235c5e6667d34,EXP-05,17,midpoint,grid4,"[1.0, 0.0]",8,2,2,0.1,0.1,0.32974642642430674,0.04121830330303834,0.5472717605818542,0.904273021567883,1.2000000000000002,,25.63876234805113,0.003093699997407384,cpu
5fe9d7eeda03f8c5,EXP-05,18,midpoint,grid1,"[0.25, 0.75]",8,2,2,0.0,0.1,0.06273590299720369,0.007841987874650461,0.0,0.7574644863641713,1.2000000000000002,,15.817464486364173,0.003121800000371877,cpu
6025cadbb2dc0e3e,EXP-05,17,midpoint,grid0,"[0.0, 1.0]",8,2,2,0.0,0.0,0.01652783776133631,0.0020659797201670388,0.0,0.0,0.0,,15.060000000000002,0.004686299998866161,cpu
607204d7e415e4eb,EXP-05,18,midpoint,grid2,"[0.5, 0.5]",8,2,2,0.1,0.1,0.0860381278964759,0.010754765987059487,0.4002064189271739,0.7776447228680821,1.2000000000000002,,22.91236154031281,0.0030864000000292435,cpu
670e25ddb32bbffe,EXP-05,18,midpoint,grid1,"[0.25, 0.75]",8,2,2,0.1,0.0,0.15981448425369482,0.019976810531711853,0.41701768034485254,0.0,0.0,,22.431900741163233,0.0030595999996876344,cpu
6e92d0e266939dbc,EXP-05,18,midpoint,grid3,"[0.75, 0.25]",8,2,2,0.0,0.0,0.016284968384941603,0.0020356210481177004,0.0,0.0,0.0,,15.060000000000002,0.0033623000017541926,cpu
6f36a7c33dadd3d6,EXP-05,18,midpoint,grid4,"[1.0, 0.0]",8,2,2,0.0,0.1,0.06694703835280513,0.008368379794100642,0.0,0.7500702008387938,1.2000000000000002,,15.810070200838796,0.003283899997768458,cpu
70d7e21730043211,EXP-05,18,midpoint,grid3,"[0.75, 0.25]",8,2,2,0.0,0.1,0.025127774712823587,0.0031409718391029484,0.0,0.7749459063870243,1.2000000000000002,,15.834945906387027,0.0030645999977423344,cpu
71ff9e249634aca2,EXP-05,17,midpoint,grid2,"[0.5, 0.5]",8,2,2,0.1,0.1,0.150163398110345,0.018770424763793123,0.4128243137240425,0.7999999999999999,1.2000000000000002,,23.157771791823837,0.0031197999996948056,cpu
776cf514b033adad,EXP-05,17,midpoint,grid3,"[0.75, 0.25]",8,2,2,0.0,0.0,0.12526905225914586,0.015658631532393233,0.0,0.0,0.0,,15.060000000000002,0.0031105000016395934,cpu
7aadc93096d7268d,EXP-05,17,midpoint,grid1,"[0.25, 0.75]",8,2,2,0.1,0.1,0.11261849800092659,0.014077312250115824,0.43643075979326806,0.7768545370690028,1.2000000000000002,,23.551933281274433,0.003730199998244643,cpu
7f552d4ecf5a16a3,EXP-05,17,midpoint,grid3,"[0.75, 0.25]",8,2,2,0.1,0.1,0.22253937425147166,0.027817421781433958,0.4554434058688121,0.8424728281662935,1.2000000000000002,,23.95365084657965,0.003662099999928614,cpu
86bd4f251ec47cc7,EXP-05,17,midpoint,grid4,"[1.0, 0.0]",8,2,2,0.0,0.0,0.18651269376704707,0.023314086720880884,0.0,0.0,0.0,,15.060000000000002,0.003168899998854613,cpu
8d4871775c4d63b8,EXP-05,17,midpoint,grid0,"[0.0, 1.0]",8,2,2,0.1,0.1,0.10990467392321654,0.013738084240402067,0.516784555650281,0.7730364393733018,1.2000000000000002,,24.96858303219307,0.0030903999977454077,cpu
99a7e3e9737da7b8,EXP-05,18,midpoint,grid2,"[0.5, 0.5]",8,2,2,0.0,0.1,0.023724062927623073,0.002965507865952884,0.0,0.7774106682288167,1.2000000000000002,,15.837410668228818,0.003344700002344325,cpu
9e14505b08101504,EXP-05,18,midpoint,grid1,"[0.25, 0.75]",8,2,2,0.1,0.1,0.1435569787822291,0.017944622347778636,0.41701768034485254,0.7553438603532766,1.2000000000000002,,23.18724460151651,0.003083100000367267,cpu
a0907ceab4c2a71d,EXP-05,18,midpoint,grid3,"[0.75, 0.25]",8,2,2,0.1,0.1,0.08646105917930726,0.010807632397413407,0.4233471374694476,0.7775481223259071,1.2000000000000002,,23.32133891483991,0.0031140000028244685,cpu
b26c411e0c5ff78b,EXP-05,17,midpoint,grid0,"[0.0, 1.0]",8,2,2,0.0,0.1,0.014669307285560613,0.0018336634106950766,0.0,0.7732117134340508,1.2000000000000002,,15.833211713434054,0.003089199999521952,cpu
bcdc9f896ef8e574,EXP-05,18,midpoint,grid2,"[0.5, 0.5]",8,2,2,0.1,0.0,0.08813421894761674,0.011016777368452092,0.400206418927174,0.0,0.0,,22.134716817444726,0.003199099999619648,cpu
c55d69b02bf26ffa,EXP-05,18,midpoint,grid2,"[0.5, 0.5]",8,2,2,0.0,0.0,0.028345931181285727,0.003543241397660716,0.0,0.0,0.0,,15.060000000000002,0.003390500001842156,cpu
c734ca74ab7294c4,EXP-05,18,midpoint,grid0,"[0.0, 1.0]",8,2,2,0.0,0.0,0.17706100650782947,0.022132625813478683,0.0,0.0,0.0,,15.060000000000002,0.0030656999988423195,cpu
d75ea1f67b1843e3,EXP-05,17,midpoint,grid0,"[0.0, 1.0]",8,2,2,0.1,0.0,0.107386578897316,0.0134233223621645,0.5167845556502813,0.0,0.0,,24.195546592819767,0.0034226999996462837,cpu
db1f40a1e42107f0,EXP-05,18,midpoint,grid3,"[0.75, 0.25]",8,2,2,0.1,0.0,0.0744127014929994,0.009301587686624925,0.4233471374694477,0.0,0.0,,22.543790792514002,0.003226200002245605,cpu
db34d9a21c7184c7,EXP-05,17,midpoint,grid2,"[0.5, 0.5]",8,2,2,0.1,0.0,0.136544413838801,0.017068051729850126,0.4128243137240425,0.0,0.0,,22.357771791823836,0.003431000001000939,cpu
dbb561df6999c0f4,EXP-05,18,midpoint,grid0,"[0.0, 1.0]",8,2,2,0.1,0.0,0.2894534974112338,0.03618168717640422,0.4726495081017703,0.0,0.0,,23.4153418075812,0.0032618000004731584,cpu
e0b7baa07bb01394,EXP-05,17,midpoint,grid4,"[1.0, 0.0]",8,2,2,0.0,0.1,0.22921030179274138,0.028651287724092672,0.0,0.9016227323000645,1.2000000000000002,,15.961622732300066,0.00320579999970505,cpu
e9cc3bb3958fa54f,EXP-05,17,midpoint,grid3,"[0.75, 0.25]",8,2,2,0.0,0.1,0.15132654981843602,0.018915818727304502,0.0,0.841457060433268,1.2000000000000002,,15.90145706043327,0.0030994999979157,cpu
ef5c297bfd3eea9d,EXP-05,18,midpoint,grid0,"[0.0, 1.0]",8,2,2,0.1,0.1,0.25901761183656685,0.03237720147957086,0.4726495081017702,0.710645534781491,1.2000000000000002,,24.12598734236269,0.0034414000001561362,cpu
f0599744da16602e,EXP-05,18,midpoint,grid1,"[0.25, 0.75]",8,2,2,0.0,0.0,0.08193794388891497,0.010242242986114371,0.0,0.0,0.0,,15.060000000000002,0.0035260000004200265,cpu
f9a609096a7b6004,EXP-05,17,midpoint,grid4,"[1.0, 0.0]",8,2,2,0.1,0.0,0.28969910766643076,0.036212388458303844,0.5472717605818542,0.0,0.0,,24.73448932648325,0.003494600001431536,cpu
1a88eee0eee5acb7,EXP-06,18,midpoint,grid2,"[0.5, 0.5]",8,2,2,0.1,0.1,0.0860381278964759,0.010754765987059487,0.4002064189271739,0.7776447228680821,1.2000000000000002,,22.91236154031281,0.003202299998520175,cpu
3c2c68145e4db097,EXP-06,18,midpoint,grid4,"[1.0, 0.0]",8,2,2,0.1,0.1,0.14482577263072322,0.018103221578840402,0.48177222818120585,0.7550540587267517,1.2000000000000002,,24.331664297083844,0.0032522999972570688,cpu
48804923a8086627,EXP-06,18,midpoint,simplex0,"[0.6127537879415272, 0.27744769820222287, 0.10979851385625003]",8,2,3,0.1,0.1,0.0406573031481296,0.0050821628935162,0.26560748151418145,0.8064492749194391,1.2000000000000002,,20.5617705577334,0.0031832000022404827,cpu
4e91f90abb20ed3e,EXP-06,17,midpoint,grid4,"[1.0, 0.0]",8,2,2,0.1,0.1,0.32974642642430674,0.04121830330303834,0.5472717605818542,0.904273021567883,1.2000000000000002,,25.63876234805113,0.003835899999103276,cpu
5251d371c3f74db5,EXP-06,17,midpoint,vertex0,"[1.0, 0.0, 0.0]",8,2,3,0.1,0.1,0.2889150686220655,0.03611438357775819,0.5167845556502813,0.7985224205316627,1.2000000000000002,,24.994069013351428,0.003060800001549069,cpu
725885fd1e921c54,EXP-06,17,midpoint,grid0,"[0.0, 1.0]",8,2,2,0.1,0.1,0.10990467392321654,0.013738084240402067,0.516784555650281,0.7730364393733018,1.2000000000000002,,24.96858303219307,0.0043268000008538365,cpu
75c2c1d0b7375553,EXP-06,18,midpoint,vertex1,"[0.0, 1.0, 0.0]",8,2,3,0.1,0.1,0.28958603288055174,0.03619825411006897,0.4999153603029727,0.7048253448711683,1.2000000000000002,,24.602163877109874,0.003195400000549853,cpu
77da7eeb720cd963,EXP-06,18,midpoint,grid3,"[0.75, 0.25]",8,2,2,0.1,0.1,0.08646105917930726,0.010807632397413407,0.4233471374694476,0.7775481223259071,1.2000000000000002,,23.32133891483991,0.003309299998363713,cpu
7f0243c351af2c45,EXP-06,17,midpoint,simplex0,"[0.6127537879415272, 0.27744769820222287, 0.10979851385625003]",8,2,3,0.1,0.1,0.11187262127461786,0.013984077659327233,0.2849230723971786,0.8022124984692702,1.2000000000000002,,20.89898841368304,0.0031177000018942636,cpu
858970574d1ee5ec,EXP-06,17,midpoint,simplex1,"[0.10050287298076695, 0.3624838409624824, 0.5370132860567507]",8,2,3,0.1,0.1,0.04764627757210418,0.005955784696513022,0.17326228043105643,0.7690261600627009,1.2000000000000002,,18.891899495478835,0.003165199999784818,cpu
893b848979a8cdf2,EXP-06,17,midpoint,grid3,"[0.75, 0.25]",8,2,2,0.1,0.1,0.22253937425147166,0.027817421781433958,0.4554434058688121,0.8424728281662935,1.2000000000000002,,23.95365084657965,0.0030465999989246484,cpu
922e90d2355dfa06,EXP-06,18,midpoint,uniform,"[0.3333333333333333, 0.3333333333333333, 0.3333333333333333]",8,2,3,0.1,0.1,0.02576835746609389,0.0032210446832617364,0.25505900160356837,0.7959543130886724,1.2000000000000002,,20.364803054002515,0.0031839000002946705,cpu
92c34e704fb79749,EXP-06,17,midpoint,grid1,"[0.25, 0.75]",8,2,2,0.1,0.1,0.11261849800092659,0.014077312250115824,0.43643075979326806,0.7768545370690028,1.2000000000000002,,23.551933281274433,0.003147499999613501,cpu
986b646d87d5e3cb,EXP-06,18,midpoint,vertex0,"[1.0, 0.0, 0.0]",8,2,3,0.1,0.1,0.11689666251239533,0.014612082814049417,0.4726495081017704,0.7929761943824598,1.2000000000000002,,24.20831800196366,0.003417800002353033,cpu
b2517b1eec4c5673,EXP-06,18,midpoint,simplex1,"[0.10050287298076695, 0.3624838409624824, 0.5370132860567507]",8,2,3,0.1,0.1,0.05800465554999744,0.00725058194374968,0.3190298388736485,0.7821515611633942,1.2000000000000002,,21.48185562287361,0.0030452999999397434,cpu
bd31ea65e1f86504,EXP-06,18,midpoint,grid1,"[0.25, 0.75]",8,2,2,0.1,0.1,0.1435569787822291,0.017944622347778636,0.41701768034485254,0.7553438603532766,1.2000000000000002,,23.18724460151651,0.0030273000011220574,cpu
da1b0a48e88134a1,EXP-06,17,midpoint,grid2,"[0.5, 0.5]",8,2,2,0.1,0.1,0.150163398110345,0.018770424763793123,0.4128243137240425,0.7999999999999999,1.2000000000000002,,23.157771791823837,0.003218499998183688,cpu
e20e38e6ded1e147,EXP-06,18,midpoint,grid0,"[0.0, 1.0]",8,2,2,0.1,0.1,0.25901761183656685,0.03237720147957086,0.4726495081017702,0.710645534781491,1.2000000000000002,,24.12598734236269,0.0031792999980098102,cpu
f0efd1b7bea97d9a,EXP-06,17,midpoint,uniform,"[0.3333333333333333, 0.3333333333333333, 0.3333333333333333]",8,2,3,0.1,0.1,0.05143804595869694,0.006429755744837118,0.21270171063812396,0.7916223613105193,1.2000000000000002,,19.61169291036543,0.0031559000017296057,cpu
fe489809a3f19e3f,EXP-06,17,midpoint,vertex1,"[0.0, 1.0, 0.0]",8,2,3,0.1,0.1,0.10560123809390631,0.01320015476173829,0.5298102786787386,0.7864259440038054,1.2000000000000002,,25.21223696390558,0.003175499998178566,cpu
08988c8bb0135166,EXP-07,18,midpoint,grid1,"[0.25, 0.75]",8,2,2,0.1,0.1,0.1435569787822291,0.017944622347778636,0.41701768034485254,0.7553438603532766,1.2000000000000002,,23.18724460151651,0.003564499998901738,cpu
412cd8df90909849,EXP-07,17,midpoint,grid2,"[0.5, 0.5]",8,3,2,0.1,0.1,0.14027433826049823,0.01753429228256228,0.37980942413799335,0.7952214010120977,1.2000000000000002,,31.60833664851811,0.0037901999967289157,cpu
4794238c8fafb42c,EXP-07,17,midpoint,grid0,"[0.0, 1.0]",8,2,2,0.1,0.1,0.10990467392321654,0.013738084240402067,0.516784555650281,0.7730364393733018,1.2000000000000002,,24.96858303219307,0.0036322999985713977,cpu
5612a309a814d9bd,EXP-07,18,midpoint,grid3,"[0.75, 0.25]",8,3,2,0.1,0.1,0.16752659291599023,0.02094082411449878,0.4034999795683832,0.7689386315661775,1.2000000000000002,,32.09496944988422,0.0036163000004307833,cpu
5b35adcc067651fb,EXP-07,17,midpoint,grid3,"[0.75, 0.25]",8,3,2,0.1,0.1,0.19951873089145014,0.024939841361431268,0.46943285962984627,0.8045215080579624,1.2000000000000002,,33.558041053323485,0.004124399998545414,cpu
67615d7254a81a33,EXP-07,18,midpoint,grid2,"[0.5, 0.5]",8,2,2,0.1,0.1,0.0860381278964759,0.010754765987059487,0.4002064189271739,0.7776447228680821,1.2000000000000002,,22.91236154031281,0.003981499998189975,cpu
717ee13072726f24,EXP-07,17,midpoint,grid3,"[0.75, 0.25]",8,2,2,0.1,0.1,0.22253937425147166,0.027817421781433958,0.4554434058688121,0.8424728281662935,1.2000000000000002,,23.95365084657965,0.0034577000005810987,cpu
784b491618eb1157,EXP-07,17,midpoint,grid2,"[0.5, 0.5]",8,2,2,0.1,0.1,0.150163398110345,0.018770424763793123,0.4128243137240425,0.7999999999999999,1.2000000000000002,,23.157771791823837,0.0030951000007917173,cpu
7db3d2c46507e7d2,EXP-07,18,midpoint,grid0,"[0.0, 1.0]",8,2,2,0.1,0.1,0.25901761183656685,0.03237720147957086,0.4726495081017702,0.710645534781491,1.2000000000000002,,24.12598734236269,0.00407679999989341,cpu
8054053c4e097916,EXP-07,17,midpoint,grid4,"[1.0, 0.0]",8,3,2,0.1,0.1,0.329342311247162,0.04116778890589525,0.6533292325970131,0.8039852634074447,1.2000000000000002,,37.538978075007584,0.0031649000011384487,cpu
970e173115f45d29,EXP-07,17,midpoint,grid1,"[0.25, 0.75]",8,3,2,0.1,0.1,0.15160913335430645,0.018951141669288307,0.45619638950768143,0.7760849422698507,1.2000000000000002,,33.24302650297967,0.003239199999370612,cpu
b4ee757a51b4f7b9,EXP-07,18,midpoint,grid1,"[0.25, 0.75]",8,3,2,0.1,0.1,0.27778955999134647,0.03472369499891831,0.458021701366053,0.7449003971384002,1.2000000000000002,,33.25136111882769,0.0033932000005734153,cpu
c0a8f8cc09b66498,EXP-07,18,midpoint,grid4,"[1.0, 0.0]",8,2,2,0.1,0.1,0.14482577263072322,0.018103221578840402,0.48177222818120585,0.7550540587267517,1.2000000000000002,,24.331664297083844,0.0033524999998917338,cpu
c305927ea58de06b,EXP-07,17,midpoint,grid1,"[0.25, 0.75]",8,2,2,0.1,0.1,0.11261849800092659,0.014077312250115824,0.43643075979326806,0.7768545370690028,1.2000000000000002,,23.551933281274433,0.0030449999976553954,cpu
c942376771fbf937,EXP-07,17,midpoint,grid0,"[0.0, 1.0]",8,3,2,0.1,0.1,0.23352311617287477,0.029190389521609347,0.6354400658514325,0.7471121318312214,1.2000000000000002,,37.09479312207614,0.0033721999971021432,cpu
d6d71a69aef0c84d,EXP-07,18,midpoint,grid0,"[0.0, 1.0]",8,3,2,0.1,0.1,0.43444188938942985,0.05430523617367873,0.6540792442121296,0.7227388574925515,1.2000000000000002,,37.47396989688829,0.0032998999995470513,cpu
d90cc7be3d811493,EXP-07,18,midpoint,grid2,"[0.5, 0.5]",8,3,2,0.1,0.1,0.18881779450019986,0.023602224312524983,0.3461872133703732,0.7603003218296088,1.2000000000000002,,30.84547335293178,0.003840400000626687,cpu
dd338a32e17ff81c,EXP-07,17,midpoint,grid4,"[1.0, 0.0]",8,2,2,0.1,0.1,0.32974642642430674,0.04121830330303834,0.5472717605818542,0.904273021567883,1.2000000000000002,,25.63876234805113,0.0035033000021940097,cpu
fa58078e06f43e30,EXP-07,18,midpoint,grid3,"[0.75, 0.25]",8,2,2,0.1,0.1,0.08646105917930726,0.010807632397413407,0.4233471374694476,0.7775481223259071,1.2000000000000002,,23.32133891483991,0.0030521999979100656,cpu
fcff520d59dbf21a,EXP-07,18,midpoint,grid4,"[1.0, 0.0]",8,3,2,0.1,0.1,0.21391595523871773,0.026739494404839716,0.6058282462684753,0.7708153263481061,1.2000000000000002,,36.477381616314965,0.0031415000012202654,cpu
55da1a786286242b,EXP-08,18,parallel,front_grid,null,8,1,2,0.1,0.1,,,,,,0.11063323813811397,88.64459581126522,0.12524320000011357,cpu
c60adc01900c6665,EXP-08,17,parallel,front_grid,null,8,1,2,0.1,0.1,,,,,,0.22555579529554518,89.5157046668266,0.11291689999779919,cpu
017dcc37437e3838,EXP-09,17,upper,grid1,"[0.25, 0.75]",8,2,2,0.1,0.1,0.11032172857591947,0.013790216071989934,0.43643075979326806,0.7763390332690925,1.2000000000000002,,23.551417777474523,0.003755400000954978,cpu
01f51fdd7ef96ff5,EXP-09,18,upper,grid4,"[1.0, 0.0]",8,2,2,0.1,0.1,0.13060164613260367,0.016325205766575458,0.48177222818120585,0.7529920435271101,1.2000000000000002,,24.329602281884203,0.003548399999999674,cpu
02f39a56944b1ebd,EXP-09,18,midpoint,grid1,"[0.25, 0.75]",8,2,2,0.1,0.1,0.1435569787822291,0.017944622347778636,0.41701768034485254,0.7553438603532766,1.2000000000000002,,23.18724460151651,0.004205699999147328,cpu
05666a14fdd15fa4,EXP-09,17,midpoint,grid2,"[0.5, 0.5]",8,2,2,0.1,0.1,0.150163398110345,0.018770424763793123,0.4128243137240425,0.7999999999999999,1.2000000000000002,,23.157771791823837,0.003823699997155927,cpu
0791744cb082ab9f,EXP-09,18,upper,grid0,"[0.0, 1.0]",8,2,2,0.1,0.1,0.2562283532364575,0.032028544154557186,0.4726495081017702,0.7085835195818494,1.2000000000000002,,24.12392532716305,0.0035642000002553686,cpu
07ea9c55cb9b2147,EXP-09,17,midpoint,grid3,"[0.75, 0.25]",8,2,2,0.1,0.1,0.22253937425147166,0.027817421781433958,0.4554434058688121,0.8424728281662935,1.2000000000000002,,23.95365084657965,0.004012499997770647,cpu
0a16db954f881641,EXP-09,17,static,grid3,"[0.75, 0.25]",8,2,2,0.1,0.1,0.41333083185047026,0.05166635398130878,0.4554434058688121,0.8298996213823476,1.2000000000000002,,23.941077639795704,0.002945799998997245,cpu
0fa4ac62b75de2cc,EXP-09,18,static,grid4,"[1.0, 0.0]",8,2,2,0.1,0.1,0.22912783277278959,0.028640979096598698,0.48177222818120585,0.7631891089929358,1.2000000000000002,,24.339799347350027,0.003031599997484591,cpu
119442d38d1149c7,EXP-09,17,lower,grid2,"[0.5, 0.5]",8,2,2,0.1,0.1,0.150163398110345,0.018770424763793123,0.4128243137240425,0.7999999999999999,1.2000000000000002,,23.157771791823837,0.0034588999988045543,cpu
16dba8bbdedcbf07,EXP-09,18,midpoint,grid4,"[1.0, 0.0]",8,2,2,0.1,0.1,0.14482577263072322,0.018103221578840402,0.48177222818120585,0.7550540587267517,1.2000000000000002,,24.331664297083844,0.0035123000016028527,cpu
21c6fe88d17fa1c7,EXP-09,18,upper,grid1,"[0.25, 0.75]",8,2,2,0.1,0.1,0.14221092927983064,0.01777636615997883,0.41701768034485254,0.7540551008535008,1.2000000000000002,,23.18595584201673,0.003737600000022212,cpu
22ed608e8400aaf6,EXP-09,17,lower,grid4,"[1.0, 0.0]",8,2,2,0.1,0.1,0.31899505783439613,0.03987438222929952,0.5472717605818542,0.9063350367675246,1.2000000000000002,,25.640824363250776,0.003282900001067901,cpu
23e64a38fe7c4954,EXP-09,17,upper,grid2,"[0.5, 0.5]",8,2,2,0.1,0.1,0.150163398110345,0.018770424763793123,0.4128243137240425,0.7999999999999999,1.2000000000000002,,23.157771791823837,0.003272999998443993,cpu
28c71e5b95b7569e,EXP-09,18,upper,grid2,"[0.5, 0.5]",8,2,2,0.1,0.1,0.08326733677697945,0.010408417097122431,0.4002064189271739,0.7766137152682614,1.2000000000000002,,22.911330532712988,0.003636099998402642,cpu
3013a942d34493a4,EXP-09,18,lower,grid1,"[0.25, 0.75]",8,2,2,0.1,0.1,0.14560087350728063,0.018200109188410078,0.41701768034485254,0.7566326198530527,1.2000000000000002,,23.188533361016287,0.003619399998569861,cpu
45f033349a7fba30,EXP-09,18,midpoint,grid3,"[0.75, 0.25]",8,2,2,0.1,0.1,0.08646105917930726,0.010807632397413407,0.4233471374694476,0.7775481223259071,1.2000000000000002,,23.32133891483991,0.003498800000670599,cpu
49863866b2ac807c,EXP-09,17,midpoint,grid0,"[0.0, 1.0]",8,2,2,0.1,0.1,0.10990467392321654,0.013738084240402067,0.516784555650281,0.7730364393733018,1.2000000000000002,,24.96858303219307,0.003389599998627091,cpu
6966ca1a08a56fff,EXP-09,17,midpoint,grid4,"[1.0, 0.0]",8,2,2,0.1,0.1,0.32974642642430674,0.04121830330303834,0.5472717605818542,0.904273021567883,1.2000000000000002,,25.63876234805113,0.0033928000011655968,cpu
6ddaeb6593145adc,EXP-09,17,upper,grid4,"[1.0, 0.0]",8,2,2,0.1,0.1,0.3416143473704622,0.042701793421307775,0.5472717605818542,0.9022110063682415,1.2000000000000002,,25.63670033285149,0.003428600000916049,cpu
88ebaf9bdeba7b91,EXP-09,18,static,grid0,"[0.0, 1.0]",8,2,2,0.1,0.1,0.4631686397891962,0.057896079973649525,0.4726495081017702,0.741354824603412,1.2000000000000002,,24.156696632184612,0.002958299999590963,cpu
9451edef99d0b6bf,EXP-09,17,static,grid4,"[1.0, 0.0]",8,2,2,0.1,0.1,0.6189418852347701,0.07736773565434626,0.5472717605818542,0.8734101701628796,1.2000000000000002,,25.60789949664613,0.0034457000001566485,cpu
9c28e92743e6c34d,EXP-09,17,upper,grid3,"[0.75, 0.25]",8,2,2,0.1,0.1,0.2272609377085259,0.028407617213565738,0.4554434058688121,0.8419573243663829,1.2000000000000002,,23.95313534277974,0.003245800002332544,cpu
a1f4dc36b04fbc9f,EXP-09,17,lower,grid0,"[0.0, 1.0]",8,2,2,0.1,0.1,0.11318997109742862,0.014148746387178578,0.516784555650281,0.7750984545729434,1.2000000000000002,,24.97064504739271,0.004066500001499662,cpu
a2d5ae6c96df383b,EXP-09,18,lower,grid2,"[0.5, 0.5]",8,2,2,0.1,0.1,0.08936719519409486,0.011170899399261858,0.4002064189271739,0.778675730467903,1.2000000000000002,,22.91339254791263,0.0033063000009860843,cpu
a722247fbfa34812,EXP-09,17,static,grid0,"[0.0, 1.0]",8,2,2,0.1,0.1,0.11655711798653778,0.014569639748317223,0.516784555650281,0.781033539429858,1.2000000000000002,,24.976580132249623,0.003220600003260188,cpu
b9ef5422d5cac512,EXP-09,17,midpoint,grid1,"[0.25, 0.75]",8,2,2,0.1,0.1,0.11261849800092659,0.014077312250115824,0.43643075979326806,0.7768545370690028,1.2000000000000002,,23.551933281274433,0.0033570000014151447,cpu
bd6d069add23097f,EXP-09,18,midpoint,grid0,"[0.0, 1.0]",8,2,2,0.1,0.1,0.25901761183656685,0.03237720147957086,0.4726495081017702,0.710645534781491,1.2000000000000002,,24.12598734236269,0.028386399997543776,cpu
bf042992e3ad9c6b,EXP-09,18,static,grid1,"[0.25, 0.75]",8,2,2,0.1,0.1,0.2299408503706652,0.02874260629633315,0.41701768034485254,0.7706142617491717,1.2000000000000002,,23.202515002912403,0.0027521999982127454,cpu
c103d57213cbf3aa,EXP-09,18,lower,grid3,"[0.75, 0.25]",8,2,2,0.1,0.1,0.09422238785336388,0.011777798481670486,0.4233471374694476,0.7788368818256831,1.2000000000000002,,23.322627674339685,0.003879099996993318,cpu
cfad7ce7ea918cff,EXP-09,18,lower,grid0,"[0.0, 1.0]",8,2,2,0.1,0.1,0.2629234227929213,0.03286542784911516,0.4726495081017702,0.7127075499811325,1.2000000000000002,,24.128049357562332,0.003443200002948288,cpu
d21a77601afe4ae5,EXP-09,17,static,grid2,"[0.5, 0.5]",8,2,2,0.1,0.1,0.26106301951433164,0.032632877439291455,0.4128243137240425,0.7999999999999999,1.2000000000000002,,23.157771791823837,0.003035599998838734,cpu
d3b3c32397b4a7c5,EXP-09,17,upper,grid0,"[0.0, 1.0]",8,2,2,0.1,0.1,0.10773592910524943,0.013466991138156179,0.516784555650281,0.7709744241736601,1.2000000000000002,,24.966521016993426,0.0037093999999342486,cpu
dcd6faccabb3ac72,EXP-09,17,static,grid1,"[0.25, 0.75]",8,2,2,0.1,0.1,0.16213844822635415,0.02026730602829427,0.43643075979326806,0.7837113060158367,1.2000000000000002,,23.558790050221265,0.002843300000677118,cpu
dd80aed60cbf5bd7,EXP-09,18,static,grid3,"[0.75, 0.25]",8,2,2,0.1,0.1,0.11292044686246192,0.01411505585780774,0.4233471374694476,0.7815314039439336,1.2000000000000002,,23.325322196457936,0.0029872999984945636,cpu
e5dab3f444c793dc,EXP-09,17,lower,grid3,"[0.75, 0.25]",8,2,2,0.1,0.1,0.21809694888347872,0.02726211861043484,0.4554434058688121,0.8429883319662038,1.2000000000000002,,23.95416635037956,0.0032623000006424263,cpu
ef1d22d209f34fc7,EXP-09,17,lower,grid1,"[0.25, 0.75]",8,2,2,0.1,0.1,0.11519440551499496,0.01439930068937437,0.43643075979326806,0.7773700408689133,1.2000000000000002,,23.552448785074343,0.003243399998609675,cpu
f4d6ae62a2c25c71,EXP-09,18,upper,grid3,"[0.75, 0.25]",8,2,2,0.1,0.1,0.07939757572790379,0.009924696965987974,0.4233471374694476,0.7762593628261312,1.2000000000000002,,23.320050155340134,0.0038320999992720317,cpu
f5360599fa176489,EXP-09,18,static,grid2,"[0.5, 0.5]",8,2,2,0.1,0.1,0.11319145272842046,0.014148931591052558,0.4002064189271739,0.7840064548626788,1.2000000000000002,,22.918723272307403,0.003553399998054374,cpu
f6c8d9e3913bb07a,EXP-09,18,lower,grid4,"[1.0, 0.0]",8,2,2,0.1,0.1,0.1601664514850878,0.020020806435635974,0.48177222818120585,0.7571160739263932,1.2000000000000002,,24.333726312283485,0.0035092999969492666,cpu
faf208d64be1959d,EXP-09,18,midpoint,grid2,"[0.5, 0.5]",8,2,2,0.1,0.1,0.0860381278964759,0.010754765987059487,0.4002064189271739,0.7776447228680821,1.2000000000000002,,22.91236154031281,0.0035184000007575378,cpu
