experiment_id,algorithm,horizon,dimension,objectives,drift,width,worst_preference_id,worst_mean_regret,preferences_compared
EXP-01,midpoint,8,2,2,0.1,0.0,grid4,0.20417451977813683,5
EXP-02,midpoint,8,2,2,0.1,0.1,grid4,0.23728609952751498,5
EXP-02,midpoint,8,2,2,0.1,0.0,grid4,0.20417451977813683,5
EXP-03,midpoint,8,2,2,0.0,0.1,grid4,0.14807867007277326,5
EXP-03,midpoint,8,2,2,0.1,0.1,grid4,0.23728609952751498,5
EXP-04,midpoint,8,2,2,0.1,0.1,grid4,0.23728609952751498,5
EXP-04,midpoint,16,2,2,0.1,0.1,grid4,0.31474266859926603,5
EXP-05,midpoint,8,2,2,0.0,0.1,grid4,0.14807867007277326,5
EXP-05,midpoint,8,2,2,0.0,0.0,grid4,0.11613387463346483,5
EXP-05,midpoint,8,2,2,0.1,0.0,grid4,0.20417451977813683,5
EXP-05,midpoint,8,2,2,0.1,0.1,grid4,0.23728609952751498,5
EXP-06,midpoint,8,2,2,0.1,0.1,grid4,0.23728609952751498,5
EXP-06,midpoint,8,2,3,0.1,0.1,vertex0,0.20290586556723042,5
EXP-07,midpoint,8,2,2,0.1,0.1,grid4,0.23728609952751498,5
EXP-07,midpoint,8,3,2,0.1,0.1,grid0,0.3339825027811523,5
EXP-09,upper,8,2,2,0.1,0.1,grid4,0.23610799675153293,5
EXP-09,midpoint,8,2,2,0.1,0.1,grid4,0.23728609952751498,5
EXP-09,static,8,2,2,0.1,0.1,grid4,0.42403485900377985,5
EXP-09,lower,8,2,2,0.1,0.1,grid4,0.23958075465974196,5
