beta,s,pair_grid_checks,smallest_endpoint_prior_excess,smallest_prior_excess_over_width
0.0,0.001953125,121,0.00024254545569419098,0.04967330932617031
0.0,0.00390625,121,0.0004816603660583556,0.04932202148437561
0.0,0.0078125,121,0.0009481430053710979,0.048544921875000216
0.0,0.015625,121,0.001845703125000004,0.047250000000000104
0.5,0.001953125,121,0.00024800796757881195,0.03652450691610177
0.5,0.00390625,121,0.0004924782036192701,0.036263704960279475
0.5,0.0078125,121,0.0009692545680991486,0.03568442670174704
0.5,0.015625,121,0.0018688320841523266,0.0343972699924892
1.0,0.001953125,121,0.0002534206727697781,0.02913702820231126
1.0,0.00390625,121,0.0005031842506962661,0.02892641937237029
1.0,0.0078125,121,0.0009900882940035403,0.028457008784295384
1.0,0.015625,121,0.00190160931788513,0.02732230600316139
2.0,0.001953125,121,0.0002641082935171384,0.021107924460855826
2.0,0.00390625,121,0.0005242877941580744,0.020950552742059193
2.0,0.0078125,121,0.0010309914720471047,0.02059775009608964
2.0,0.015625,121,0.0019764554105299002,0.019737749605255244
