beta,s,nu_over_m_s_s,h_star,oracle_floor,common_width,U_T,worst_blind_excess,worst_feedback_excess,feedback_to_blind,feedback_bound
0.0,0.001953125,0.0,0.031249999999999993,0.0087890625,0.0048828125,0.625,0.04736328125,0.000370025634765625,0.0078125,0.00390625
0.0,0.001953125,0.1,0.031249999999999993,0.0087890625,0.0048828125,0.625,0.04736328125,0.00502280320968157,0.10604846364358614,0.053515625000000004
0.0,0.001953125,0.5,0.031249999999999993,0.0087890625,0.0048828125,0.625,0.04736328125,0.023671648504549253,0.4997890323434729,0.251953125
0.0,0.001953125,1.0,0.031249999999999993,0.0087890625,0.0048828125,0.625,0.04736328125,0.04706655282025829,0.9937350533596802,0.5
0.0,0.00390625,0.0,0.031249999999999993,0.0087890625,0.009765625,1.25,0.095703125,0.0007476806640625,0.0078125,0.0078125
0.0,0.00390625,0.1,0.031249999999999993,0.0087890625,0.009765625,1.25,0.095703125,0.01005687275807252,0.10508405820679857,0.10703125000000001
0.0,0.00390625,0.5,0.031249999999999993,0.0087890625,0.009765625,1.25,0.095703125,0.0474404517370301,0.49570431202774307,0.50390625
0.0,0.00390625,1.0,0.031249999999999993,0.0087890625,0.009765625,1.25,0.095703125,0.09449207220051056,0.9873457340134981,1.0
0.0,0.0078125,0.0,0.031249999999999993,0.0087890625,0.01953125,2.5,0.1953125,0.00152587890625,0.0078125,0.015625
0.0,0.0078125,0.1,0.031249999999999993,0.0087890625,0.01953125,2.5,0.1953125,0.020157803235832703,0.10320795256746344,0.21406250000000002
0.0,0.0078125,0.5,0.031249999999999993,0.0087890625,0.01953125,2.5,0.1953125,0.09523921568965504,0.48762478433103384,1.0078125
0.0,0.0078125,1.0,0.031249999999999993,0.0087890625,0.01953125,2.5,0.1953125,0.19027574560735624,0.974211817509664,2.0
0.0,0.015625,0.0,0.031249999999999993,0.0087890625,0.0390625,5.0,0.40625,0.003173828125,0.0078125,0.03125
0.0,0.015625,0.1,0.031249999999999993,0.0087890625,0.0390625,5.0,0.40625,0.040483079579900036,0.09965065742744625,0.42812500000000003
0.0,0.015625,0.5,0.031249999999999993,0.0087890625,0.0390625,5.0,0.40625,0.19165851290407496,0.471774800994646,2.015625
0.0,0.015625,1.0,0.031249999999999993,0.0087890625,0.0390625,5.0,0.40625,0.3845692698358299,0.9466320488266582,4.0
0.5,0.001953125,0.0,0.03098033848438707,0.00887876687083976,0.006790179759263992,0.869143009185791,0.047926793690178604,0.00037442807570474065,0.007812500000004597,0.0078125
0.5,0.001953125,0.1,0.03098033848438707,0.00887876687083976,0.006790179759263992,0.869143009185791,0.047926793690178604,0.005081764379953618,0.1060318036880276,0.10703125000000001
0.5,0.001953125,0.5,0.03098033848438707,0.00887876687083976,0.006790179759263992,0.869143009185791,0.047926793690178604,0.023947847444653718,0.4996755593429408,0.50390625
0.5,0.001953125,1.0,0.03098033848438707,0.00887876687083976,0.006790179759263992,0.869143009185791,0.047926793690178604,0.04761203510155225,0.9934325131228035,1.0
0.5,0.00390625,0.0,0.03098033848438707,0.00887876687083976,0.013580471277236938,1.7383003234863281,0.09685713643758764,0.0007566963784188738,0.007812500000002274,0.015625
0.5,0.00390625,0.1,0.03098033848438707,0.00887876687083976,0.013580471277236938,1.7383003234863281,0.09685713643758764,0.010174910899304695,0.10505070946280926,0.21406250000000002
0.5,0.00390625,0.5,0.03098033848438707,0.00887876687083976,0.013580471277236938,1.7383003234863281,0.09685713643758764,0.04799065954661899,0.4954788187191864,1.0078125
0.5,0.00390625,1.0,0.03098033848438707,0.00887876687083976,0.013580471277236938,1.7383003234863281,0.09685713643758764,0.09557352737584988,0.9867473981892404,2.0
0.5,0.0078125,0.0,0.03098033848438707,0.00887876687083976,0.027161836624145508,3.476715087890625,0.19773292944483578,0.0015447885112879998,0.007812500000001114,0.03125
0.5,0.0078125,0.1,0.03098033848438707,0.00887876687083976,0.027161836624145508,3.476715087890625,0.19773292944483578,0.020394402467215987,0.10314115369896286,0.42812500000000003
0.5,0.0078125,0.5,0.03098033848438707,0.00887876687083976,0.027161836624145508,3.476715087890625,0.19773292944483578,0.09633146673845114,0.48717968731316463,2.015625
0.5,0.0078125,1.0,0.03098033848438707,0.00887876687083976,0.027161836624145508,3.476715087890625,0.19773292944483578,0.19240267393869528,0.973043157145823,4.0
0.5,0.015625,0.0,0.03098033848438707,0.00887876687083976,0.05433082580566406,6.954345703125,0.4115774195917805,0.0032154485905610056,0.007812500000000536,0.0625
0.5,0.015625,0.1,0.03098033848438707,0.00887876687083976,0.05433082580566406,6.954345703125,0.4115774195917805,0.04095885053418397,0.09951675817105966,0.8562500000000001
0.5,0.015625,0.5,0.03098033848438707,0.00887876687083976,0.05433082580566406,6.954345703125,0.4115774195917805,0.19381538226824843,0.470908687022924,4.03125
0.5,0.015625,1.0,0.03098033848438707,0.00887876687083976,0.05433082580566406,6.954345703125,0.4115774195917805,0.38869892996043237,0.9444126705152096,8.0
1.0,0.001953125,0.0,0.03072028854078175,0.008967672340410942,0.008697547018527985,1.113286018371582,0.04849256017510606,0.0003788481263684567,0.007812500000009086,0.01171875
1.0,0.001953125,0.1,0.03072028854078175,0.008967672340410942,0.008697547018527985,1.113286018371582,0.04849256017510606,0.005140957355528825,0.10601538332818249,0.160546875
1.0,0.001953125,0.5,0.03072028854078175,0.008967672340410942,0.008697547018527985,1.113286018371582,0.04849256017510606,0.024225233596802766,0.4995659851599036,0.755859375
1.0,0.001953125,1.0,0.03072028854078175,0.008967672340410942,0.008697547018527985,1.113286018371582,0.04849256017510606,0.04816012495368057,0.993144613932012,1.5
1.0,0.00390625,0.0,0.03072028854078175,0.008967672340410942,0.017395317554473877,2.2266006469726562,0.09801594883417186,0.0007657496002674083,0.007812500000004495,0.0234375
1.0,0.00390625,0.1,0.03072028854078175,0.008967672340410942,0.017395317554473877,2.2266006469726562,0.09801594883417186,0.010293423991029838,0.10501784774276635,0.32109375
1.0,0.00390625,0.5,0.03072028854078175,0.008967672340410942,0.017395317554473877,2.2266006469726562,0.09801594883417186,0.048543475593720554,0.4952609873302228,1.51171875
1.0,0.00390625,1.0,0.03072028854078175,0.008967672340410942,0.017395317554473877,2.2266006469726562,0.09801594883417186,0.09666115185219833,0.9861777904709605,3.0
1.0,0.0078125,0.0,0.03072028854078175,0.008967672340410942,0.034792423248291016,4.45343017578125,0.2001641560939489,0.0015637824694844163,0.007812500000002201,0.046875
1.0,0.0078125,0.1,0.03072028854078175,0.008967672340410942,0.034792423248291016,4.45343017578125,0.2001641560939489,0.02063199304905538,0.10307536300041434,0.6421875
1.0,0.0078125,0.5,0.03072028854078175,0.008967672340410942,0.034792423248291016,4.45343017578125,0.2001641560939489,0.097429782834581,0.48674939977191234,3.0234375
1.0,0.0078125,1.0,0.03072028854078175,0.008967672340410942,0.034792423248291016,4.45343017578125,0.2001641560939489,0.19454548373188688,0.9719296777619624,6.0
1.0,0.015625,0.0,0.03072028854078175,0.008967672340410942,0.06959915161132812,8.90869140625,0.4169314052035229,0.0032572766031529633,0.007812500000001056,0.09375
1.0,0.015625,0.1,0.03072028854078175,0.008967672340410942,0.06959915161132812,8.90869140625,0.4169314052035229,0.04143674155828036,0.09938503322399815,1.284375
1.0,0.015625,0.5,0.03072028854078175,0.008967672340410942,0.06959915161132812,8.90869140625,0.4169314052035229,0.1959870962961375,0.47007036133549934,6.046875
1.0,0.015625,1.0,0.03072028854078175,0.008967672340410942,0.06959915161132812,8.90869140625,0.4169314052035229,0.39287208090835435,0.9422942863144979,12.0
2.0,0.001953125,0.0,0.03022691131772838,0.00914328877100656,0.01251228153705597,1.601572036743164,0.04963067300002599,0.0003877396328129234,0.00781250000000444,0.01953125
2.0,0.001953125,0.1,0.03022691131772838,0.00914328877100656,0.01251228153705597,1.601572036743164,0.04963067300002599,0.00526002043176501,0.1059832582113536,0.267578125
2.0,0.001953125,0.5,0.03022691131772838,0.00914328877100656,0.01251228153705597,1.601572036743164,0.04963067300002599,0.02478345099147359,0.4993575443045193,1.259765625
2.0,0.001953125,1.0,0.03022691131772838,0.00914328877100656,0.01251228153705597,1.601572036743164,0.04963067300002599,0.049263816134538105,0.9926082633316761,2.5
2.0,0.00390625,0.0,0.03022691131772838,0.00914328877100656,0.025025010108947754,3.2032012939453125,0.10034755611172574,0.0007839652821230777,0.007812500000002196,0.0390625
2.0,0.00390625,0.1,0.03022691131772838,0.00914328877100656,0.025025010108947754,3.2032012939453125,0.10034755611172574,0.010531835259825153,0.10495358001642946,0.53515625
2.0,0.00390625,0.5,0.03022691131772838,0.00914328877100656,0.025025010108947754,3.2032012939453125,0.10034755611172574,0.049656626967440984,0.49484640076489655,2.51953125
2.0,0.00390625,1.0,0.03022691131772838,0.00914328877100656,0.025025010108947754,3.2032012939453125,0.10034755611172574,0.09885398197065703,0.9851159888796317,5.0
2.0,0.0078125,0.0,0.03022691131772838,0.00914328877100656,0.05005359649658203,6.4068603515625,0.2050579319897452,0.0016020150936701047,0.007812500000001074,0.078125
2.0,0.0078125,0.1,0.03022691131772838,0.00914328877100656,0.05005359649658203,6.4068603515625,0.2050579319897452,0.02111005744779048,0.10294679773151218,1.0703125
2.0,0.0078125,0.5,0.03022691131772838,0.00914328877100656,0.05005359649658203,6.4068603515625,0.2050579319897452,0.09964373762525851,0.48592969147002624,5.0390625
2.0,0.0078125,1.0,0.03022691131772838,0.00914328877100656,0.05005359649658203,6.4068603515625,0.2050579319897452,0.19887573835914313,0.9698514777233234,10.0
2.0,0.015625,0.0,0.03022691131772838,0.00914328877100656,0.10013580322265625,12.8173828125,0.4277159843916145,0.0033415311280597087,0.007812500000000515,0.15625
2.0,0.015625,0.1,0.03022691131772838,0.00914328877100656,0.10013580322265625,12.8173828125,0.4277159843916145,0.04239866677592998,0.09912808574652189,2.140625
2.0,0.015625,0.5,0.03022691131772838,0.00914328877100656,0.10013580322265625,12.8173828125,0.4277159843916145,0.2003724739250425,0.4684708573846109,10.078125
2.0,0.015625,1.0,0.03022691131772838,0.00914328877100656,0.10013580322265625,12.8173828125,0.4277159843916145,0.40133881415008166,0.9383301742181746,20.0
