batch,n0,n1,observed_weighted_action,observed_weighted_comparator,risk_radius_at_action,gap_radius_at_action,weighted_transfer_radius,gradient_squared_norm
1,132,124,0.7045177444479562,0.7045177444479562,0.0,0.0,0.0,2.803336683731657
2,154,102,0.5822065308453449,0.7045177444479562,0.05248128768513521,0.16643457559250235,0.06695021648698352,1.6569003622002951
3,118,138,0.50262792994821,0.7045177444479562,0.09277025198454023,0.2906544591891223,0.11781437046600053,1.1234128466485822
4,122,134,0.4439643851442362,0.7045177444479562,0.12592878218396758,0.39609589569389936,0.16015741010125897,0.8171908950399223
5,138,118,0.385034999133678,0.7045177444479562,0.15412881947187854,0.48640918685355544,0.19626443360553614,0.7066521611678722
6,148,108,0.3784868032028293,0.7045177444479562,0.1803213762663879,0.5737885827360788,0.23032538842352213,0.3962881408109491
7,119,137,0.37505286911628677,0.7045177444479562,0.19976695806554862,0.6310624811861856,0.25447293863036674,0.25488135206426643
8,123,133,0.3766987949240924,0.7045177444479562,0.2151849694891418,0.6785779107896863,0.27393466220976637,0.1639860714058247
9,136,120,0.32314796518115796,0.7045177444479562,0.22735008917147537,0.7176263668265744,0.2895240263611665,0.23218932551226776
10,140,116,0.3225251783055448,0.7045177444479562,0.24202981605051344,0.7651556071721449,0.3083971939162325,0.16290184662536375
11,144,112,0.33867072064811665,0.7045177444479562,0.25415956269320944,0.8055712649862813,0.32416333990250973,0.09598129761371733
12,114,142,0.31508676060794305,0.7045177444479562,0.26314776884143304,0.8327265757379856,0.3354272014338443,0.10531402874981552
13,120,136,0.3485145058005945,0.7045177444479562,0.2726484896570229,0.8602042690204671,0.34714943207868837,0.0494800398304959
14,115,141,0.3033846735452404,0.7045177444479562,0.2785575431635978,0.8807837904741892,0.35496360310200664,0.09117885116244683
15,142,114,0.3251296333242204,0.7045177444479562,0.28725918057000893,0.9082678080761126,0.366047515667424,0.05140749011901176
16,141,115,0.29816039828053276,0.7045177444479562,0.2933162980913652,0.9263258925967011,0.37360192236259737,0.167675854435363
17,113,143,0.35472811448460617,0.7045177444479562,0.3039249205465405,0.9555793846797376,0.38647684413919303,0.07986250618101362
18,154,102,0.32796786516143284,0.7045177444479562,0.31025175642395275,0.981594149891736,0.3954405276229226,0.0959167405870879
19,186,70,0.33413497569792433,0.7045177444479562,0.3173262323270952,1.0728426935571482,0.41478738989524844,0.06641560036546768
20,162,94,0.3496963941705693,0.7045177444479562,0.32296418304854796,1.0252342109529615,0.4121564780817826,0.04029762248879496
21,170,86,0.3221770698993942,0.7045177444479562,0.326898700909857,1.0512201599954634,0.4192019847272051,0.056396423390793954
22,178,78,0.3657004342523743,0.7045177444479562,0.3319551777706817,1.0852974987453974,0.42835876702835496,0.02121826160572427
23,176,80,0.33829822080860905,0.7045177444479562,0.3339349165045779,1.0843839692136161,0.42980552858570475,0.03253022149846925
24,166,90,0.3032070214681861,0.7045177444479562,0.3372143740590577,1.0684339975946098,0.43003659888643764,0.05422324493374174
25,163,93,0.37612641088155196,0.7045177444479562,0.34213829507730176,1.0749377163743348,0.43495129351799167,0.01429495121329315
26,161,95,0.40942227210098625,0.7045177444479562,0.3426172226901085,1.0720558083436968,0.43490214940364136,0.015251213141192288
27,172,84,0.28611890972367676,0.7045177444479562,0.3412756858941679,1.0913911933541527,0.43672922771845724,0.06102623155138583
28,180,76,0.3951542805003303,0.7045177444479562,0.3466199118458787,1.1281552360375127,0.4465192148823298,0.014081018875326383
29,170,86,0.3592721351208056,0.7045177444479562,0.34565342832458235,1.0969301105087739,0.44106225923598197,0.015438520434789259
30,160,96,0.37258378842872014,0.7045177444479562,0.34661447422217107,1.0786484566133914,0.43908884786974556,0.013250578281468242
31,172,84,0.32272308953940815,0.7045177444479562,0.3466185321237302,1.1033873429532695,0.44280292714197456,0.02544423416171702
32,165,91,0.2923698191122184,0.7045177444479562,0.34922328575845935,1.0937430096433833,0.44344008005327495,0.038700307057533946
33,180,76,0.32703593166633926,0.7045177444479562,0.35309870595868903,1.1431813684206427,0.4539561700300476,0.01830560943737072
34,91,165,0.3196713154778817,0.7045177444479562,0.35473353634902804,1.10734403606748,0.44988843448934446,0.01960787413490136
35,78,178,0.325205574034545,0.7045177444479562,0.35657486551497314,1.145021555962791,0.4570131258063972,0.01685536202202679
36,47,209,0.36930094455515394,0.7045177444479562,0.35796313895839094,1.3121685765160058,0.4831957976441136,0.013467288836215098
37,45,211,0.28894250460539433,0.7045177444479562,0.3570464730332636,1.3261557703614044,0.4845605439808216,0.03134339133237039
38,71,185,0.29452055201140404,0.7045177444479562,0.3602637211662846,1.177635770812776,0.46485634255494407,0.024802110783422197
39,146,110,0.3095905115120172,0.7045177444479562,0.3628187344032602,1.0970578269918037,0.4548136615713787,0.017765385993242053
40,157,99,0.32121509647619917,0.7045177444479562,0.36432912658746053,1.113551176619346,0.4584959777628703,0.014132912483037682
41,154,102,0.26082641091795433,0.7045177444479562,0.36511371106331686,1.110678023683438,0.4586926724031692,0.035902727686336754
42,116,140,0.27801975600448625,0.7045177444479562,0.3687612499858736,1.1054112290967353,0.4608206843532092,0.13508144580764828
43,85,171,0.4004762507137285,0.7045177444479562,0.3736813878720465,1.1566943365213977,0.47244926077584687,0.012749644480314045
44,120,136,0.34298727218716374,0.7045177444479562,0.373441627047988,1.1056692008995694,0.46460368177332584,0.033057478284865764
45,121,135,0.32130849668644834,0.7045177444479562,0.3757938059470294,1.1077659185700224,0.4667999325431269,0.0431734032241001
46,129,127,0.3263805098601913,0.7045177444479562,0.3787990729047392,1.1102293118791782,0.46957365510566806,0.03393500596593523
47,153,103,0.3248829591279911,0.7045177444479562,0.38122451929880874,1.1291978114586314,0.4743592871578417,0.030627405996625237
48,157,99,0.3574618702054999,0.7045177444479562,0.38341829462571597,1.1373375508402797,0.47733526832661477,0.014886924123019852
49,123,133,0.42441871014163435,0.7045177444479562,0.383933338589405,1.1151698540325998,0.474422148976414,0.021407014332318012
50,141,115,0.2960471441073054,0.7045177444479562,0.3815367867737072,1.1138095162091544,0.47230085685033896,0.04695598106014237
51,157,99,0.31430095556282395,0.7045177444479562,0.3847417835391495,1.1354552448150546,0.4781117135535778,0.029507378648772644
52,147,109,0.25753949925390707,0.7045177444479562,0.3868637510488246,1.124560080013193,0.4781750128410386,0.06869871936303117
53,151,105,0.2469669397671041,0.7045177444479562,0.39108768285395457,1.1343468347624175,0.4830221714975263,0.06627778428044617
54,136,120,0.30876563922876665,0.7045177444479562,0.39521709861999993,1.127255605026987,0.485262019650048,0.01901925211204664
55,116,140,0.2715794573471122,0.7045177444479562,0.39640762048467726,1.1299935090261433,0.48662512274166325,0.03485566347131724
56,137,119,0.30768727241724836,0.7045177444479562,0.39892590592520427,1.1309996037419783,0.48879066530146015,0.016434177279727517
57,131,125,0.26161973733114213,0.7045177444479562,0.399771516467449,1.1290344206892058,0.4891723762773401,0.034624686327187654
58,74,182,0.2746257578233586,0.7045177444479562,0.40227807661387566,1.218380299077501,0.5045795061527256,0.024678713267877683
59,74,182,0.27396557687158374,0.7045177444479562,0.40405763665540284,1.2200334473748076,0.5062511264305434,0.02316410607255098
60,107,149,0.2666180767074832,0.7045177444479562,0.40569482558928105,1.1457771044611358,0.49642242614059523,0.025527393633657115
61,131,125,0.21064039428384265,0.7045177444479562,0.4075023660965844,1.1354816019487508,0.49632413316958013,0.056748779528793605
62,142,114,0.5022577839462204,0.7045177444479562,0.4111909789323381,1.1444565096219703,0.500621259589166,0.14511805676845865
63,82,174,0.38942158576188535,0.7045177444479562,0.4064866619291126,1.2066356911962972,0.5061846832227347,0.6151438335342256
64,113,143,0.3617776534674512,0.7045177444479562,0.4138697470425493,1.129863275096652,0.5005752888985373,0.44059225921768413
65,116,140,0.332954578328393,0.7045177444479562,0.41976258923911847,1.1076953078761806,0.5019643675727219,0.3626161799628509
66,128,128,0.3161470162929474,0.7045177444479562,0.42573043049091075,1.089913377029566,0.5040713509471635,0.2712785289526521
67,126,130,0.2886832425805662,0.7045177444479562,0.43294953632662037,1.0899939192960544,0.5098587169557045,0.25808927492403877
68,174,82,0.3361741243231663,0.7045177444479562,0.43990309197090266,1.147652723868295,0.5240703821569663,0.093083587204826
69,167,89,0.3200788273155553,0.7045177444479562,0.44374075392404566,1.1298499182264572,0.5244700908732051,0.09120980310904839
70,146,110,0.32360372615995625,0.7045177444479562,0.447386521622,1.0961629692646597,0.522333662687299,0.0698734723573791
71,161,95,0.3183972412408853,0.7045177444479562,0.450217506870834,1.1137698867238386,0.527239488505243,0.059183008878833626
72,160,96,0.34019872954687425,0.7045177444479562,0.4529954649356833,1.1114132962187226,0.529108366381355,0.031048750793094763
73,169,87,0.27526223731541005,0.7045177444479562,0.45449684661259343,1.1285957168699146,0.532886834820562,0.08951126992078305
74,119,137,0.3631870919173062,0.7045177444479562,0.45845828451854115,1.0872122192906704,0.5298484605084335,0.014155917066413719
75,100,156,0.29711994625073934,0.7045177444479562,0.45856575875521194,1.1036942547112345,0.5324067452108547,0.04505515650428645
76,87,169,0.2814914900997651,0.7045177444479562,0.46054287497887636,1.126030692379802,0.5373389038400714,0.05201791421162973
77,190,66,1.003624863883625,0.7045177444479562,0.46310486194523126,1.1956064177859798,0.5498248522240821,1.9419840780829343
78,131,125,0.44171387960961617,0.7045177444479562,0.43995409539335045,1.0609188912640954,0.5111011100042947,0.011524183014622009
79,145,111,0.478833457790776,0.7045177444479562,0.43893299918549716,1.0633835715022868,0.5106539350737408,0.019370279281296546
80,127,129,0.5699602200584415,0.7045177444479562,0.43676158837061363,1.053485393483958,0.5074320797190847,0.12059841025329494
81,145,111,0.35185750578166936,0.7045177444479562,0.4309047542053768,1.0561709790490916,0.5031494502216652,0.09683167077433745
82,133,123,0.3740286477511993,0.7045177444479562,0.43433967617151836,1.0463636407019605,0.5044262870425088,0.049672816093222966
83,145,111,0.3671563599295803,0.7045177444479562,0.43650865465950534,1.050972940128335,0.5068528647468545,0.04474529664888921
84,127,129,0.35931028482781385,0.7045177444479562,0.4382612597813376,1.039981075737391,0.5066061691856787,0.042431713584784224
85,142,114,0.4042368777516619,0.7045177444479562,0.4399644852432615,1.0409638901783285,0.5081161717213585,0.013509942814299227
86,133,123,0.9088542709938953,0.7045177444479562,0.439832059473081,1.0334197381233712,0.5068786082969705,1.4317495724357434
87,140,116,0.7692192620771509,0.7045177444479562,0.4214446075360385,1.0336431245789173,0.4922021547156684,0.7429576999290753
88,137,119,0.4570603330931292,0.7045177444479562,0.4096112356824024,1.0392827226899155,0.48358139694940927,0.040451907279603364
89,156,100,0.3542730794782277,0.7045177444479562,0.4106935905547784,1.0497885406415746,0.4860231535400589,0.23324871022684288
90,164,92,0.34292808296625266,0.7045177444479562,0.41587970807499336,1.0544209246748437,0.4908669051612213,0.18033909312459528
91,165,91,0.3348815632440528,0.7045177444479562,0.4211935520623467,1.0541044515959104,0.4950705093892639,0.1421399199955737
92,192,64,0.3113324332239513,0.7045177444479562,0.4257315423526399,1.134728786729679,0.5107945518915638,0.1385443991287179
93,156,100,0.34483045008269986,0.7045177444479562,0.4301478633923084,1.033137192222278,0.49908886954718845,0.05977679765998257
94,178,78,0.30140958419973546,0.7045177444479562,0.43251799559179405,1.0759260728328264,0.5074033073983591,0.09761412889215443
95,178,78,0.28556609360734775,0.7045177444479562,0.4359293821816674,1.0718490771706353,0.5095208673209292,0.10015548441492976
96,187,69,0.2998679953020364,0.7045177444479562,0.43948797285019026,1.0987254633509267,0.5163991977827912,0.060732448931448836
97,176,80,0.2771886045639126,0.7045177444479562,0.4418711009167153,1.058754000111823,0.5123099807501457,0.0723595545800736
98,174,82,0.3262600915484702,0.7045177444479562,0.4446677200318196,1.0498922911405715,0.5132180196965415,0.02438058430300934
99,178,78,0.34357261332209066,0.7045177444479562,0.4456377867612937,1.0581553445895084,0.5152335310974613,0.014307277010925582
100,183,73,0.3375481603240746,0.7045177444479562,0.4457901496943319,1.0708261077972834,0.5172560359250581,0.015581486800234098
101,184,72,0.3286956670174568,0.7045177444479562,0.44606001344117824,1.071079918532542,0.5175099985328239,0.016067975800584073
102,201,55,0.32996021911092127,0.7045177444479562,0.4463322903954836,1.1443863620448875,0.52872378662312,0.01611747375372327
103,212,44,0.3686461995394132,0.7045177444479562,0.4466658881630457,1.2192041817173398,0.5402133377880376,0.010579293176097827
104,204,52,0.3344211434790721,0.7045177444479562,0.44571398139137897,1.15705607706558,0.5301295966729402,0.013552667468495452
105,164,92,0.35633254284771465,0.7045177444479562,0.4458236481851975,1.0083737421259862,0.5079149798670559,0.010151216291095047
106,179,77,0.3703035517233689,0.7045177444479562,0.4450713094954461,1.0401041196949643,0.5120726655506016,0.01057187091336832
107,151,105,0.35387036359963514,0.7045177444479562,0.4439207509803779,0.9829049622475418,0.5025723451214337,0.009899002492113493
108,148,108,0.43392329813495134,0.7045177444479562,0.44320615778727446,0.9765754413853773,0.5010512424376262,0.03597503108085984
109,165,91,0.5517129513285246,0.7045177444479562,0.4400703625495524,0.9973563729829431,0.5016597459870834,0.17922307705363066
110,163,93,0.6503508164504984,0.7045177444479562,0.43315635580506257,0.990484936100218,0.4950978250590828,0.3684350563131346
111,179,77,0.7747948572693986,0.7045177444479562,0.42466669981681227,1.032112269700967,0.49455020030859487,0.8124951199126382
112,165,91,0.711954631887519,0.7045177444479562,0.4127681072259559,1.0102224118389371,0.48174784755660527,0.536439952539443
113,127,129,0.657529008963353,0.7045177444479562,0.40279672106392106,0.984273821574657,0.4698784500873354,0.2903930859798465
114,122,134,0.6345944317822874,0.7045177444479562,0.39742724937641544,0.9997035816901413,0.46789733675465356,0.15461142496046335
115,156,100,0.5924759247298823,0.7045177444479562,0.39356921235230097,1.0292600528832225,0.46924437781432415,0.0323324990690634
116,115,141,0.6211495699040397,0.7045177444479562,0.39160561220245466,1.017893260899799,0.4659684788969336,0.08213333232156612
117,91,165,0.6480416140006444,0.7045177444479562,0.38883314047761347,1.056615507687107,0.4695588385351569,0.151717742258402
118,131,125,0.6433450068769153,0.7045177444479562,0.38526216576790695,1.0359704897455848,0.46360530607616335,0.11160028108332079
119,136,120,0.6663478368162404,0.7045177444479562,0.3821200916869434,1.048368280269027,0.46295131538990875,0.20319509469735728
120,126,130,0.6945760594080563,0.7045177444479562,0.3784955508401694,1.0653553667670457,0.46259974568719237,0.3573600754036663
121,117,139,0.7477762560052092,0.7045177444479562,0.374602327929943,1.0999806775550856,0.4646789639772173,0.6396569034769152
122,136,120,0.7195999618009583,0.7045177444479562,0.3676474364316686,1.1346188980292424,0.46431078384972124,0.4980496448102172
123,120,136,0.7287562916541656,0.7045177444479562,0.3599193652787351,1.1582916094649096,0.46167923364272456,0.565987292014905
124,177,79,0.6729801614434834,0.7045177444479562,0.3493235983125213,1.2403875453512483,0.4655170104527043,0.19398930087388444
125,163,93,0.6901996025277196,0.7045177444479562,0.3442636690364766,1.2164716068497399,0.4578816762566423,0.3460454874935061
126,123,133,0.6859390067352803,0.7045177444479562,0.3385306486004729,1.2046575165259126,0.4515231463592652,0.35638893774158537
127,156,100,0.6426730159592218,0.7045177444479562,0.33186775175385974,1.246063375127337,0.45240370767218835,0.0153620553310582
128,153,103,0.6505914830739291,0.7045177444479562,0.33002286117799245,1.238582149456273,0.44980561136083497,0.046051346888969516
